zip,city,state,ringba_offer_name,top_net_duration_payout,top_net_cpl_payout,last_updated
01702,Framingham,MA,Garage Door - Nationwide up to $80,,18.00,2026-09-22T14:01:12.672016+00:00
01718,Acton,MA,Garage Door - Nationwide up to $80,,18.00,2026-09-22T14:01:12.672016+00:00
01719,Boxborough,MA,Garage Door - Nationwide up to $80,,18.00,2026-09-22T14:01:12.672016+00:00
01720,Acton,MA,Garage Door - Nationwide up to $80,,18.00,2026-09-22T14:01:12.672016+00:00
01721,Ashland,MA,Garage Door - Nationwide up to $80,,18.00,2026-09-22T14:01:12.672016+00:00
01730,Bedford,MA,Garage Door - Nationwide up to $80,,18.00,2026-09-22T14:01:12.672016+00:00
01731,Hanscom Afb,MA,Garage Door - Nationwide up to $80,,18.00,2026-09-22T14:01:12.672016+00:00
01741,Carlisle,MA,Garage Door - Nationwide up to $80,,18.00,2026-09-22T14:01:12.672016+00:00
01742,Concord,MA,Garage Door - Nationwide up to $80,,18.00,2026-09-22T14:01:12.672016+00:00
01745,Fayville,MA,Garage Door - Nationwide up to $80,,18.00,2026-09-22T14:01:12.672016+00:00
01746,Holliston,MA,Garage Door - Nationwide up to $80,,18.00,2026-09-22T14:01:12.672016+00:00
01748,Hopkinton,MA,Garage Door - Nationwide up to $80,,18.00,2026-09-22T14:01:12.672016+00:00
01749,Hudson,MA,Garage Door - Nationwide up to $80,,18.00,2026-09-22T14:01:12.672016+00:00
01752,Marlborough,MA,Garage Door - Nationwide up to $80,,18.00,2026-09-22T14:01:12.672016+00:00
01754,Maynard,MA,Garage Door - Nationwide up to $80,,18.00,2026-09-22T14:01:12.672016+00:00
01760,Natick,MA,Garage Door - Nationwide up to $80,,18.00,2026-09-22T14:01:12.672016+00:00
01770,Sherborn,MA,Garage Door - Nationwide up to $80,,18.00,2026-09-22T14:01:12.672016+00:00
01772,Southborough,MA,Garage Door - Nationwide up to $80,,18.00,2026-09-22T14:01:12.672016+00:00
01773,Lincoln,MA,Garage Door - Nationwide up to $80,,18.00,2026-09-22T14:01:12.672016+00:00
01775,Stow,MA,Garage Door - Nationwide up to $80,,18.00,2026-09-22T14:01:12.672016+00:00
01776,Sudbury,MA,Garage Door - Nationwide up to $80,,18.00,2026-09-22T14:01:12.672016+00:00
01778,Wayland,MA,Garage Door - Nationwide up to $80,,18.00,2026-09-22T14:01:12.672016+00:00
01801,Woburn,MA,Garage Door - Nationwide up to $80,,18.00,2026-09-22T14:01:12.672016+00:00
01803,Burlington,MA,Garage Door - Nationwide up to $80,,18.00,2026-09-22T14:01:12.672016+00:00
01805,,,Garage Door - Nationwide up to $80,,18.00,2026-09-22T14:01:12.672016+00:00
01810,Andover,MA,Garage Door - Nationwide up to $80,,18.00,2026-09-22T14:01:12.672016+00:00
01821,Billerica,MA,Garage Door - Nationwide up to $80,,18.00,2026-09-22T14:01:12.672016+00:00
01833,Georgetown,MA,Garage Door - Nationwide up to $80,,18.00,2026-09-22T14:01:12.672016+00:00
01834,Groveland,MA,Garage Door - Nationwide up to $80,,18.00,2026-09-22T14:01:12.672016+00:00
01843,Lawrence,MA,Garage Door - Nationwide up to $80,,18.00,2026-09-22T14:01:12.672016+00:00
01845,North Andover,MA,Garage Door - Nationwide up to $80,,18.00,2026-09-22T14:01:12.672016+00:00
01864,North Reading,MA,Garage Door - Nationwide up to $80,,18.00,2026-09-22T14:01:12.672016+00:00
01867,Reading,MA,Garage Door - Nationwide up to $80,,18.00,2026-09-22T14:01:12.672016+00:00
01876,Tewksbury,MA,Garage Door - Nationwide up to $80,,18.00,2026-09-22T14:01:12.672016+00:00
01880,Wakefield,MA,Garage Door - Nationwide up to $80,,18.00,2026-09-22T14:01:12.672016+00:00
01887,Wilmington,MA,Garage Door - Nationwide up to $80,,18.00,2026-09-22T14:01:12.672016+00:00
01890,Winchester,MA,Garage Door - Nationwide up to $80,,18.00,2026-09-22T14:01:12.672016+00:00
01901,Lynn,MA,Garage Door - Nationwide up to $80,,18.00,2026-09-22T14:01:12.672016+00:00
01902,Lynn,MA,Garage Door - Nationwide up to $80,,18.00,2026-09-22T14:01:12.672016+00:00
01904,Lynn,MA,Garage Door - Nationwide up to $80,,18.00,2026-09-22T14:01:12.672016+00:00
01905,Lynn,MA,Garage Door - Nationwide up to $80,,18.00,2026-09-22T14:01:12.672016+00:00
01906,Saugus,MA,Garage Door - Nationwide up to $80,,18.00,2026-09-22T14:01:12.672016+00:00
01907,Swampscott,MA,Garage Door - Nationwide up to $80,,18.00,2026-09-22T14:01:12.672016+00:00
01908,Nahant,MA,Garage Door - Nationwide up to $80,,18.00,2026-09-22T14:01:12.672016+00:00
01915,Beverly,MA,Garage Door - Nationwide up to $80,,18.00,2026-09-22T14:01:12.672016+00:00
01921,Boxford,MA,Garage Door - Nationwide up to $80,,18.00,2026-09-22T14:01:12.672016+00:00
01923,Danvers,MA,Garage Door - Nationwide up to $80,,18.00,2026-09-22T14:01:12.672016+00:00
01937,Hathorne,MA,Garage Door - Nationwide up to $80,,18.00,2026-09-22T14:01:12.672016+00:00
01940,Lynnfield,MA,Garage Door - Nationwide up to $80,,18.00,2026-09-22T14:01:12.672016+00:00
01945,Marblehead,MA,Garage Door - Nationwide up to $80,,18.00,2026-09-22T14:01:12.672016+00:00
01949,Middleton,MA,Garage Door - Nationwide up to $80,,18.00,2026-09-22T14:01:12.672016+00:00
01960,Peabody,MA,Garage Door - Nationwide up to $80,,18.00,2026-09-22T14:01:12.672016+00:00
01965,Prides Crossing,MA,Garage Door - Nationwide up to $80,,18.00,2026-09-22T14:01:12.672016+00:00
01970,Salem,MA,Garage Door - Nationwide up to $80,,18.00,2026-09-22T14:01:12.672016+00:00
01982,South Hamilton,MA,Garage Door - Nationwide up to $80,,18.00,2026-09-22T14:01:12.672016+00:00
01983,Topsfield,MA,Garage Door - Nationwide up to $80,,18.00,2026-09-22T14:01:12.672016+00:00
01984,Wenham,MA,Garage Door - Nationwide up to $80,,18.00,2026-09-22T14:01:12.672016+00:00
02021,Canton,MA,Garage Door - Nationwide up to $80,,18.00,2026-09-22T14:01:12.672016+00:00
02026,Dedham,MA,Garage Door - Nationwide up to $80,,18.00,2026-09-22T14:01:12.672016+00:00
02030,Dover,MA,Garage Door - Nationwide up to $80,,18.00,2026-09-22T14:01:12.672016+00:00
02032,East Walpole,MA,Garage Door - Nationwide up to $80,,18.00,2026-09-22T14:01:12.672016+00:00
02052,Medfield,MA,Garage Door - Nationwide up to $80,,18.00,2026-09-22T14:01:12.672016+00:00
02054,Millis,MA,Garage Door - Nationwide up to $80,,18.00,2026-09-22T14:01:12.672016+00:00
02056,Norfolk,MA,Garage Door - Nationwide up to $80,,18.00,2026-09-22T14:01:12.672016+00:00
02062,Norwood,MA,Garage Door - Nationwide up to $80,,18.00,2026-09-22T14:01:12.672016+00:00
02067,Sharon,MA,Garage Door - Nationwide up to $80,,18.00,2026-09-22T14:01:12.672016+00:00
02072,Stoughton,MA,Garage Door - Nationwide up to $80,,18.00,2026-09-22T14:01:12.672016+00:00
02081,Walpole,MA,Garage Door - Nationwide up to $80,,18.00,2026-09-22T14:01:12.672016+00:00
02090,Westwood,MA,Garage Door - Nationwide up to $80,,18.00,2026-09-22T14:01:12.672016+00:00
02108,Boston,MA,Garage Door - Nationwide up to $80,,18.00,2026-09-22T14:01:12.672016+00:00
02109,Boston,MA,Garage Door - Nationwide up to $80,,18.00,2026-09-22T14:01:12.672016+00:00
02110,Boston,MA,Garage Door - Nationwide up to $80,,18.00,2026-09-22T14:01:12.672016+00:00
02111,Boston,MA,Garage Door - Nationwide up to $80,,18.00,2026-09-22T14:01:12.672016+00:00
02113,Boston,MA,Garage Door - Nationwide up to $80,,18.00,2026-09-22T14:01:12.672016+00:00
02114,Boston,MA,Garage Door - Nationwide up to $80,,18.00,2026-09-22T14:01:12.672016+00:00
02115,Boston,MA,Garage Door - Nationwide up to $80,,18.00,2026-09-22T14:01:12.672016+00:00
02116,Boston,MA,Garage Door - Nationwide up to $80,,18.00,2026-09-22T14:01:12.672016+00:00
02118,Boston,MA,Garage Door - Nationwide up to $80,,18.00,2026-09-22T14:01:12.672016+00:00
02119,Roxbury,MA,Garage Door - Nationwide up to $80,,18.00,2026-09-22T14:01:12.672016+00:00
02120,Roxbury Crossing,MA,Garage Door - Nationwide up to $80,,18.00,2026-09-22T14:01:12.672016+00:00
02121,Dorchester,MA,Garage Door - Nationwide up to $80,,18.00,2026-09-22T14:01:12.672016+00:00
02122,Dorchester,MA,Garage Door - Nationwide up to $80,,18.00,2026-09-22T14:01:12.672016+00:00
02124,Dorchester Center,MA,Garage Door - Nationwide up to $80,,18.00,2026-09-22T14:01:12.672016+00:00
02125,Dorchester,MA,Garage Door - Nationwide up to $80,,18.00,2026-09-22T14:01:12.672016+00:00
02126,Mattapan,MA,Garage Door - Nationwide up to $80,,18.00,2026-09-22T14:01:12.672016+00:00
02127,South Boston,MA,Garage Door - Nationwide up to $80,,18.00,2026-09-22T14:01:12.672016+00:00
02128,East Boston,MA,Garage Door - Nationwide up to $80,,18.00,2026-09-22T14:01:12.672016+00:00
02129,Charlestown,MA,Garage Door - Nationwide up to $80,,18.00,2026-09-22T14:01:12.672016+00:00
02130,Jamaica Plain,MA,Garage Door - Nationwide up to $80,,18.00,2026-09-22T14:01:12.672016+00:00
02131,Roslindale,MA,Garage Door - Nationwide up to $80,,18.00,2026-09-22T14:01:12.672016+00:00
02132,West Roxbury,MA,Garage Door - Nationwide up to $80,,18.00,2026-09-22T14:01:12.672016+00:00
02133,Boston,MA,Garage Door - Nationwide up to $80,,18.00,2026-09-22T14:01:12.672016+00:00
02134,Allston,MA,Garage Door - Nationwide up to $80,,18.00,2026-09-22T14:01:12.672016+00:00
02135,Brighton,MA,Garage Door - Nationwide up to $80,,18.00,2026-09-22T14:01:12.672016+00:00
02136,Hyde Park,MA,Garage Door - Nationwide up to $80,,18.00,2026-09-22T14:01:12.672016+00:00
02138,Cambridge,MA,Garage Door - Nationwide up to $80,,18.00,2026-09-22T14:01:12.672016+00:00
02139,Cambridge,MA,Garage Door - Nationwide up to $80,,18.00,2026-09-22T14:01:12.672016+00:00
02140,Cambridge,MA,Garage Door - Nationwide up to $80,,18.00,2026-09-22T14:01:12.672016+00:00
02141,Cambridge,MA,Garage Door - Nationwide up to $80,,18.00,2026-09-22T14:01:12.672016+00:00
02142,Cambridge,MA,Garage Door - Nationwide up to $80,,18.00,2026-09-22T14:01:12.672016+00:00
02143,Somerville,MA,Garage Door - Nationwide up to $80,,18.00,2026-09-22T14:01:12.672016+00:00
02144,Somerville,MA,Garage Door - Nationwide up to $80,,18.00,2026-09-22T14:01:12.672016+00:00
02145,Somerville,MA,Garage Door - Nationwide up to $80,,18.00,2026-09-22T14:01:12.672016+00:00
02148,Malden,MA,Garage Door - Nationwide up to $80,,18.00,2026-09-22T14:01:12.672016+00:00
02149,Everett,MA,Garage Door - Nationwide up to $80,,18.00,2026-09-22T14:01:12.672016+00:00
02150,Chelsea,MA,Garage Door - Nationwide up to $80,,18.00,2026-09-22T14:01:12.672016+00:00
02151,Revere,MA,Garage Door - Nationwide up to $80,,18.00,2026-09-22T14:01:12.672016+00:00
02152,Winthrop,MA,Garage Door - Nationwide up to $80,,18.00,2026-09-22T14:01:12.672016+00:00
02153,,,Garage Door - Nationwide up to $80,,18.00,2026-09-22T14:01:12.672016+00:00
02155,Medford,MA,Garage Door - Nationwide up to $80,,18.00,2026-09-22T14:01:12.672016+00:00
02163,Boston,MA,Garage Door - Nationwide up to $80,,18.00,2026-09-22T14:01:12.672016+00:00
02169,Quincy,MA,Garage Door - Nationwide up to $80,,18.00,2026-09-22T14:01:12.672016+00:00
02170,Quincy,MA,Garage Door - Nationwide up to $80,,18.00,2026-09-22T14:01:12.672016+00:00
02171,Quincy,MA,Garage Door - Nationwide up to $80,,18.00,2026-09-22T14:01:12.672016+00:00
02176,Melrose,MA,Garage Door - Nationwide up to $80,,18.00,2026-09-22T14:01:12.672016+00:00
02180,Stoneham,MA,Garage Door - Nationwide up to $80,,18.00,2026-09-22T14:01:12.672016+00:00
02184,Braintree,MA,Garage Door - Nationwide up to $80,,18.00,2026-09-22T14:01:12.672016+00:00
02186,Milton,MA,Garage Door - Nationwide up to $80,,18.00,2026-09-22T14:01:12.672016+00:00
02199,Boston,MA,Garage Door - Nationwide up to $80,,18.00,2026-09-22T14:01:12.672016+00:00
02203,Boston,MA,Garage Door - Nationwide up to $80,,18.00,2026-09-22T14:01:12.672016+00:00
02210,Boston,MA,Garage Door - Nationwide up to $80,,18.00,2026-09-22T14:01:12.672016+00:00
02215,Boston,MA,Garage Door - Nationwide up to $80,,18.00,2026-09-22T14:01:12.672016+00:00
02217,,,Garage Door - Nationwide up to $80,,18.00,2026-09-22T14:01:12.672016+00:00
02222,,,Garage Door - Nationwide up to $80,,18.00,2026-09-22T14:01:12.672016+00:00
02420,Lexington,MA,Garage Door - Nationwide up to $80,,18.00,2026-09-22T14:01:12.672016+00:00
02421,Lexington,MA,Garage Door - Nationwide up to $80,,18.00,2026-09-22T14:01:12.672016+00:00
02445,Brookline,MA,Garage Door - Nationwide up to $80,,18.00,2026-09-22T14:01:12.672016+00:00
02446,Brookline,MA,Garage Door - Nationwide up to $80,,18.00,2026-09-22T14:01:12.672016+00:00
02451,Waltham,MA,Garage Door - Nationwide up to $80,,18.00,2026-09-22T14:01:12.672016+00:00
02452,Waltham,MA,Garage Door - Nationwide up to $80,,18.00,2026-09-22T14:01:12.672016+00:00
02453,Waltham,MA,Garage Door - Nationwide up to $80,,18.00,2026-09-22T14:01:12.672016+00:00
02457,Babson Park,MA,Garage Door - Nationwide up to $80,,18.00,2026-09-22T14:01:12.672016+00:00
02458,Newton,MA,Garage Door - Nationwide up to $80,,18.00,2026-09-22T14:01:12.672016+00:00
02459,Newton Center,MA,Garage Door - Nationwide up to $80,,18.00,2026-09-22T14:01:12.672016+00:00
02460,Newtonville,MA,Garage Door - Nationwide up to $80,,18.00,2026-09-22T14:01:12.672016+00:00
02461,Newton Highlands,MA,Garage Door - Nationwide up to $80,,18.00,2026-09-22T14:01:12.672016+00:00
02462,Newton Lower Falls,MA,Garage Door - Nationwide up to $80,,18.00,2026-09-22T14:01:12.672016+00:00
02464,Newton Upper Falls,MA,Garage Door - Nationwide up to $80,,18.00,2026-09-22T14:01:12.672016+00:00
02465,West Newton,MA,Garage Door - Nationwide up to $80,,18.00,2026-09-22T14:01:12.672016+00:00
02466,Auburndale,MA,Garage Door - Nationwide up to $80,,18.00,2026-09-22T14:01:12.672016+00:00
02467,Chestnut Hill,MA,Garage Door - Nationwide up to $80,,18.00,2026-09-22T14:01:12.672016+00:00
02468,Waban,MA,Garage Door - Nationwide up to $80,,18.00,2026-09-22T14:01:12.672016+00:00
02472,Watertown,MA,Garage Door - Nationwide up to $80,,18.00,2026-09-22T14:01:12.672016+00:00
02474,Arlington,MA,Garage Door - Nationwide up to $80,,18.00,2026-09-22T14:01:12.672016+00:00
02476,Arlington,MA,Garage Door - Nationwide up to $80,,18.00,2026-09-22T14:01:12.672016+00:00
02478,Belmont,MA,Garage Door - Nationwide up to $80,,18.00,2026-09-22T14:01:12.672016+00:00
02481,Wellesley Hills,MA,Garage Door - Nationwide up to $80,,18.00,2026-09-22T14:01:12.672016+00:00
02482,Wellesley,MA,Garage Door - Nationwide up to $80,,18.00,2026-09-22T14:01:12.672016+00:00
02492,Needham,MA,Garage Door - Nationwide up to $80,,18.00,2026-09-22T14:01:12.672016+00:00
02493,Weston,MA,Garage Door - Nationwide up to $80,,18.00,2026-09-22T14:01:12.672016+00:00
02494,Needham Heights,MA,Garage Door - Nationwide up to $80,,18.00,2026-09-22T14:01:12.672016+00:00
08002,Cherry Hill,NJ,Garage Door - Nationwide up to $80,,38.50,2026-09-22T14:01:12.672016+00:00
08003,Cherry Hill,NJ,Garage Door - Nationwide up to $80,,38.50,2026-09-22T14:01:12.672016+00:00
08007,Barrington,NJ,Garage Door - Nationwide up to $80,,38.50,2026-09-22T14:01:12.672016+00:00
08009,Berlin,NJ,Garage Door - Nationwide up to $80,,38.50,2026-09-22T14:01:12.672016+00:00
08010,Beverly,NJ,Garage Door - Nationwide up to $80,,38.50,2026-09-22T14:01:12.672016+00:00
08012,Blackwood,NJ,Garage Door - Nationwide up to $80,,38.50,2026-09-22T14:01:12.672016+00:00
08016,Burlington,NJ,Garage Door - Nationwide up to $80,,38.50,2026-09-22T14:01:12.672016+00:00
08020,Clarksboro,NJ,Garage Door - Nationwide up to $80,,38.50,2026-09-22T14:01:12.672016+00:00
08021,Clementon,NJ,Garage Door - Nationwide up to $80,,38.50,2026-09-22T14:01:12.672016+00:00
08022,Columbus,NJ,Garage Door - Nationwide up to $80,,38.50,2026-09-22T14:01:12.672016+00:00
08026,Gibbsboro,NJ,Garage Door - Nationwide up to $80,,38.50,2026-09-22T14:01:12.672016+00:00
08027,Gibbstown,NJ,Garage Door - Nationwide up to $80,,38.50,2026-09-22T14:01:12.672016+00:00
08028,Glassboro,NJ,Garage Door - Nationwide up to $80,,38.50,2026-09-22T14:01:12.672016+00:00
08029,Glendora,NJ,Garage Door - Nationwide up to $80,,38.50,2026-09-22T14:01:12.672016+00:00
08030,Gloucester City,NJ,Garage Door - Nationwide up to $80,,38.50,2026-09-22T14:01:12.672016+00:00
08031,Bellmawr,NJ,Garage Door - Nationwide up to $80,,38.50,2026-09-22T14:01:12.672016+00:00
08033,Haddonfield,NJ,Garage Door - Nationwide up to $80,,38.50,2026-09-22T14:01:12.672016+00:00
08034,Cherry Hill,NJ,Garage Door - Nationwide up to $80,,38.50,2026-09-22T14:01:12.672016+00:00
08035,Haddon Heights,NJ,Garage Door - Nationwide up to $80,,38.50,2026-09-22T14:01:12.672016+00:00
08036,Hainesport,NJ,Garage Door - Nationwide up to $80,,38.50,2026-09-22T14:01:12.672016+00:00
08041,Jobstown,NJ,Garage Door - Nationwide up to $80,,38.50,2026-09-22T14:01:12.672016+00:00
08042,Juliustown,NJ,Garage Door - Nationwide up to $80,,38.50,2026-09-22T14:01:12.672016+00:00
08043,Voorhees,NJ,Garage Door - Nationwide up to $80,,38.50,2026-09-22T14:01:12.672016+00:00
08045,Lawnside,NJ,Garage Door - Nationwide up to $80,,38.50,2026-09-22T14:01:12.672016+00:00
08046,Willingboro,NJ,Garage Door - Nationwide up to $80,,38.50,2026-09-22T14:01:12.672016+00:00
08048,Lumberton,NJ,Garage Door - Nationwide up to $80,,38.50,2026-09-22T14:01:12.672016+00:00
08049,Magnolia,NJ,Garage Door - Nationwide up to $80,,38.50,2026-09-22T14:01:12.672016+00:00
08051,Mantua,NJ,Garage Door - Nationwide up to $80,,38.50,2026-09-22T14:01:12.672016+00:00
08052,Maple Shade,NJ,Garage Door - Nationwide up to $80,,38.50,2026-09-22T14:01:12.672016+00:00
08053,Marlton,NJ,Garage Door - Nationwide up to $80,,38.50,2026-09-22T14:01:12.672016+00:00
08054,Mount Laurel,NJ,Garage Door - Nationwide up to $80,,38.50,2026-09-22T14:01:12.672016+00:00
08055,Medford,NJ,Garage Door - Nationwide up to $80,,38.50,2026-09-22T14:01:12.672016+00:00
08056,Mickleton,NJ,Garage Door - Nationwide up to $80,,38.50,2026-09-22T14:01:12.672016+00:00
08057,Moorestown,NJ,Garage Door - Nationwide up to $80,,38.50,2026-09-22T14:01:12.672016+00:00
08059,Mount Ephraim,NJ,Garage Door - Nationwide up to $80,,38.50,2026-09-22T14:01:12.672016+00:00
08060,Mount Holly,NJ,Garage Door - Nationwide up to $80,,38.50,2026-09-22T14:01:12.672016+00:00
08061,Mount Royal,NJ,Garage Door - Nationwide up to $80,,38.50,2026-09-22T14:01:12.672016+00:00
08062,Mullica Hill,NJ,Garage Door - Nationwide up to $80,,38.50,2026-09-22T14:01:12.672016+00:00
08063,National Park,NJ,Garage Door - Nationwide up to $80,,38.50,2026-09-22T14:01:12.672016+00:00
08065,Palmyra,NJ,Garage Door - Nationwide up to $80,,38.50,2026-09-22T14:01:12.672016+00:00
08066,Paulsboro,NJ,Garage Door - Nationwide up to $80,,38.50,2026-09-22T14:01:12.672016+00:00
08071,Pitman,NJ,Garage Door - Nationwide up to $80,,38.50,2026-09-22T14:01:12.672016+00:00
08073,Rancocas,NJ,Garage Door - Nationwide up to $80,,38.50,2026-09-22T14:01:12.672016+00:00
08074,Richwood,NJ,Garage Door - Nationwide up to $80,,38.50,2026-09-22T14:01:12.672016+00:00
08075,Riverside,NJ,Garage Door - Nationwide up to $80,,38.50,2026-09-22T14:01:12.672016+00:00
08077,Riverton,NJ,Garage Door - Nationwide up to $80,,38.50,2026-09-22T14:01:12.672016+00:00
08078,Runnemede,NJ,Garage Door - Nationwide up to $80,,38.50,2026-09-22T14:01:12.672016+00:00
08080,Sewell,NJ,Garage Door - Nationwide up to $80,,38.50,2026-09-22T14:01:12.672016+00:00
08081,Sicklerville,NJ,Garage Door - Nationwide up to $80,,38.50,2026-09-22T14:01:12.672016+00:00
08083,Somerdale,NJ,Garage Door - Nationwide up to $80,,38.50,2026-09-22T14:01:12.672016+00:00
08084,Stratford,NJ,Garage Door - Nationwide up to $80,,38.50,2026-09-22T14:01:12.672016+00:00
08085,Swedesboro,NJ,Garage Door - Nationwide up to $80,,38.50,2026-09-22T14:01:12.672016+00:00
08086,Thorofare,NJ,Garage Door - Nationwide up to $80,,38.50,2026-09-22T14:01:12.672016+00:00
08088,Vincentown,NJ,Garage Door - Nationwide up to $80,,38.50,2026-09-22T14:01:12.672016+00:00
08090,Wenonah,NJ,Garage Door - Nationwide up to $80,,38.50,2026-09-22T14:01:12.672016+00:00
08091,West Berlin,NJ,Garage Door - Nationwide up to $80,,38.50,2026-09-22T14:01:12.672016+00:00
08093,Westville,NJ,Garage Door - Nationwide up to $80,,38.50,2026-09-22T14:01:12.672016+00:00
08096,Woodbury,NJ,Garage Door - Nationwide up to $80,,38.50,2026-09-22T14:01:12.672016+00:00
08097,Woodbury Heights,NJ,Garage Door - Nationwide up to $80,,38.50,2026-09-22T14:01:12.672016+00:00
08102,Camden,NJ,Garage Door - Nationwide up to $80,,38.50,2026-09-22T14:01:12.672016+00:00
08103,Camden,NJ,Garage Door - Nationwide up to $80,,38.50,2026-09-22T14:01:12.672016+00:00
08104,Camden,NJ,Garage Door - Nationwide up to $80,,38.50,2026-09-22T14:01:12.672016+00:00
08105,Camden,NJ,Garage Door - Nationwide up to $80,,38.50,2026-09-22T14:01:12.672016+00:00
08106,Audubon,NJ,Garage Door - Nationwide up to $80,,38.50,2026-09-22T14:01:12.672016+00:00
08107,Oaklyn,NJ,Garage Door - Nationwide up to $80,,38.50,2026-09-22T14:01:12.672016+00:00
08108,Collingswood,NJ,Garage Door - Nationwide up to $80,,38.50,2026-09-22T14:01:12.672016+00:00
08109,Merchantville,NJ,Garage Door - Nationwide up to $80,,38.50,2026-09-22T14:01:12.672016+00:00
08110,Pennsauken,NJ,Garage Door - Nationwide up to $80,,38.50,2026-09-22T14:01:12.672016+00:00
08501,Allentown,NJ,Garage Door - Nationwide up to $80,,38.50,2026-09-22T14:01:12.672016+00:00
08505,Bordentown,NJ,Garage Door - Nationwide up to $80,,38.50,2026-09-22T14:01:12.672016+00:00
08515,Chesterfield,NJ,Garage Door - Nationwide up to $80,,38.50,2026-09-22T14:01:12.672016+00:00
08518,Florence,NJ,Garage Door - Nationwide up to $80,,38.50,2026-09-22T14:01:12.672016+00:00
08520,Hightstown,NJ,Garage Door - Nationwide up to $80,,38.50,2026-09-22T14:01:12.672016+00:00
08525,Hopewell,NJ,Garage Door - Nationwide up to $80,,38.50,2026-09-22T14:01:12.672016+00:00
08534,Pennington,NJ,Garage Door - Nationwide up to $80,,38.50,2026-09-22T14:01:12.672016+00:00
08540,Princeton,NJ,Garage Door - Nationwide up to $80,,38.50,2026-09-22T14:01:12.672016+00:00
08542,Princeton,NJ,Garage Door - Nationwide up to $80,,38.50,2026-09-22T14:01:12.672016+00:00
08544,Princeton,NJ,Garage Door - Nationwide up to $80,,38.50,2026-09-22T14:01:12.672016+00:00
08550,Princeton Junction,NJ,Garage Door - Nationwide up to $80,,38.50,2026-09-22T14:01:12.672016+00:00
08554,Roebling,NJ,Garage Door - Nationwide up to $80,,38.50,2026-09-22T14:01:12.672016+00:00
08561,Windsor,NJ,Garage Door - Nationwide up to $80,,38.50,2026-09-22T14:01:12.672016+00:00
08610,Trenton,NJ,Garage Door - Nationwide up to $80,,38.50,2026-09-22T14:01:12.672016+00:00
08619,Trenton,NJ,Garage Door - Nationwide up to $80,,38.50,2026-09-22T14:01:12.672016+00:00
08620,Trenton,NJ,Garage Door - Nationwide up to $80,,38.50,2026-09-22T14:01:12.672016+00:00
08648,Lawrence Township,NJ,Garage Door - Nationwide up to $80,,38.50,2026-09-22T14:01:12.672016+00:00
08690,Trenton,NJ,Garage Door - Nationwide up to $80,,38.50,2026-09-22T14:01:12.672016+00:00
08691,Robbinsville,NJ,Garage Door - Nationwide up to $80,,38.50,2026-09-22T14:01:12.672016+00:00
12007,Alcove,NY,Garage Door - Nationwide up to $80,,36.50,2026-09-22T14:01:12.672016+00:00
12008,Alplaus,NY,Garage Door - Nationwide up to $80,,36.50,2026-09-22T14:01:12.672016+00:00
12009,Altamont,NY,Garage Door - Nationwide up to $80,,36.50,2026-09-22T14:01:12.672016+00:00
12010,Amsterdam,NY,Garage Door - Nationwide up to $80,,36.50,2026-09-22T14:01:12.672016+00:00
12015,Athens,NY,Garage Door - Nationwide up to $80,,36.50,2026-09-22T14:01:12.672016+00:00
12017,Austerlitz,NY,Garage Door - Nationwide up to $80,,36.50,2026-09-22T14:01:12.672016+00:00
12018,Averill Park,NY,Garage Door - Nationwide up to $80,,36.50,2026-09-22T14:01:12.672016+00:00
12019,Ballston Lake,NY,Garage Door - Nationwide up to $80,,36.50,2026-09-22T14:01:12.672016+00:00
12020,Ballston Spa,NY,Garage Door - Nationwide up to $80,,36.50,2026-09-22T14:01:12.672016+00:00
12022,Berlin,NY,Garage Door - Nationwide up to $80,,36.50,2026-09-22T14:01:12.672016+00:00
12023,Berne,NY,Garage Door - Nationwide up to $80,,36.50,2026-09-22T14:01:12.672016+00:00
12024,Brainard,NY,Garage Door - Nationwide up to $80,,36.50,2026-09-22T14:01:12.672016+00:00
12025,Broadalbin,NY,Garage Door - Nationwide up to $80,,36.50,2026-09-22T14:01:12.672016+00:00
12027,Burnt Hills,NY,Garage Door - Nationwide up to $80,,36.50,2026-09-22T14:01:12.672016+00:00
12028,Buskirk,NY,Garage Door - Nationwide up to $80,,36.50,2026-09-22T14:01:12.672016+00:00
12029,Canaan,NY,Garage Door - Nationwide up to $80,,36.50,2026-09-22T14:01:12.672016+00:00
12031,Carlisle,NY,Garage Door - Nationwide up to $80,,36.50,2026-09-22T14:01:12.672016+00:00
12032,Caroga Lake,NY,Garage Door - Nationwide up to $80,,36.50,2026-09-22T14:01:12.672016+00:00
12033,Castleton On Hudson,NY,Garage Door - Nationwide up to $80,,36.50,2026-09-22T14:01:12.672016+00:00
12035,Central Bridge,NY,Garage Door - Nationwide up to $80,,36.50,2026-09-22T14:01:12.672016+00:00
12036,Charlotteville,NY,Garage Door - Nationwide up to $80,,36.50,2026-09-22T14:01:12.672016+00:00
12037,Chatham,NY,Garage Door - Nationwide up to $80,,36.50,2026-09-22T14:01:12.672016+00:00
12040,Cherry Plain,NY,Garage Door - Nationwide up to $80,,36.50,2026-09-22T14:01:12.672016+00:00
12041,Clarksville,NY,Garage Door - Nationwide up to $80,,36.50,2026-09-22T14:01:12.672016+00:00
12042,Climax,NY,Garage Door - Nationwide up to $80,,36.50,2026-09-22T14:01:12.672016+00:00
12043,Cobleskill,NY,Garage Door - Nationwide up to $80,,36.50,2026-09-22T14:01:12.672016+00:00
12045,Coeymans,NY,Garage Door - Nationwide up to $80,,36.50,2026-09-22T14:01:12.672016+00:00
12046,Coeymans Hollow,NY,Garage Door - Nationwide up to $80,,36.50,2026-09-22T14:01:12.672016+00:00
12047,Cohoes,NY,Garage Door - Nationwide up to $80,,36.50,2026-09-22T14:01:12.672016+00:00
12051,Coxsackie,NY,Garage Door - Nationwide up to $80,,36.50,2026-09-22T14:01:12.672016+00:00
12052,Cropseyville,NY,Garage Door - Nationwide up to $80,,36.50,2026-09-22T14:01:12.672016+00:00
12053,Delanson,NY,Garage Door - Nationwide up to $80,,36.50,2026-09-22T14:01:12.672016+00:00
12054,Delmar,NY,Garage Door - Nationwide up to $80,,36.50,2026-09-22T14:01:12.672016+00:00
12056,Duanesburg,NY,Garage Door - Nationwide up to $80,,36.50,2026-09-22T14:01:12.672016+00:00
12057,Eagle Bridge,NY,Garage Door - Nationwide up to $80,,36.50,2026-09-22T14:01:12.672016+00:00
12058,Earlton,NY,Garage Door - Nationwide up to $80,,36.50,2026-09-22T14:01:12.672016+00:00
12059,East Berne,NY,Garage Door - Nationwide up to $80,,36.50,2026-09-22T14:01:12.672016+00:00
12060,East Chatham,NY,Garage Door - Nationwide up to $80,,36.50,2026-09-22T14:01:12.672016+00:00
12061,East Greenbush,NY,Garage Door - Nationwide up to $80,,36.50,2026-09-22T14:01:12.672016+00:00
12062,East Nassau,NY,Garage Door - Nationwide up to $80,,36.50,2026-09-22T14:01:12.672016+00:00
12063,East Schodack,NY,Garage Door - Nationwide up to $80,,36.50,2026-09-22T14:01:12.672016+00:00
12064,East Worcester,NY,Garage Door - Nationwide up to $80,,36.50,2026-09-22T14:01:12.672016+00:00
12065,Clifton Park,NY,Garage Door - Nationwide up to $80,,36.50,2026-09-22T14:01:12.672016+00:00
12066,Esperance,NY,Garage Door - Nationwide up to $80,,36.50,2026-09-22T14:01:12.672016+00:00
12067,Feura Bush,NY,Garage Door - Nationwide up to $80,,36.50,2026-09-22T14:01:12.672016+00:00
12068,Fonda,NY,Garage Door - Nationwide up to $80,,36.50,2026-09-22T14:01:12.672016+00:00
12070,Fort Johnson,NY,Garage Door - Nationwide up to $80,,36.50,2026-09-22T14:01:12.672016+00:00
12071,Fultonham,NY,Garage Door - Nationwide up to $80,,36.50,2026-09-22T14:01:12.672016+00:00
12072,Fultonville,NY,Garage Door - Nationwide up to $80,,36.50,2026-09-22T14:01:12.672016+00:00
12074,Galway,NY,Garage Door - Nationwide up to $80,,36.50,2026-09-22T14:01:12.672016+00:00
12075,Ghent,NY,Garage Door - Nationwide up to $80,,36.50,2026-09-22T14:01:12.672016+00:00
12076,Gilboa,NY,Garage Door - Nationwide up to $80,,36.50,2026-09-22T14:01:12.672016+00:00
12077,Glenmont,NY,Garage Door - Nationwide up to $80,,36.50,2026-09-22T14:01:12.672016+00:00
12078,Gloversville,NY,Garage Door - Nationwide up to $80,,36.50,2026-09-22T14:01:12.672016+00:00
12083,Greenville,NY,Garage Door - Nationwide up to $80,,36.50,2026-09-22T14:01:12.672016+00:00
12084,Guilderland,NY,Garage Door - Nationwide up to $80,,36.50,2026-09-22T14:01:12.672016+00:00
12086,Hagaman,NY,Garage Door - Nationwide up to $80,,36.50,2026-09-22T14:01:12.672016+00:00
12087,Hannacroix,NY,Garage Door - Nationwide up to $80,,36.50,2026-09-22T14:01:12.672016+00:00
12089,,,Garage Door - Nationwide up to $80,,36.50,2026-09-22T14:01:12.672016+00:00
12090,Hoosick Falls,NY,Garage Door - Nationwide up to $80,,36.50,2026-09-22T14:01:12.672016+00:00
12092,Howes Cave,NY,Garage Door - Nationwide up to $80,,36.50,2026-09-22T14:01:12.672016+00:00
12093,Jefferson,NY,Garage Door - Nationwide up to $80,,36.50,2026-09-22T14:01:12.672016+00:00
12094,Johnsonville,NY,Garage Door - Nationwide up to $80,,36.50,2026-09-22T14:01:12.672016+00:00
12095,Johnstown,NY,Garage Door - Nationwide up to $80,,36.50,2026-09-22T14:01:12.672016+00:00
12106,Kinderhook,NY,Garage Door - Nationwide up to $80,,36.50,2026-09-22T14:01:12.672016+00:00
12110,Latham,NY,Garage Door - Nationwide up to $80,,36.50,2026-09-22T14:01:12.672016+00:00
12115,Malden Bridge,NY,Garage Door - Nationwide up to $80,,36.50,2026-09-22T14:01:12.672016+00:00
12116,Maryland,NY,Garage Door - Nationwide up to $80,,36.50,2026-09-22T14:01:12.672016+00:00
12117,Mayfield,NY,Garage Door - Nationwide up to $80,,36.50,2026-09-22T14:01:12.672016+00:00
12118,Mechanicville,NY,Garage Door - Nationwide up to $80,,36.50,2026-09-22T14:01:12.672016+00:00
12120,Medusa,NY,Garage Door - Nationwide up to $80,,36.50,2026-09-22T14:01:12.672016+00:00
12121,Melrose,NY,Garage Door - Nationwide up to $80,,36.50,2026-09-22T14:01:12.672016+00:00
12122,Middleburgh,NY,Garage Door - Nationwide up to $80,,36.50,2026-09-22T14:01:12.672016+00:00
12123,Nassau,NY,Garage Door - Nationwide up to $80,,36.50,2026-09-22T14:01:12.672016+00:00
12124,New Baltimore,NY,Garage Door - Nationwide up to $80,,36.50,2026-09-22T14:01:12.672016+00:00
12125,New Lebanon,NY,Garage Door - Nationwide up to $80,,36.50,2026-09-22T14:01:12.672016+00:00
12130,Niverville,NY,Garage Door - Nationwide up to $80,,36.50,2026-09-22T14:01:12.672016+00:00
12131,North Blenheim,NY,Garage Door - Nationwide up to $80,,36.50,2026-09-22T14:01:12.672016+00:00
12132,North Chatham,NY,Garage Door - Nationwide up to $80,,36.50,2026-09-22T14:01:12.672016+00:00
12134,Northville,NY,Garage Door - Nationwide up to $80,,36.50,2026-09-22T14:01:12.672016+00:00
12136,Old Chatham,NY,Garage Door - Nationwide up to $80,,36.50,2026-09-22T14:01:12.672016+00:00
12137,Pattersonville,NY,Garage Door - Nationwide up to $80,,36.50,2026-09-22T14:01:12.672016+00:00
12138,Petersburg,NY,Garage Door - Nationwide up to $80,,36.50,2026-09-22T14:01:12.672016+00:00
12140,Poestenkill,NY,Garage Door - Nationwide up to $80,,36.50,2026-09-22T14:01:12.672016+00:00
12143,Ravena,NY,Garage Door - Nationwide up to $80,,36.50,2026-09-22T14:01:12.672016+00:00
12144,Rensselaer,NY,Garage Door - Nationwide up to $80,,36.50,2026-09-22T14:01:12.672016+00:00
12147,Rensselaerville,NY,Garage Door - Nationwide up to $80,,36.50,2026-09-22T14:01:12.672016+00:00
12148,Rexford,NY,Garage Door - Nationwide up to $80,,36.50,2026-09-22T14:01:12.672016+00:00
12149,Richmondville,NY,Garage Door - Nationwide up to $80,,36.50,2026-09-22T14:01:12.672016+00:00
12150,Rotterdam Junction,NY,Garage Door - Nationwide up to $80,,36.50,2026-09-22T14:01:12.672016+00:00
12151,Round Lake,NY,Garage Door - Nationwide up to $80,,36.50,2026-09-22T14:01:12.672016+00:00
12153,Sand Lake,NY,Garage Door - Nationwide up to $80,,36.50,2026-09-22T14:01:12.672016+00:00
12154,Schaghticoke,NY,Garage Door - Nationwide up to $80,,36.50,2026-09-22T14:01:12.672016+00:00
12155,Schenevus,NY,Garage Door - Nationwide up to $80,,36.50,2026-09-22T14:01:12.672016+00:00
12156,Schodack Landing,NY,Garage Door - Nationwide up to $80,,36.50,2026-09-22T14:01:12.672016+00:00
12157,Schoharie,NY,Garage Door - Nationwide up to $80,,36.50,2026-09-22T14:01:12.672016+00:00
12158,Selkirk,NY,Garage Door - Nationwide up to $80,,36.50,2026-09-22T14:01:12.672016+00:00
12159,Slingerlands,NY,Garage Door - Nationwide up to $80,,36.50,2026-09-22T14:01:12.672016+00:00
12160,Sloansville,NY,Garage Door - Nationwide up to $80,,36.50,2026-09-22T14:01:12.672016+00:00
12165,Spencertown,NY,Garage Door - Nationwide up to $80,,36.50,2026-09-22T14:01:12.672016+00:00
12166,Sprakers,NY,Garage Door - Nationwide up to $80,,36.50,2026-09-22T14:01:12.672016+00:00
12167,Stamford,NY,Garage Door - Nationwide up to $80,,36.50,2026-09-22T14:01:12.672016+00:00
12168,Stephentown,NY,Garage Door - Nationwide up to $80,,36.50,2026-09-22T14:01:12.672016+00:00
12169,Stephentown,NY,Garage Door - Nationwide up to $80,,36.50,2026-09-22T14:01:12.672016+00:00
12170,Stillwater,NY,Garage Door - Nationwide up to $80,,36.50,2026-09-22T14:01:12.672016+00:00
12173,Stuyvesant,NY,Garage Door - Nationwide up to $80,,36.50,2026-09-22T14:01:12.672016+00:00
12174,Stuyvesant Falls,NY,Garage Door - Nationwide up to $80,,36.50,2026-09-22T14:01:12.672016+00:00
12175,Summit,NY,Garage Door - Nationwide up to $80,,36.50,2026-09-22T14:01:12.672016+00:00
12176,Surprise,NY,Garage Door - Nationwide up to $80,,36.50,2026-09-22T14:01:12.672016+00:00
12177,Tribes Hill,NY,Garage Door - Nationwide up to $80,,36.50,2026-09-22T14:01:12.672016+00:00
12180,Troy,NY,Garage Door - Nationwide up to $80,,36.50,2026-09-22T14:01:12.672016+00:00
12182,Troy,NY,Garage Door - Nationwide up to $80,,36.50,2026-09-22T14:01:12.672016+00:00
12183,Troy,NY,Garage Door - Nationwide up to $80,,36.50,2026-09-22T14:01:12.672016+00:00
12184,Valatie,NY,Garage Door - Nationwide up to $80,,36.50,2026-09-22T14:01:12.672016+00:00
12185,Valley Falls,NY,Garage Door - Nationwide up to $80,,36.50,2026-09-22T14:01:12.672016+00:00
12186,Voorheesville,NY,Garage Door - Nationwide up to $80,,36.50,2026-09-22T14:01:12.672016+00:00
12187,Warnerville,NY,Garage Door - Nationwide up to $80,,36.50,2026-09-22T14:01:12.672016+00:00
12188,Waterford,NY,Garage Door - Nationwide up to $80,,36.50,2026-09-22T14:01:12.672016+00:00
12189,Watervliet,NY,Garage Door - Nationwide up to $80,,36.50,2026-09-22T14:01:12.672016+00:00
12192,West Coxsackie,NY,Garage Door - Nationwide up to $80,,36.50,2026-09-22T14:01:12.672016+00:00
12193,Westerlo,NY,Garage Door - Nationwide up to $80,,36.50,2026-09-22T14:01:12.672016+00:00
12194,West Fulton,NY,Garage Door - Nationwide up to $80,,36.50,2026-09-22T14:01:12.672016+00:00
12195,West Lebanon,NY,Garage Door - Nationwide up to $80,,36.50,2026-09-22T14:01:12.672016+00:00
12196,West Sand Lake,NY,Garage Door - Nationwide up to $80,,36.50,2026-09-22T14:01:12.672016+00:00
12197,Worcester,NY,Garage Door - Nationwide up to $80,,36.50,2026-09-22T14:01:12.672016+00:00
12198,Wynantskill,NY,Garage Door - Nationwide up to $80,,36.50,2026-09-22T14:01:12.672016+00:00
12202,Albany,NY,Garage Door - Nationwide up to $80,,36.50,2026-09-22T14:01:12.672016+00:00
12203,Albany,NY,Garage Door - Nationwide up to $80,,36.50,2026-09-22T14:01:12.672016+00:00
12204,Albany,NY,Garage Door - Nationwide up to $80,,36.50,2026-09-22T14:01:12.672016+00:00
12205,Albany,NY,Garage Door - Nationwide up to $80,,36.50,2026-09-22T14:01:12.672016+00:00
12206,Albany,NY,Garage Door - Nationwide up to $80,,36.50,2026-09-22T14:01:12.672016+00:00
12207,Albany,NY,Garage Door - Nationwide up to $80,,36.50,2026-09-22T14:01:12.672016+00:00
12208,Albany,NY,Garage Door - Nationwide up to $80,,36.50,2026-09-22T14:01:12.672016+00:00
12209,Albany,NY,Garage Door - Nationwide up to $80,,36.50,2026-09-22T14:01:12.672016+00:00
12210,Albany,NY,Garage Door - Nationwide up to $80,,36.50,2026-09-22T14:01:12.672016+00:00
12211,Albany,NY,Garage Door - Nationwide up to $80,,36.50,2026-09-22T14:01:12.672016+00:00
12222,Albany,NY,Garage Door - Nationwide up to $80,,36.50,2026-09-22T14:01:12.672016+00:00
12226,Albany,NY,Garage Door - Nationwide up to $80,,36.50,2026-09-22T14:01:12.672016+00:00
12302,Schenectady,NY,Garage Door - Nationwide up to $80,,36.50,2026-09-22T14:01:12.672016+00:00
12303,Schenectady,NY,Garage Door - Nationwide up to $80,,36.50,2026-09-22T14:01:12.672016+00:00
12304,Schenectady,NY,Garage Door - Nationwide up to $80,,36.50,2026-09-22T14:01:12.672016+00:00
12305,Schenectady,NY,Garage Door - Nationwide up to $80,,36.50,2026-09-22T14:01:12.672016+00:00
12306,Schenectady,NY,Garage Door - Nationwide up to $80,,36.50,2026-09-22T14:01:12.672016+00:00
12307,Schenectady,NY,Garage Door - Nationwide up to $80,,36.50,2026-09-22T14:01:12.672016+00:00
12308,Schenectady,NY,Garage Door - Nationwide up to $80,,36.50,2026-09-22T14:01:12.672016+00:00
12309,Schenectady,NY,Garage Door - Nationwide up to $80,,36.50,2026-09-22T14:01:12.672016+00:00
12405,Acra,NY,Garage Door - Nationwide up to $80,,36.50,2026-09-22T14:01:12.672016+00:00
12407,Ashland,NY,Garage Door - Nationwide up to $80,,36.50,2026-09-22T14:01:12.672016+00:00
12413,Cairo,NY,Garage Door - Nationwide up to $80,,36.50,2026-09-22T14:01:12.672016+00:00
12418,Cornwallville,NY,Garage Door - Nationwide up to $80,,36.50,2026-09-22T14:01:12.672016+00:00
12422,Durham,NY,Garage Door - Nationwide up to $80,,36.50,2026-09-22T14:01:12.672016+00:00
12423,East Durham,NY,Garage Door - Nationwide up to $80,,36.50,2026-09-22T14:01:12.672016+00:00
12431,Freehold,NY,Garage Door - Nationwide up to $80,,36.50,2026-09-22T14:01:12.672016+00:00
12434,Grand Gorge,NY,Garage Door - Nationwide up to $80,,36.50,2026-09-22T14:01:12.672016+00:00
12439,Hensonville,NY,Garage Door - Nationwide up to $80,,36.50,2026-09-22T14:01:12.672016+00:00
12451,Leeds,NY,Garage Door - Nationwide up to $80,,36.50,2026-09-22T14:01:12.672016+00:00
12454,Maplecrest,NY,Garage Door - Nationwide up to $80,,36.50,2026-09-22T14:01:12.672016+00:00
12459,New Kingston,NY,Garage Door - Nationwide up to $80,,36.50,2026-09-22T14:01:12.672016+00:00
12460,Oak Hill,NY,Garage Door - Nationwide up to $80,,36.50,2026-09-22T14:01:12.672016+00:00
12468,Prattsville,NY,Garage Door - Nationwide up to $80,,36.50,2026-09-22T14:01:12.672016+00:00
12469,Preston Hollow,NY,Garage Door - Nationwide up to $80,,36.50,2026-09-22T14:01:12.672016+00:00
12474,Roxbury,NY,Garage Door - Nationwide up to $80,,36.50,2026-09-22T14:01:12.672016+00:00
12496,Windham,NY,Garage Door - Nationwide up to $80,,36.50,2026-09-22T14:01:12.672016+00:00
12544,Mellenville,NY,Garage Door - Nationwide up to $80,,36.50,2026-09-22T14:01:12.672016+00:00
12801,Glens Falls,NY,Garage Door - Nationwide up to $80,,36.50,2026-09-22T14:01:12.672016+00:00
12803,South Glens Falls,NY,Garage Door - Nationwide up to $80,,36.50,2026-09-22T14:01:12.672016+00:00
12804,Queensbury,NY,Garage Door - Nationwide up to $80,,36.50,2026-09-22T14:01:12.672016+00:00
12808,Adirondack,NY,Garage Door - Nationwide up to $80,,36.50,2026-09-22T14:01:12.672016+00:00
12809,Argyle,NY,Garage Door - Nationwide up to $80,,36.50,2026-09-22T14:01:12.672016+00:00
12810,Athol,NY,Garage Door - Nationwide up to $80,,36.50,2026-09-22T14:01:12.672016+00:00
12814,Bolton Landing,NY,Garage Door - Nationwide up to $80,,36.50,2026-09-22T14:01:12.672016+00:00
12815,Brant Lake,NY,Garage Door - Nationwide up to $80,,36.50,2026-09-22T14:01:12.672016+00:00
12816,Cambridge,NY,Garage Door - Nationwide up to $80,,36.50,2026-09-22T14:01:12.672016+00:00
12817,Chestertown,NY,Garage Door - Nationwide up to $80,,36.50,2026-09-22T14:01:12.672016+00:00
12819,Clemons,NY,Garage Door - Nationwide up to $80,,36.50,2026-09-22T14:01:12.672016+00:00
12821,Comstock,NY,Garage Door - Nationwide up to $80,,36.50,2026-09-22T14:01:12.672016+00:00
12822,Corinth,NY,Garage Door - Nationwide up to $80,,36.50,2026-09-22T14:01:12.672016+00:00
12823,Cossayuna,NY,Garage Door - Nationwide up to $80,,36.50,2026-09-22T14:01:12.672016+00:00
12824,Diamond Point,NY,Garage Door - Nationwide up to $80,,36.50,2026-09-22T14:01:12.672016+00:00
12827,Fort Ann,NY,Garage Door - Nationwide up to $80,,36.50,2026-09-22T14:01:12.672016+00:00
12828,Fort Edward,NY,Garage Door - Nationwide up to $80,,36.50,2026-09-22T14:01:12.672016+00:00
12831,Gansevoort,NY,Garage Door - Nationwide up to $80,,36.50,2026-09-22T14:01:12.672016+00:00
12833,Greenfield Center,NY,Garage Door - Nationwide up to $80,,36.50,2026-09-22T14:01:12.672016+00:00
12834,Greenwich,NY,Garage Door - Nationwide up to $80,,36.50,2026-09-22T14:01:12.672016+00:00
12835,Hadley,NY,Garage Door - Nationwide up to $80,,36.50,2026-09-22T14:01:12.672016+00:00
12836,Hague,NY,Garage Door - Nationwide up to $80,,36.50,2026-09-22T14:01:12.672016+00:00
12837,Hampton,NY,Garage Door - Nationwide up to $80,,36.50,2026-09-22T14:01:12.672016+00:00
12838,Hartford,NY,Garage Door - Nationwide up to $80,,36.50,2026-09-22T14:01:12.672016+00:00
12839,Hudson Falls,NY,Garage Door - Nationwide up to $80,,36.50,2026-09-22T14:01:12.672016+00:00
12841,Huletts Landing,NY,Garage Door - Nationwide up to $80,,36.50,2026-09-22T14:01:12.672016+00:00
12843,Johnsburg,NY,Garage Door - Nationwide up to $80,,36.50,2026-09-22T14:01:12.672016+00:00
12844,Kattskill Bay,NY,Garage Door - Nationwide up to $80,,36.50,2026-09-22T14:01:12.672016+00:00
12845,Lake George,NY,Garage Door - Nationwide up to $80,,36.50,2026-09-22T14:01:12.672016+00:00
12846,Lake Luzerne,NY,Garage Door - Nationwide up to $80,,36.50,2026-09-22T14:01:12.672016+00:00
12849,Middle Granville,NY,Garage Door - Nationwide up to $80,,36.50,2026-09-22T14:01:12.672016+00:00
12850,Middle Grove,NY,Garage Door - Nationwide up to $80,,36.50,2026-09-22T14:01:12.672016+00:00
12853,North Creek,NY,Garage Door - Nationwide up to $80,,36.50,2026-09-22T14:01:12.672016+00:00
12856,North River,NY,Garage Door - Nationwide up to $80,,36.50,2026-09-22T14:01:12.672016+00:00
12859,Porter Corners,NY,Garage Door - Nationwide up to $80,,36.50,2026-09-22T14:01:12.672016+00:00
12860,Pottersville,NY,Garage Door - Nationwide up to $80,,36.50,2026-09-22T14:01:12.672016+00:00
12861,Putnam Station,NY,Garage Door - Nationwide up to $80,,36.50,2026-09-22T14:01:12.672016+00:00
12862,Riparius,NY,Garage Door - Nationwide up to $80,,36.50,2026-09-22T14:01:12.672016+00:00
12863,Rock City Falls,NY,Garage Door - Nationwide up to $80,,36.50,2026-09-22T14:01:12.672016+00:00
12865,Salem,NY,Garage Door - Nationwide up to $80,,36.50,2026-09-22T14:01:12.672016+00:00
12866,Saratoga Springs,NY,Garage Door - Nationwide up to $80,,36.50,2026-09-22T14:01:12.672016+00:00
12871,Schuylerville,NY,Garage Door - Nationwide up to $80,,36.50,2026-09-22T14:01:12.672016+00:00
12873,Shushan,NY,Garage Door - Nationwide up to $80,,36.50,2026-09-22T14:01:12.672016+00:00
12874,Silver Bay,NY,Garage Door - Nationwide up to $80,,36.50,2026-09-22T14:01:12.672016+00:00
12878,Stony Creek,NY,Garage Door - Nationwide up to $80,,36.50,2026-09-22T14:01:12.672016+00:00
12884,Victory Mills,NY,Garage Door - Nationwide up to $80,,36.50,2026-09-22T14:01:12.672016+00:00
12885,Warrensburg,NY,Garage Door - Nationwide up to $80,,36.50,2026-09-22T14:01:12.672016+00:00
12886,Wevertown,NY,Garage Door - Nationwide up to $80,,36.50,2026-09-22T14:01:12.672016+00:00
12887,Whitehall,NY,Garage Door - Nationwide up to $80,,36.50,2026-09-22T14:01:12.672016+00:00
13317,Canajoharie,NY,Garage Door - Nationwide up to $80,,36.50,2026-09-22T14:01:12.672016+00:00
13320,Cherry Valley,NY,Garage Door - Nationwide up to $80,,36.50,2026-09-22T14:01:12.672016+00:00
13326,Cooperstown,NY,Garage Door - Nationwide up to $80,,36.50,2026-09-22T14:01:12.672016+00:00
13337,Fly Creek,NY,Garage Door - Nationwide up to $80,,36.50,2026-09-22T14:01:12.672016+00:00
13339,Fort Plain,NY,Garage Door - Nationwide up to $80,,36.50,2026-09-22T14:01:12.672016+00:00
13348,Hartwick,NY,Garage Door - Nationwide up to $80,,36.50,2026-09-22T14:01:12.672016+00:00
13428,Palatine Bridge,NY,Garage Door - Nationwide up to $80,,36.50,2026-09-22T14:01:12.672016+00:00
13450,Roseboom,NY,Garage Door - Nationwide up to $80,,36.50,2026-09-22T14:01:12.672016+00:00
13452,Saint Johnsville,NY,Garage Door - Nationwide up to $80,,36.50,2026-09-22T14:01:12.672016+00:00
13459,Sharon Springs,NY,Garage Door - Nationwide up to $80,,36.50,2026-09-22T14:01:12.672016+00:00
13468,Springfield Center,NY,Garage Door - Nationwide up to $80,,36.50,2026-09-22T14:01:12.672016+00:00
13488,Westford,NY,Garage Door - Nationwide up to $80,,36.50,2026-09-22T14:01:12.672016+00:00
13739,Bloomville,NY,Garage Door - Nationwide up to $80,,36.50,2026-09-22T14:01:12.672016+00:00
13740,Bovina Center,NY,Garage Door - Nationwide up to $80,,36.50,2026-09-22T14:01:12.672016+00:00
13750,Davenport,NY,Garage Door - Nationwide up to $80,,36.50,2026-09-22T14:01:12.672016+00:00
13751,Davenport Center,NY,Garage Door - Nationwide up to $80,,36.50,2026-09-22T14:01:12.672016+00:00
13753,Delhi,NY,Garage Door - Nationwide up to $80,,36.50,2026-09-22T14:01:12.672016+00:00
13757,East Meredith,NY,Garage Door - Nationwide up to $80,,36.50,2026-09-22T14:01:12.672016+00:00
13775,Franklin,NY,Garage Door - Nationwide up to $80,,36.50,2026-09-22T14:01:12.672016+00:00
13788,Hobart,NY,Garage Door - Nationwide up to $80,,36.50,2026-09-22T14:01:12.672016+00:00
13796,Laurens,NY,Garage Door - Nationwide up to $80,,36.50,2026-09-22T14:01:12.672016+00:00
13806,Meridale,NY,Garage Door - Nationwide up to $80,,36.50,2026-09-22T14:01:12.672016+00:00
13807,Milford,NY,Garage Door - Nationwide up to $80,,36.50,2026-09-22T14:01:12.672016+00:00
13808,Morris,NY,Garage Door - Nationwide up to $80,,36.50,2026-09-22T14:01:12.672016+00:00
13810,Mount Vision,NY,Garage Door - Nationwide up to $80,,36.50,2026-09-22T14:01:12.672016+00:00
13820,Oneonta,NY,Garage Door - Nationwide up to $80,,36.50,2026-09-22T14:01:12.672016+00:00
13825,Otego,NY,Garage Door - Nationwide up to $80,,36.50,2026-09-22T14:01:12.672016+00:00
13842,South Kortright,NY,Garage Door - Nationwide up to $80,,36.50,2026-09-22T14:01:12.672016+00:00
13846,Treadwell,NY,Garage Door - Nationwide up to $80,,36.50,2026-09-22T14:01:12.672016+00:00
13847,Trout Creek,NY,Garage Door - Nationwide up to $80,,36.50,2026-09-22T14:01:12.672016+00:00
13860,West Davenport,NY,Garage Door - Nationwide up to $80,,36.50,2026-09-22T14:01:12.672016+00:00
13861,West Oneonta,NY,Garage Door - Nationwide up to $80,,36.50,2026-09-22T14:01:12.672016+00:00
18036,Coopersburg,PA,Garage Door - Nationwide up to $80,,86.00,2026-09-22T14:01:12.672016+00:00
18039,,,Garage Door - Nationwide up to $80,,37.50,2026-09-22T14:01:12.672016+00:00
18084,,,Garage Door - Nationwide up to $80,,37.50,2026-09-22T14:01:12.672016+00:00
18901,Doylestown,PA,Garage Door - Nationwide up to $80,,86.00,2026-09-22T14:01:12.672016+00:00
18902,Doylestown,PA,Garage Door - Nationwide up to $80,,86.00,2026-09-22T14:01:12.672016+00:00
18910,,,Garage Door - Nationwide up to $80,,86.00,2026-09-22T14:01:12.672016+00:00
18911,,,Garage Door - Nationwide up to $80,,86.00,2026-09-22T14:01:12.672016+00:00
18912,Buckingham,PA,Garage Door - Nationwide up to $80,,86.00,2026-09-22T14:01:12.672016+00:00
18913,Carversville,PA,Garage Door - Nationwide up to $80,,86.00,2026-09-22T14:01:12.672016+00:00
18914,Chalfont,PA,Garage Door - Nationwide up to $80,,86.00,2026-09-22T14:01:12.672016+00:00
18915,Colmar,PA,Garage Door - Nationwide up to $80,,37.50,2026-09-22T14:01:12.672016+00:00
18916,,,Garage Door - Nationwide up to $80,,86.00,2026-09-22T14:01:12.672016+00:00
18917,Dublin,PA,Garage Door - Nationwide up to $80,,86.00,2026-09-22T14:01:12.672016+00:00
18918,,,Garage Door - Nationwide up to $80,,37.50,2026-09-22T14:01:12.672016+00:00
18920,Erwinna,PA,Garage Door - Nationwide up to $80,,86.00,2026-09-22T14:01:12.672016+00:00
18921,Ferndale,PA,Garage Door - Nationwide up to $80,,86.00,2026-09-22T14:01:12.672016+00:00
18922,,,Garage Door - Nationwide up to $80,,86.00,2026-09-22T14:01:12.672016+00:00
18923,Fountainville,PA,Garage Door - Nationwide up to $80,,86.00,2026-09-22T14:01:12.672016+00:00
18924,,,Garage Door - Nationwide up to $80,,37.50,2026-09-22T14:01:12.672016+00:00
18925,Furlong,PA,Garage Door - Nationwide up to $80,,37.50,2026-09-22T14:01:12.672016+00:00
18927,Hilltown,PA,Garage Door - Nationwide up to $80,,86.00,2026-09-22T14:01:12.672016+00:00
18928,,,Garage Door - Nationwide up to $80,,86.00,2026-09-22T14:01:12.672016+00:00
18929,Jamison,PA,Garage Door - Nationwide up to $80,,37.50,2026-09-22T14:01:12.672016+00:00
18930,Kintnersville,PA,Garage Door - Nationwide up to $80,,37.50,2026-09-22T14:01:12.672016+00:00
18931,,,Garage Door - Nationwide up to $80,,86.00,2026-09-22T14:01:12.672016+00:00
18932,Line Lexington,PA,Garage Door - Nationwide up to $80,,86.00,2026-09-22T14:01:12.672016+00:00
18933,Lumberville,PA,Garage Door - Nationwide up to $80,,86.00,2026-09-22T14:01:12.672016+00:00
18934,,,Garage Door - Nationwide up to $80,,86.00,2026-09-22T14:01:12.672016+00:00
18935,Milford Square,PA,Garage Door - Nationwide up to $80,,86.00,2026-09-22T14:01:12.672016+00:00
18936,Montgomeryville,PA,Garage Door - Nationwide up to $80,,37.50,2026-09-22T14:01:12.672016+00:00
18938,New Hope,PA,Garage Door - Nationwide up to $80,,86.00,2026-09-22T14:01:12.672016+00:00
18940,Newtown,PA,Garage Door - Nationwide up to $80,,37.50,2026-09-22T14:01:12.672016+00:00
18942,Ottsville,PA,Garage Door - Nationwide up to $80,,37.50,2026-09-22T14:01:12.672016+00:00
18943,,,Garage Door - Nationwide up to $80,,86.00,2026-09-22T14:01:12.672016+00:00
18944,Perkasie,PA,Garage Door - Nationwide up to $80,,86.00,2026-09-22T14:01:12.672016+00:00
18946,Pineville,PA,Garage Door - Nationwide up to $80,,86.00,2026-09-22T14:01:12.672016+00:00
18947,Pipersville,PA,Garage Door - Nationwide up to $80,,37.50,2026-09-22T14:01:12.672016+00:00
18949,,,Garage Door - Nationwide up to $80,,86.00,2026-09-22T14:01:12.672016+00:00
18950,Point Pleasant,PA,Garage Door - Nationwide up to $80,,86.00,2026-09-22T14:01:12.672016+00:00
18951,Quakertown,PA,Garage Door - Nationwide up to $80,,86.00,2026-09-22T14:01:12.672016+00:00
18953,,,Garage Door - Nationwide up to $80,,37.50,2026-09-22T14:01:12.672016+00:00
18954,Richboro,PA,Garage Door - Nationwide up to $80,,37.50,2026-09-22T14:01:12.672016+00:00
18955,Richlandtown,PA,Garage Door - Nationwide up to $80,,86.00,2026-09-22T14:01:12.672016+00:00
18956,,,Garage Door - Nationwide up to $80,,37.50,2026-09-22T14:01:12.672016+00:00
18957,,,Garage Door - Nationwide up to $80,,37.50,2026-09-22T14:01:12.672016+00:00
18958,,,Garage Door - Nationwide up to $80,,37.50,2026-09-22T14:01:12.672016+00:00
18962,Silverdale,PA,Garage Door - Nationwide up to $80,,37.50,2026-09-22T14:01:12.672016+00:00
18963,,,Garage Door - Nationwide up to $80,,37.50,2026-09-22T14:01:12.672016+00:00
18964,Souderton,PA,Garage Door - Nationwide up to $80,,84.00,2026-09-22T14:01:12.672016+00:00
18966,Southampton,PA,Garage Door - Nationwide up to $80,,86.00,2026-09-22T14:01:12.672016+00:00
18968,,,Garage Door - Nationwide up to $80,,37.50,2026-09-22T14:01:12.672016+00:00
18969,Telford,PA,Garage Door - Nationwide up to $80,,84.00,2026-09-22T14:01:12.672016+00:00
18970,Trumbauersville,PA,Garage Door - Nationwide up to $80,,86.00,2026-09-22T14:01:12.672016+00:00
18971,,,Garage Door - Nationwide up to $80,,37.50,2026-09-22T14:01:12.672016+00:00
18972,Upper Black Eddy,PA,Garage Door - Nationwide up to $80,,37.50,2026-09-22T14:01:12.672016+00:00
18974,Warminster,PA,Garage Door - Nationwide up to $80,,86.00,2026-09-22T14:01:12.672016+00:00
18976,Warrington,PA,Garage Door - Nationwide up to $80,,37.50,2026-09-22T14:01:12.672016+00:00
18977,Washington Crossing,PA,Garage Door - Nationwide up to $80,,37.50,2026-09-22T14:01:12.672016+00:00
18979,,,Garage Door - Nationwide up to $80,,37.50,2026-09-22T14:01:12.672016+00:00
18980,Wycombe,PA,Garage Door - Nationwide up to $80,,37.50,2026-09-22T14:01:12.672016+00:00
18981,,,Garage Door - Nationwide up to $80,,37.50,2026-09-22T14:01:12.672016+00:00
18991,,,Garage Door - Nationwide up to $80,,37.50,2026-09-22T14:01:12.672016+00:00
19001,Abington,PA,Garage Door - Nationwide up to $80,,37.50,2026-09-22T14:01:12.672016+00:00
19002,Ambler,PA,Garage Door - Nationwide up to $80,,37.50,2026-09-22T14:01:12.672016+00:00
19003,Ardmore,PA,Garage Door - Nationwide up to $80,,37.50,2026-09-22T14:01:12.672016+00:00
19004,Bala Cynwyd,PA,Garage Door - Nationwide up to $80,,37.50,2026-09-22T14:01:12.672016+00:00
19006,Huntingdon Valley,PA,Garage Door - Nationwide up to $80,,37.50,2026-09-22T14:01:12.672016+00:00
19007,Bristol,PA,Garage Door - Nationwide up to $80,,86.00,2026-09-22T14:01:12.672016+00:00
19008,Broomall,PA,Garage Door - Nationwide up to $80,,36.50,2026-09-22T14:01:12.672016+00:00
19009,Bryn Athyn,PA,Garage Door - Nationwide up to $80,,37.50,2026-09-22T14:01:12.672016+00:00
19010,Bryn Mawr,PA,Garage Door - Nationwide up to $80,,37.50,2026-09-22T14:01:12.672016+00:00
19020,Bensalem,PA,Garage Door - Nationwide up to $80,,86.00,2026-09-22T14:01:12.672016+00:00
19025,Dresher,PA,Garage Door - Nationwide up to $80,,37.50,2026-09-22T14:01:12.672016+00:00
19027,Elkins Park,PA,Garage Door - Nationwide up to $80,,37.50,2026-09-22T14:01:12.672016+00:00
19030,Fairless Hills,PA,Garage Door - Nationwide up to $80,,86.00,2026-09-22T14:01:12.672016+00:00
19031,Flourtown,PA,Garage Door - Nationwide up to $80,,37.50,2026-09-22T14:01:12.672016+00:00
19034,Fort Washington,PA,Garage Door - Nationwide up to $80,,37.50,2026-09-22T14:01:12.672016+00:00
19035,Gladwyne,PA,Garage Door - Nationwide up to $80,,37.50,2026-09-22T14:01:12.672016+00:00
19038,Glenside,PA,Garage Door - Nationwide up to $80,,37.50,2026-09-22T14:01:12.672016+00:00
19040,Hatboro,PA,Garage Door - Nationwide up to $80,,37.50,2026-09-22T14:01:12.672016+00:00
19041,Haverford,PA,Garage Door - Nationwide up to $80,,37.50,2026-09-22T14:01:12.672016+00:00
19044,Horsham,PA,Garage Door - Nationwide up to $80,,37.50,2026-09-22T14:01:12.672016+00:00
19046,Jenkintown,PA,Garage Door - Nationwide up to $80,,37.50,2026-09-22T14:01:12.672016+00:00
19047,Langhorne,PA,Garage Door - Nationwide up to $80,,86.00,2026-09-22T14:01:12.672016+00:00
19048,,,Garage Door - Nationwide up to $80,,37.50,2026-09-22T14:01:12.672016+00:00
19049,,,Garage Door - Nationwide up to $80,,37.50,2026-09-22T14:01:12.672016+00:00
19053,Feasterville Trevose,PA,Garage Door - Nationwide up to $80,,37.50,2026-09-22T14:01:12.672016+00:00
19054,Levittown,PA,Garage Door - Nationwide up to $80,,86.00,2026-09-22T14:01:12.672016+00:00
19055,Levittown,PA,Garage Door - Nationwide up to $80,,86.00,2026-09-22T14:01:12.672016+00:00
19056,Levittown,PA,Garage Door - Nationwide up to $80,,86.00,2026-09-22T14:01:12.672016+00:00
19057,Levittown,PA,Garage Door - Nationwide up to $80,,86.00,2026-09-22T14:01:12.672016+00:00
19058,,,Garage Door - Nationwide up to $80,,37.50,2026-09-22T14:01:12.672016+00:00
19063,Media,PA,Garage Door - Nationwide up to $80,,36.50,2026-09-22T14:01:12.672016+00:00
19064,Springfield,PA,Garage Door - Nationwide up to $80,,36.50,2026-09-22T14:01:12.672016+00:00
19066,Merion Station,PA,Garage Door - Nationwide up to $80,,37.50,2026-09-22T14:01:12.672016+00:00
19067,Morrisville,PA,Garage Door - Nationwide up to $80,,86.00,2026-09-22T14:01:12.672016+00:00
19072,Narberth,PA,Garage Door - Nationwide up to $80,,37.50,2026-09-22T14:01:12.672016+00:00
19073,Newtown Square,PA,Garage Door - Nationwide up to $80,,36.50,2026-09-22T14:01:12.672016+00:00
19075,Oreland,PA,Garage Door - Nationwide up to $80,,37.50,2026-09-22T14:01:12.672016+00:00
19081,Swarthmore,PA,Garage Door - Nationwide up to $80,,36.50,2026-09-22T14:01:12.672016+00:00
19083,Havertown,PA,Garage Door - Nationwide up to $80,,36.50,2026-09-22T14:01:12.672016+00:00
19085,Villanova,PA,Garage Door - Nationwide up to $80,,37.50,2026-09-22T14:01:12.672016+00:00
19086,Wallingford,PA,Garage Door - Nationwide up to $80,,36.50,2026-09-22T14:01:12.672016+00:00
19087,Wayne,PA,Garage Door - Nationwide up to $80,,37.50,2026-09-22T14:01:12.672016+00:00
19090,Willow Grove,PA,Garage Door - Nationwide up to $80,,37.50,2026-09-22T14:01:12.672016+00:00
19095,Wyncote,PA,Garage Door - Nationwide up to $80,,37.50,2026-09-22T14:01:12.672016+00:00
19096,Wynnewood,PA,Garage Door - Nationwide up to $80,,37.50,2026-09-22T14:01:12.672016+00:00
19301,Paoli,PA,Garage Door - Nationwide up to $80,,37.50,2026-09-22T14:01:12.672016+00:00
19311,Avondale,PA,Garage Door - Nationwide up to $80,,36.50,2026-09-22T14:01:12.672016+00:00
19312,Berwyn,PA,Garage Door - Nationwide up to $80,,37.50,2026-09-22T14:01:12.672016+00:00
19316,Brandamore,PA,Garage Door - Nationwide up to $80,,36.50,2026-09-22T14:01:12.672016+00:00
19317,Chadds Ford,PA,Garage Door - Nationwide up to $80,,36.50,2026-09-22T14:01:12.672016+00:00
19318,,,Garage Door - Nationwide up to $80,,36.50,2026-09-22T14:01:12.672016+00:00
19319,Cheyney,PA,Garage Door - Nationwide up to $80,,36.50,2026-09-22T14:01:12.672016+00:00
19320,Coatesville,PA,Garage Door - Nationwide up to $80,,36.50,2026-09-22T14:01:12.672016+00:00
19330,Cochranville,PA,Garage Door - Nationwide up to $80,,36.50,2026-09-22T14:01:12.672016+00:00
19331,,,Garage Door - Nationwide up to $80,,36.50,2026-09-22T14:01:12.672016+00:00
19333,Devon,PA,Garage Door - Nationwide up to $80,,37.50,2026-09-22T14:01:12.672016+00:00
19335,Downingtown,PA,Garage Door - Nationwide up to $80,,36.50,2026-09-22T14:01:12.672016+00:00
19339,,,Garage Door - Nationwide up to $80,,36.50,2026-09-22T14:01:12.672016+00:00
19341,Exton,PA,Garage Door - Nationwide up to $80,,36.50,2026-09-22T14:01:12.672016+00:00
19342,Glen Mills,PA,Garage Door - Nationwide up to $80,,36.50,2026-09-22T14:01:12.672016+00:00
19343,Glenmoore,PA,Garage Door - Nationwide up to $80,,36.50,2026-09-22T14:01:12.672016+00:00
19345,Immaculata,PA,Garage Door - Nationwide up to $80,,37.50,2026-09-22T14:01:12.672016+00:00
19346,,,Garage Door - Nationwide up to $80,,36.50,2026-09-22T14:01:12.672016+00:00
19347,,,Garage Door - Nationwide up to $80,,36.50,2026-09-22T14:01:12.672016+00:00
19348,Kennett Square,PA,Garage Door - Nationwide up to $80,,36.50,2026-09-22T14:01:12.672016+00:00
19350,Landenberg,PA,Garage Door - Nationwide up to $80,,36.50,2026-09-22T14:01:12.672016+00:00
19351,,,Garage Door - Nationwide up to $80,,36.50,2026-09-22T14:01:12.672016+00:00
19352,Lincoln University,PA,Garage Door - Nationwide up to $80,,36.50,2026-09-22T14:01:12.672016+00:00
19353,,,Garage Door - Nationwide up to $80,,36.50,2026-09-22T14:01:12.672016+00:00
19354,,,Garage Door - Nationwide up to $80,,36.50,2026-09-22T14:01:12.672016+00:00
19355,Malvern,PA,Garage Door - Nationwide up to $80,,37.50,2026-09-22T14:01:12.672016+00:00
19357,,,Garage Door - Nationwide up to $80,,36.50,2026-09-22T14:01:12.672016+00:00
19358,Modena,PA,Garage Door - Nationwide up to $80,,36.50,2026-09-22T14:01:12.672016+00:00
19360,,,Garage Door - Nationwide up to $80,,36.50,2026-09-22T14:01:12.672016+00:00
19366,,,Garage Door - Nationwide up to $80,,36.50,2026-09-22T14:01:12.672016+00:00
19367,Pomeroy,PA,Garage Door - Nationwide up to $80,,36.50,2026-09-22T14:01:12.672016+00:00
19369,Sadsburyville,PA,Garage Door - Nationwide up to $80,,36.50,2026-09-22T14:01:12.672016+00:00
19371,,,Garage Door - Nationwide up to $80,,36.50,2026-09-22T14:01:12.672016+00:00
19372,Thorndale,PA,Garage Door - Nationwide up to $80,,36.50,2026-09-22T14:01:12.672016+00:00
19373,Thornton,PA,Garage Door - Nationwide up to $80,,36.50,2026-09-22T14:01:12.672016+00:00
19374,Toughkenamon,PA,Garage Door - Nationwide up to $80,,36.50,2026-09-22T14:01:12.672016+00:00
19375,Unionville,PA,Garage Door - Nationwide up to $80,,36.50,2026-09-22T14:01:12.672016+00:00
19376,,,Garage Door - Nationwide up to $80,,36.50,2026-09-22T14:01:12.672016+00:00
19380,West Chester,PA,Garage Door - Nationwide up to $80,,36.50,2026-09-22T14:01:12.672016+00:00
19381,,,Garage Door - Nationwide up to $80,,36.50,2026-09-22T14:01:12.672016+00:00
19382,West Chester,PA,Garage Door - Nationwide up to $80,,36.50,2026-09-22T14:01:12.672016+00:00
19383,West Chester,PA,Garage Door - Nationwide up to $80,,36.50,2026-09-22T14:01:12.672016+00:00
19390,West Grove,PA,Garage Door - Nationwide up to $80,,36.50,2026-09-22T14:01:12.672016+00:00
19395,,,Garage Door - Nationwide up to $80,,36.50,2026-09-22T14:01:12.672016+00:00
19397,,,Garage Door - Nationwide up to $80,,36.50,2026-09-22T14:01:12.672016+00:00
19398,,,Garage Door - Nationwide up to $80,,36.50,2026-09-22T14:01:12.672016+00:00
19399,,,Garage Door - Nationwide up to $80,,36.50,2026-09-22T14:01:12.672016+00:00
19401,Norristown,PA,Garage Door - Nationwide up to $80,,37.50,2026-09-22T14:01:12.672016+00:00
19403,Norristown,PA,Garage Door - Nationwide up to $80,,37.50,2026-09-22T14:01:12.672016+00:00
19404,,,Garage Door - Nationwide up to $80,,37.50,2026-09-22T14:01:12.672016+00:00
19405,Bridgeport,PA,Garage Door - Nationwide up to $80,,37.50,2026-09-22T14:01:12.672016+00:00
19406,King Of Prussia,PA,Garage Door - Nationwide up to $80,,37.50,2026-09-22T14:01:12.672016+00:00
19407,,,Garage Door - Nationwide up to $80,,37.50,2026-09-22T14:01:12.672016+00:00
19408,,,Garage Door - Nationwide up to $80,,37.50,2026-09-22T14:01:12.672016+00:00
19409,,,Garage Door - Nationwide up to $80,,37.50,2026-09-22T14:01:12.672016+00:00
19421,,,Garage Door - Nationwide up to $80,,36.50,2026-09-22T14:01:12.672016+00:00
19422,Blue Bell,PA,Garage Door - Nationwide up to $80,,37.50,2026-09-22T14:01:12.672016+00:00
19423,,,Garage Door - Nationwide up to $80,,37.50,2026-09-22T14:01:12.672016+00:00
19424,,,Garage Door - Nationwide up to $80,,37.50,2026-09-22T14:01:12.672016+00:00
19425,Chester Springs,PA,Garage Door - Nationwide up to $80,,36.50,2026-09-22T14:01:12.672016+00:00
19426,Collegeville,PA,Garage Door - Nationwide up to $80,,37.50,2026-09-22T14:01:12.672016+00:00
19428,Conshohocken,PA,Garage Door - Nationwide up to $80,,37.50,2026-09-22T14:01:12.672016+00:00
19429,,,Garage Door - Nationwide up to $80,,37.50,2026-09-22T14:01:12.672016+00:00
19430,,,Garage Door - Nationwide up to $80,,37.50,2026-09-22T14:01:12.672016+00:00
19432,,,Garage Door - Nationwide up to $80,,36.50,2026-09-22T14:01:12.672016+00:00
19436,Gwynedd,PA,Garage Door - Nationwide up to $80,,37.50,2026-09-22T14:01:12.672016+00:00
19437,Gwynedd Valley,PA,Garage Door - Nationwide up to $80,,37.50,2026-09-22T14:01:12.672016+00:00
19438,Harleysville,PA,Garage Door - Nationwide up to $80,,37.50,2026-09-22T14:01:12.672016+00:00
19440,Hatfield,PA,Garage Door - Nationwide up to $80,,84.00,2026-09-22T14:01:12.672016+00:00
19441,,,Garage Door - Nationwide up to $80,,37.50,2026-09-22T14:01:12.672016+00:00
19442,Kimberton,PA,Garage Door - Nationwide up to $80,,36.50,2026-09-22T14:01:12.672016+00:00
19443,,,Garage Door - Nationwide up to $80,,37.50,2026-09-22T14:01:12.672016+00:00
19444,Lafayette Hill,PA,Garage Door - Nationwide up to $80,,37.50,2026-09-22T14:01:12.672016+00:00
19446,Lansdale,PA,Garage Door - Nationwide up to $80,,37.50,2026-09-22T14:01:12.672016+00:00
19450,,,Garage Door - Nationwide up to $80,,37.50,2026-09-22T14:01:12.672016+00:00
19451,,,Garage Door - Nationwide up to $80,,37.50,2026-09-22T14:01:12.672016+00:00
19453,Mont Clare,PA,Garage Door - Nationwide up to $80,,37.50,2026-09-22T14:01:12.672016+00:00
19454,North Wales,PA,Garage Door - Nationwide up to $80,,37.50,2026-09-22T14:01:12.672016+00:00
19455,,,Garage Door - Nationwide up to $80,,37.50,2026-09-22T14:01:12.672016+00:00
19456,Oaks,PA,Garage Door - Nationwide up to $80,,37.50,2026-09-22T14:01:12.672016+00:00
19457,Parker Ford,PA,Garage Door - Nationwide up to $80,,36.50,2026-09-22T14:01:12.672016+00:00
19460,Phoenixville,PA,Garage Door - Nationwide up to $80,,36.50,2026-09-22T14:01:12.672016+00:00
19462,Plymouth Meeting,PA,Garage Door - Nationwide up to $80,,37.50,2026-09-22T14:01:12.672016+00:00
19464,Pottstown,PA,Garage Door - Nationwide up to $80,,37.50,2026-09-22T14:01:12.672016+00:00
19465,Pottstown,PA,Garage Door - Nationwide up to $80,,36.50,2026-09-22T14:01:12.672016+00:00
19468,Royersford,PA,Garage Door - Nationwide up to $80,,37.50,2026-09-22T14:01:12.672016+00:00
19470,,,Garage Door - Nationwide up to $80,,36.50,2026-09-22T14:01:12.672016+00:00
19473,Schwenksville,PA,Garage Door - Nationwide up to $80,,37.50,2026-09-22T14:01:12.672016+00:00
19474,Skippack,PA,Garage Door - Nationwide up to $80,,37.50,2026-09-22T14:01:12.672016+00:00
19475,Spring City,PA,Garage Door - Nationwide up to $80,,36.50,2026-09-22T14:01:12.672016+00:00
19477,Spring House,PA,Garage Door - Nationwide up to $80,,37.50,2026-09-22T14:01:12.672016+00:00
19478,,,Garage Door - Nationwide up to $80,,37.50,2026-09-22T14:01:12.672016+00:00
19480,,,Garage Door - Nationwide up to $80,,36.50,2026-09-22T14:01:12.672016+00:00
19481,,,Garage Door - Nationwide up to $80,,36.50,2026-09-22T14:01:12.672016+00:00
19482,,,Garage Door - Nationwide up to $80,,36.50,2026-09-22T14:01:12.672016+00:00
19484,,,Garage Door - Nationwide up to $80,,37.50,2026-09-22T14:01:12.672016+00:00
19486,,,Garage Door - Nationwide up to $80,,37.50,2026-09-22T14:01:12.672016+00:00
19490,Worcester,PA,Garage Door - Nationwide up to $80,,37.50,2026-09-22T14:01:12.672016+00:00
19492,Zieglerville,PA,Garage Door - Nationwide up to $80,,37.50,2026-09-22T14:01:12.672016+00:00
19493,,,Garage Door - Nationwide up to $80,,36.50,2026-09-22T14:01:12.672016+00:00
19494,,,Garage Door - Nationwide up to $80,,36.50,2026-09-22T14:01:12.672016+00:00
19495,,,Garage Door - Nationwide up to $80,,36.50,2026-09-22T14:01:12.672016+00:00
19496,,,Garage Door - Nationwide up to $80,,36.50,2026-09-22T14:01:12.672016+00:00
20001,Washington,DC,Garage Door - Nationwide up to $80,,37.50,2026-09-22T14:01:12.672016+00:00
20002,Washington,DC,Garage Door - Nationwide up to $80,,37.50,2026-09-22T14:01:12.672016+00:00
20003,Washington,DC,Garage Door - Nationwide up to $80,,37.50,2026-09-22T14:01:12.672016+00:00
20004,Washington,DC,Garage Door - Nationwide up to $80,,37.50,2026-09-22T14:01:12.672016+00:00
20005,Washington,DC,Garage Door - Nationwide up to $80,,37.50,2026-09-22T14:01:12.672016+00:00
20006,Washington,DC,Garage Door - Nationwide up to $80,,37.50,2026-09-22T14:01:12.672016+00:00
20007,Washington,DC,Garage Door - Nationwide up to $80,,37.50,2026-09-22T14:01:12.672016+00:00
20008,Washington,DC,Garage Door - Nationwide up to $80,,37.50,2026-09-22T14:01:12.672016+00:00
20009,Washington,DC,Garage Door - Nationwide up to $80,,37.50,2026-09-22T14:01:12.672016+00:00
20010,Washington,DC,Garage Door - Nationwide up to $80,,37.50,2026-09-22T14:01:12.672016+00:00
20011,Washington,DC,Garage Door - Nationwide up to $80,,37.50,2026-09-22T14:01:12.672016+00:00
20012,Washington,DC,Garage Door - Nationwide up to $80,,37.50,2026-09-22T14:01:12.672016+00:00
20015,Washington,DC,Garage Door - Nationwide up to $80,,37.50,2026-09-22T14:01:12.672016+00:00
20016,Washington,DC,Garage Door - Nationwide up to $80,,37.50,2026-09-22T14:01:12.672016+00:00
20017,Washington,DC,Garage Door - Nationwide up to $80,,37.50,2026-09-22T14:01:12.672016+00:00
20018,Washington,DC,Garage Door - Nationwide up to $80,,37.50,2026-09-22T14:01:12.672016+00:00
20036,Washington,DC,Garage Door - Nationwide up to $80,,37.50,2026-09-22T14:01:12.672016+00:00
20037,Washington,DC,Garage Door - Nationwide up to $80,,37.50,2026-09-22T14:01:12.672016+00:00
20045,Washington,DC,Garage Door - Nationwide up to $80,,37.50,2026-09-22T14:01:12.672016+00:00
20052,Washington,DC,Garage Door - Nationwide up to $80,,37.50,2026-09-22T14:01:12.672016+00:00
20057,Washington,DC,Garage Door - Nationwide up to $80,,37.50,2026-09-22T14:01:12.672016+00:00
20059,Washington,DC,Garage Door - Nationwide up to $80,,37.50,2026-09-22T14:01:12.672016+00:00
20060,,,Garage Door - Nationwide up to $80,,37.50,2026-09-22T14:01:12.672016+00:00
20064,Washington,DC,Garage Door - Nationwide up to $80,,37.50,2026-09-22T14:01:12.672016+00:00
20105,Aldie,VA,Garage Door - Nationwide up to $80,,38.50,2026-09-22T14:01:12.672016+00:00
20109,Manassas,VA,Garage Door - Nationwide up to $80,,38.50,2026-09-22T14:01:12.672016+00:00
20110,Manassas,VA,Garage Door - Nationwide up to $80,,38.50,2026-09-22T14:01:12.672016+00:00
20111,Manassas,VA,Garage Door - Nationwide up to $80,,38.50,2026-09-22T14:01:12.672016+00:00
20112,Manassas,VA,Garage Door - Nationwide up to $80,,38.50,2026-09-22T14:01:12.672016+00:00
20117,Middleburg,VA,Garage Door - Nationwide up to $80,,38.50,2026-09-22T14:01:12.672016+00:00
20118,,,Garage Door - Nationwide up to $80,,38.50,2026-09-22T14:01:12.672016+00:00
20120,Centreville,VA,Garage Door - Nationwide up to $80,,38.50,2026-09-22T14:01:12.672016+00:00
20121,Centreville,VA,Garage Door - Nationwide up to $80,,38.50,2026-09-22T14:01:12.672016+00:00
20124,Clifton,VA,Garage Door - Nationwide up to $80,,38.50,2026-09-22T14:01:12.672016+00:00
20129,Paeonian Springs,VA,Garage Door - Nationwide up to $80,,38.50,2026-09-22T14:01:12.672016+00:00
20132,Purcellville,VA,Garage Door - Nationwide up to $80,,38.50,2026-09-22T14:01:12.672016+00:00
20135,Bluemont,VA,Garage Door - Nationwide up to $80,,38.50,2026-09-22T14:01:12.672016+00:00
20136,Bristow,VA,Garage Door - Nationwide up to $80,,38.50,2026-09-22T14:01:12.672016+00:00
20140,,,Garage Door - Nationwide up to $80,,38.50,2026-09-22T14:01:12.672016+00:00
20141,Round Hill,VA,Garage Door - Nationwide up to $80,,38.50,2026-09-22T14:01:12.672016+00:00
20143,Catharpin,VA,Garage Door - Nationwide up to $80,,38.50,2026-09-22T14:01:12.672016+00:00
20147,Ashburn,VA,Garage Door - Nationwide up to $80,,38.50,2026-09-22T14:01:12.672016+00:00
20148,Ashburn,VA,Garage Door - Nationwide up to $80,,38.50,2026-09-22T14:01:12.672016+00:00
20151,Chantilly,VA,Garage Door - Nationwide up to $80,,38.50,2026-09-22T14:01:12.672016+00:00
20152,Chantilly,VA,Garage Door - Nationwide up to $80,,38.50,2026-09-22T14:01:12.672016+00:00
20155,Gainesville,VA,Garage Door - Nationwide up to $80,,38.50,2026-09-22T14:01:12.672016+00:00
20158,Hamilton,VA,Garage Door - Nationwide up to $80,,38.50,2026-09-22T14:01:12.672016+00:00
20164,Sterling,VA,Garage Door - Nationwide up to $80,,38.50,2026-09-22T14:01:12.672016+00:00
20165,Sterling,VA,Garage Door - Nationwide up to $80,,38.50,2026-09-22T14:01:12.672016+00:00
20166,Sterling,VA,Garage Door - Nationwide up to $80,,38.50,2026-09-22T14:01:12.672016+00:00
20169,Haymarket,VA,Garage Door - Nationwide up to $80,,38.50,2026-09-22T14:01:12.672016+00:00
20170,Herndon,VA,Garage Door - Nationwide up to $80,,38.50,2026-09-22T14:01:12.672016+00:00
20171,Herndon,VA,Garage Door - Nationwide up to $80,,38.50,2026-09-22T14:01:12.672016+00:00
20175,Leesburg,VA,Garage Door - Nationwide up to $80,,38.50,2026-09-22T14:01:12.672016+00:00
20176,Leesburg,VA,Garage Door - Nationwide up to $80,,38.50,2026-09-22T14:01:12.672016+00:00
20180,Lovettsville,VA,Garage Door - Nationwide up to $80,,38.50,2026-09-22T14:01:12.672016+00:00
20181,Nokesville,VA,Garage Door - Nationwide up to $80,,38.50,2026-09-22T14:01:12.672016+00:00
20184,Upperville,VA,Garage Door - Nationwide up to $80,,38.50,2026-09-22T14:01:12.672016+00:00
20190,Reston,VA,Garage Door - Nationwide up to $80,,38.50,2026-09-22T14:01:12.672016+00:00
20191,Reston,VA,Garage Door - Nationwide up to $80,,38.50,2026-09-22T14:01:12.672016+00:00
20192,,,Garage Door - Nationwide up to $80,,38.50,2026-09-22T14:01:12.672016+00:00
20194,Reston,VA,Garage Door - Nationwide up to $80,,38.50,2026-09-22T14:01:12.672016+00:00
20197,Waterford,VA,Garage Door - Nationwide up to $80,,38.50,2026-09-22T14:01:12.672016+00:00
20210,,,Garage Door - Nationwide up to $80,,37.50,2026-09-22T14:01:12.672016+00:00
20217,,,Garage Door - Nationwide up to $80,,37.50,2026-09-22T14:01:12.672016+00:00
20220,Washington,DC,Garage Door - Nationwide up to $80,,37.50,2026-09-22T14:01:12.672016+00:00
20224,,,Garage Door - Nationwide up to $80,,37.50,2026-09-22T14:01:12.672016+00:00
20230,Washington,DC,Garage Door - Nationwide up to $80,,37.50,2026-09-22T14:01:12.672016+00:00
20240,Washington,DC,Garage Door - Nationwide up to $80,,37.50,2026-09-22T14:01:12.672016+00:00
20245,Washington,DC,Garage Door - Nationwide up to $80,,37.50,2026-09-22T14:01:12.672016+00:00
20303,,,Garage Door - Nationwide up to $80,,37.50,2026-09-22T14:01:12.672016+00:00
20306,,,Garage Door - Nationwide up to $80,,37.50,2026-09-22T14:01:12.672016+00:00
20317,Washington,DC,Garage Door - Nationwide up to $80,,37.50,2026-09-22T14:01:12.672016+00:00
20372,,,Garage Door - Nationwide up to $80,,37.50,2026-09-22T14:01:12.672016+00:00
20374,,,Garage Door - Nationwide up to $80,,37.50,2026-09-22T14:01:12.672016+00:00
20376,,,Garage Door - Nationwide up to $80,,37.50,2026-09-22T14:01:12.672016+00:00
20390,Washington,DC,Garage Door - Nationwide up to $80,,37.50,2026-09-22T14:01:12.672016+00:00
20392,,,Garage Door - Nationwide up to $80,,37.50,2026-09-22T14:01:12.672016+00:00
20401,,,Garage Door - Nationwide up to $80,,37.50,2026-09-22T14:01:12.672016+00:00
20405,,,Garage Door - Nationwide up to $80,,37.50,2026-09-22T14:01:12.672016+00:00
20408,Washington,DC,Garage Door - Nationwide up to $80,,37.50,2026-09-22T14:01:12.672016+00:00
20415,Washington,DC,Garage Door - Nationwide up to $80,,37.50,2026-09-22T14:01:12.672016+00:00
20418,Washington,DC,Garage Door - Nationwide up to $80,,37.50,2026-09-22T14:01:12.672016+00:00
20422,Washington,DC,Garage Door - Nationwide up to $80,,37.50,2026-09-22T14:01:12.672016+00:00
20431,Washington,DC,Garage Door - Nationwide up to $80,,37.50,2026-09-22T14:01:12.672016+00:00
20433,,,Garage Door - Nationwide up to $80,,37.50,2026-09-22T14:01:12.672016+00:00
20500,,,Garage Door - Nationwide up to $80,,37.50,2026-09-22T14:01:12.672016+00:00
20502,,,Garage Door - Nationwide up to $80,,37.50,2026-09-22T14:01:12.672016+00:00
20510,Washington,DC,Garage Door - Nationwide up to $80,,37.50,2026-09-22T14:01:12.672016+00:00
20520,Washington,DC,Garage Door - Nationwide up to $80,,37.50,2026-09-22T14:01:12.672016+00:00
20529,,,Garage Door - Nationwide up to $80,,37.50,2026-09-22T14:01:12.672016+00:00
20530,Washington,DC,Garage Door - Nationwide up to $80,,37.50,2026-09-22T14:01:12.672016+00:00
20534,,,Garage Door - Nationwide up to $80,,37.50,2026-09-22T14:01:12.672016+00:00
20535,Washington,DC,Garage Door - Nationwide up to $80,,37.50,2026-09-22T14:01:12.672016+00:00
20540,Washington,DC,Garage Door - Nationwide up to $80,,37.50,2026-09-22T14:01:12.672016+00:00
20543,,,Garage Door - Nationwide up to $80,,37.50,2026-09-22T14:01:12.672016+00:00
20544,,,Garage Door - Nationwide up to $80,,37.50,2026-09-22T14:01:12.672016+00:00
20548,,,Garage Door - Nationwide up to $80,,37.50,2026-09-22T14:01:12.672016+00:00
20549,,,Garage Door - Nationwide up to $80,,37.50,2026-09-22T14:01:12.672016+00:00
20551,Washington,DC,Garage Door - Nationwide up to $80,,37.50,2026-09-22T14:01:12.672016+00:00
20560,Washington,DC,Garage Door - Nationwide up to $80,,37.50,2026-09-22T14:01:12.672016+00:00
20565,Washington,DC,Garage Door - Nationwide up to $80,,37.50,2026-09-22T14:01:12.672016+00:00
20566,Washington,DC,Garage Door - Nationwide up to $80,,37.50,2026-09-22T14:01:12.672016+00:00
20580,,,Garage Door - Nationwide up to $80,,37.50,2026-09-22T14:01:12.672016+00:00
20590,,,Garage Door - Nationwide up to $80,,37.50,2026-09-22T14:01:12.672016+00:00
20607,Accokeek,MD,Garage Door - Nationwide up to $80,,37.50,2026-09-22T14:01:12.672016+00:00
20613,Brandywine,MD,Garage Door - Nationwide up to $80,,37.50,2026-09-22T14:01:12.672016+00:00
20623,Cheltenham,MD,Garage Door - Nationwide up to $80,,37.50,2026-09-22T14:01:12.672016+00:00
20701,Annapolis Junction,MD,Garage Door - Nationwide up to $80,,38.50,2026-09-22T14:01:12.672016+00:00
20705,Beltsville,MD,Garage Door - Nationwide up to $80,,37.50,2026-09-22T14:01:12.672016+00:00
20706,Lanham,MD,Garage Door - Nationwide up to $80,,37.50,2026-09-22T14:01:12.672016+00:00
20707,Laurel,MD,Garage Door - Nationwide up to $80,,37.50,2026-09-22T14:01:12.672016+00:00
20708,Laurel,MD,Garage Door - Nationwide up to $80,,37.50,2026-09-22T14:01:12.672016+00:00
20710,Bladensburg,MD,Garage Door - Nationwide up to $80,,37.50,2026-09-22T14:01:12.672016+00:00
20712,Mount Rainier,MD,Garage Door - Nationwide up to $80,,37.50,2026-09-22T14:01:12.672016+00:00
20715,Bowie,MD,Garage Door - Nationwide up to $80,,37.50,2026-09-22T14:01:12.672016+00:00
20716,Bowie,MD,Garage Door - Nationwide up to $80,,37.50,2026-09-22T14:01:12.672016+00:00
20720,Bowie,MD,Garage Door - Nationwide up to $80,,37.50,2026-09-22T14:01:12.672016+00:00
20721,Bowie,MD,Garage Door - Nationwide up to $80,,37.50,2026-09-22T14:01:12.672016+00:00
20722,Brentwood,MD,Garage Door - Nationwide up to $80,,37.50,2026-09-22T14:01:12.672016+00:00
20723,Laurel,MD,Garage Door - Nationwide up to $80,,38.50,2026-09-22T14:01:12.672016+00:00
20724,Laurel,MD,Garage Door - Nationwide up to $80,,38.50,2026-09-22T14:01:12.672016+00:00
20735,Clinton,MD,Garage Door - Nationwide up to $80,,37.50,2026-09-22T14:01:12.672016+00:00
20737,Riverdale,MD,Garage Door - Nationwide up to $80,,37.50,2026-09-22T14:01:12.672016+00:00
20740,College Park,MD,Garage Door - Nationwide up to $80,,37.50,2026-09-22T14:01:12.672016+00:00
20742,College Park,MD,Garage Door - Nationwide up to $80,,37.50,2026-09-22T14:01:12.672016+00:00
20743,Capitol Heights,MD,Garage Door - Nationwide up to $80,,37.50,2026-09-22T14:01:12.672016+00:00
20744,Fort Washington,MD,Garage Door - Nationwide up to $80,,37.50,2026-09-22T14:01:12.672016+00:00
20745,Oxon Hill,MD,Garage Door - Nationwide up to $80,,37.50,2026-09-22T14:01:12.672016+00:00
20746,Suitland,MD,Garage Door - Nationwide up to $80,,37.50,2026-09-22T14:01:12.672016+00:00
20747,District Heights,MD,Garage Door - Nationwide up to $80,,37.50,2026-09-22T14:01:12.672016+00:00
20748,Temple Hills,MD,Garage Door - Nationwide up to $80,,37.50,2026-09-22T14:01:12.672016+00:00
20755,Fort George G Meade,MD,Garage Door - Nationwide up to $80,,38.50,2026-09-22T14:01:12.672016+00:00
20759,Fulton,MD,Garage Door - Nationwide up to $80,,38.50,2026-09-22T14:01:12.672016+00:00
20762,Andrews Air Force Base,MD,Garage Door - Nationwide up to $80,,37.50,2026-09-22T14:01:12.672016+00:00
20763,Savage,MD,Garage Door - Nationwide up to $80,,38.50,2026-09-22T14:01:12.672016+00:00
20765,Galesville,MD,Garage Door - Nationwide up to $80,,38.50,2026-09-22T14:01:12.672016+00:00
20769,Glenn Dale,MD,Garage Door - Nationwide up to $80,,37.50,2026-09-22T14:01:12.672016+00:00
20770,Greenbelt,MD,Garage Door - Nationwide up to $80,,37.50,2026-09-22T14:01:12.672016+00:00
20771,Greenbelt,MD,Garage Door - Nationwide up to $80,,37.50,2026-09-22T14:01:12.672016+00:00
20772,Upper Marlboro,MD,Garage Door - Nationwide up to $80,,37.50,2026-09-22T14:01:12.672016+00:00
20774,Upper Marlboro,MD,Garage Door - Nationwide up to $80,,37.50,2026-09-22T14:01:12.672016+00:00
20776,Harwood,MD,Garage Door - Nationwide up to $80,,38.50,2026-09-22T14:01:12.672016+00:00
20777,Highland,MD,Garage Door - Nationwide up to $80,,38.50,2026-09-22T14:01:12.672016+00:00
20778,West River,MD,Garage Door - Nationwide up to $80,,38.50,2026-09-22T14:01:12.672016+00:00
20781,Hyattsville,MD,Garage Door - Nationwide up to $80,,37.50,2026-09-22T14:01:12.672016+00:00
20782,Hyattsville,MD,Garage Door - Nationwide up to $80,,37.50,2026-09-22T14:01:12.672016+00:00
20783,Hyattsville,MD,Garage Door - Nationwide up to $80,,37.50,2026-09-22T14:01:12.672016+00:00
20784,Hyattsville,MD,Garage Door - Nationwide up to $80,,37.50,2026-09-22T14:01:12.672016+00:00
20785,Hyattsville,MD,Garage Door - Nationwide up to $80,,37.50,2026-09-22T14:01:12.672016+00:00
20794,Jessup,MD,Garage Door - Nationwide up to $80,,38.50,2026-09-22T14:01:12.672016+00:00
20810,,,Garage Door - Nationwide up to $80,,38.50,2026-09-22T14:01:12.672016+00:00
20812,Glen Echo,MD,Garage Door - Nationwide up to $80,,38.50,2026-09-22T14:01:12.672016+00:00
20814,Bethesda,MD,Garage Door - Nationwide up to $80,,38.50,2026-09-22T14:01:12.672016+00:00
20815,Chevy Chase,MD,Garage Door - Nationwide up to $80,,38.50,2026-09-22T14:01:12.672016+00:00
20816,Bethesda,MD,Garage Door - Nationwide up to $80,,38.50,2026-09-22T14:01:12.672016+00:00
20817,Bethesda,MD,Garage Door - Nationwide up to $80,,38.50,2026-09-22T14:01:12.672016+00:00
20818,Cabin John,MD,Garage Door - Nationwide up to $80,,38.50,2026-09-22T14:01:12.672016+00:00
20832,Olney,MD,Garage Door - Nationwide up to $80,,38.50,2026-09-22T14:01:12.672016+00:00
20833,Brookeville,MD,Garage Door - Nationwide up to $80,,38.50,2026-09-22T14:01:12.672016+00:00
20837,Poolesville,MD,Garage Door - Nationwide up to $80,,38.50,2026-09-22T14:01:12.672016+00:00
20838,Barnesville,MD,Garage Door - Nationwide up to $80,,38.50,2026-09-22T14:01:12.672016+00:00
20839,Beallsville,MD,Garage Door - Nationwide up to $80,,38.50,2026-09-22T14:01:12.672016+00:00
20841,Boyds,MD,Garage Door - Nationwide up to $80,,38.50,2026-09-22T14:01:12.672016+00:00
20842,Dickerson,MD,Garage Door - Nationwide up to $80,,38.50,2026-09-22T14:01:12.672016+00:00
20850,Rockville,MD,Garage Door - Nationwide up to $80,,38.50,2026-09-22T14:01:12.672016+00:00
20851,Rockville,MD,Garage Door - Nationwide up to $80,,38.50,2026-09-22T14:01:12.672016+00:00
20852,Rockville,MD,Garage Door - Nationwide up to $80,,38.50,2026-09-22T14:01:12.672016+00:00
20853,Rockville,MD,Garage Door - Nationwide up to $80,,38.50,2026-09-22T14:01:12.672016+00:00
20854,Potomac,MD,Garage Door - Nationwide up to $80,,38.50,2026-09-22T14:01:12.672016+00:00
20855,Derwood,MD,Garage Door - Nationwide up to $80,,38.50,2026-09-22T14:01:12.672016+00:00
20860,Sandy Spring,MD,Garage Door - Nationwide up to $80,,38.50,2026-09-22T14:01:12.672016+00:00
20861,Ashton,MD,Garage Door - Nationwide up to $80,,38.50,2026-09-22T14:01:12.672016+00:00
20862,Brinklow,MD,Garage Door - Nationwide up to $80,,38.50,2026-09-22T14:01:12.672016+00:00
20866,Burtonsville,MD,Garage Door - Nationwide up to $80,,38.50,2026-09-22T14:01:12.672016+00:00
20868,Spencerville,MD,Garage Door - Nationwide up to $80,,38.50,2026-09-22T14:01:12.672016+00:00
20871,Clarksburg,MD,Garage Door - Nationwide up to $80,,38.50,2026-09-22T14:01:12.672016+00:00
20872,Damascus,MD,Garage Door - Nationwide up to $80,,38.50,2026-09-22T14:01:12.672016+00:00
20874,Germantown,MD,Garage Door - Nationwide up to $80,,38.50,2026-09-22T14:01:12.672016+00:00
20876,Germantown,MD,Garage Door - Nationwide up to $80,,38.50,2026-09-22T14:01:12.672016+00:00
20877,Gaithersburg,MD,Garage Door - Nationwide up to $80,,38.50,2026-09-22T14:01:12.672016+00:00
20878,Gaithersburg,MD,Garage Door - Nationwide up to $80,,38.50,2026-09-22T14:01:12.672016+00:00
20879,Gaithersburg,MD,Garage Door - Nationwide up to $80,,38.50,2026-09-22T14:01:12.672016+00:00
20880,Washington Grove,MD,Garage Door - Nationwide up to $80,,38.50,2026-09-22T14:01:12.672016+00:00
20882,Gaithersburg,MD,Garage Door - Nationwide up to $80,,38.50,2026-09-22T14:01:12.672016+00:00
20886,Montgomery Village,MD,Garage Door - Nationwide up to $80,,38.50,2026-09-22T14:01:12.672016+00:00
20889,Bethesda,MD,Garage Door - Nationwide up to $80,,38.50,2026-09-22T14:01:12.672016+00:00
20892,Bethesda,MD,Garage Door - Nationwide up to $80,,38.50,2026-09-22T14:01:12.672016+00:00
20895,Kensington,MD,Garage Door - Nationwide up to $80,,38.50,2026-09-22T14:01:12.672016+00:00
20896,Garrett Park,MD,Garage Door - Nationwide up to $80,,38.50,2026-09-22T14:01:12.672016+00:00
20899,Gaithersburg,MD,Garage Door - Nationwide up to $80,,38.50,2026-09-22T14:01:12.672016+00:00
20901,Silver Spring,MD,Garage Door - Nationwide up to $80,,38.50,2026-09-22T14:01:12.672016+00:00
20902,Silver Spring,MD,Garage Door - Nationwide up to $80,,38.50,2026-09-22T14:01:12.672016+00:00
20903,Silver Spring,MD,Garage Door - Nationwide up to $80,,38.50,2026-09-22T14:01:12.672016+00:00
20904,Silver Spring,MD,Garage Door - Nationwide up to $80,,38.50,2026-09-22T14:01:12.672016+00:00
20905,Silver Spring,MD,Garage Door - Nationwide up to $80,,38.50,2026-09-22T14:01:12.672016+00:00
20906,Silver Spring,MD,Garage Door - Nationwide up to $80,,38.50,2026-09-22T14:01:12.672016+00:00
20910,Silver Spring,MD,Garage Door - Nationwide up to $80,,38.50,2026-09-22T14:01:12.672016+00:00
20912,Takoma Park,MD,Garage Door - Nationwide up to $80,,38.50,2026-09-22T14:01:12.672016+00:00
21009,Abingdon,MD,Garage Door - Nationwide up to $80,,38.50,2026-09-22T14:01:12.672016+00:00
21012,Arnold,MD,Garage Door - Nationwide up to $80,,38.50,2026-09-22T14:01:12.672016+00:00
21013,Baldwin,MD,Garage Door - Nationwide up to $80,,38.50,2026-09-22T14:01:12.672016+00:00
21014,Bel Air,MD,Garage Door - Nationwide up to $80,,38.50,2026-09-22T14:01:12.672016+00:00
21015,Bel Air,MD,Garage Door - Nationwide up to $80,,38.50,2026-09-22T14:01:12.672016+00:00
21022,,,Garage Door - Nationwide up to $80,,38.50,2026-09-22T14:01:12.672016+00:00
21029,Clarksville,MD,Garage Door - Nationwide up to $80,,38.50,2026-09-22T14:01:12.672016+00:00
21030,Cockeysville,MD,Garage Door - Nationwide up to $80,,38.50,2026-09-22T14:01:12.672016+00:00
21031,Hunt Valley,MD,Garage Door - Nationwide up to $80,,38.50,2026-09-22T14:01:12.672016+00:00
21032,Crownsville,MD,Garage Door - Nationwide up to $80,,38.50,2026-09-22T14:01:12.672016+00:00
21035,Davidsonville,MD,Garage Door - Nationwide up to $80,,38.50,2026-09-22T14:01:12.672016+00:00
21036,Dayton,MD,Garage Door - Nationwide up to $80,,38.50,2026-09-22T14:01:12.672016+00:00
21037,Edgewater,MD,Garage Door - Nationwide up to $80,,38.50,2026-09-22T14:01:12.672016+00:00
21042,Ellicott City,MD,Garage Door - Nationwide up to $80,,38.50,2026-09-22T14:01:12.672016+00:00
21043,Ellicott City,MD,Garage Door - Nationwide up to $80,,38.50,2026-09-22T14:01:12.672016+00:00
21044,Columbia,MD,Garage Door - Nationwide up to $80,,38.50,2026-09-22T14:01:12.672016+00:00
21045,Columbia,MD,Garage Door - Nationwide up to $80,,38.50,2026-09-22T14:01:12.672016+00:00
21046,Columbia,MD,Garage Door - Nationwide up to $80,,38.50,2026-09-22T14:01:12.672016+00:00
21047,Fallston,MD,Garage Door - Nationwide up to $80,,38.50,2026-09-22T14:01:12.672016+00:00
21048,Finksburg,MD,Garage Door - Nationwide up to $80,,38.50,2026-09-22T14:01:12.672016+00:00
21050,Forest Hill,MD,Garage Door - Nationwide up to $80,,38.50,2026-09-22T14:01:12.672016+00:00
21051,Fork,MD,Garage Door - Nationwide up to $80,,38.50,2026-09-22T14:01:12.672016+00:00
21054,Gambrills,MD,Garage Door - Nationwide up to $80,,38.50,2026-09-22T14:01:12.672016+00:00
21056,Gibson Island,MD,Garage Door - Nationwide up to $80,,38.50,2026-09-22T14:01:12.672016+00:00
21057,Glen Arm,MD,Garage Door - Nationwide up to $80,,38.50,2026-09-22T14:01:12.672016+00:00
21061,Glen Burnie,MD,Garage Door - Nationwide up to $80,,38.50,2026-09-22T14:01:12.672016+00:00
21071,Glyndon,MD,Garage Door - Nationwide up to $80,,38.50,2026-09-22T14:01:12.672016+00:00
21074,Hampstead,MD,Garage Door - Nationwide up to $80,,38.50,2026-09-22T14:01:12.672016+00:00
21075,Elkridge,MD,Garage Door - Nationwide up to $80,,38.50,2026-09-22T14:01:12.672016+00:00
21076,Hanover,MD,Garage Door - Nationwide up to $80,,38.50,2026-09-22T14:01:12.672016+00:00
21077,Harmans,MD,Garage Door - Nationwide up to $80,,38.50,2026-09-22T14:01:12.672016+00:00
21082,Hydes,MD,Garage Door - Nationwide up to $80,,38.50,2026-09-22T14:01:12.672016+00:00
21084,Jarrettsville,MD,Garage Door - Nationwide up to $80,,38.50,2026-09-22T14:01:12.672016+00:00
21085,Joppa,MD,Garage Door - Nationwide up to $80,,38.50,2026-09-22T14:01:12.672016+00:00
21087,Kingsville,MD,Garage Door - Nationwide up to $80,,38.50,2026-09-22T14:01:12.672016+00:00
21093,Lutherville Timonium,MD,Garage Door - Nationwide up to $80,,38.50,2026-09-22T14:01:12.672016+00:00
21104,Marriottsville,MD,Garage Door - Nationwide up to $80,,38.50,2026-09-22T14:01:12.672016+00:00
21108,Millersville,MD,Garage Door - Nationwide up to $80,,38.50,2026-09-22T14:01:12.672016+00:00
21111,Monkton,MD,Garage Door - Nationwide up to $80,,38.50,2026-09-22T14:01:12.672016+00:00
21113,Odenton,MD,Garage Door - Nationwide up to $80,,38.50,2026-09-22T14:01:12.672016+00:00
21114,Crofton,MD,Garage Door - Nationwide up to $80,,38.50,2026-09-22T14:01:12.672016+00:00
21117,Owings Mills,MD,Garage Door - Nationwide up to $80,,38.50,2026-09-22T14:01:12.672016+00:00
21122,Pasadena,MD,Garage Door - Nationwide up to $80,,38.50,2026-09-22T14:01:12.672016+00:00
21128,Perry Hall,MD,Garage Door - Nationwide up to $80,,38.50,2026-09-22T14:01:12.672016+00:00
21131,Phoenix,MD,Garage Door - Nationwide up to $80,,38.50,2026-09-22T14:01:12.672016+00:00
21133,Randallstown,MD,Garage Door - Nationwide up to $80,,38.50,2026-09-22T14:01:12.672016+00:00
21136,Reisterstown,MD,Garage Door - Nationwide up to $80,,38.50,2026-09-22T14:01:12.672016+00:00
21140,Riva,MD,Garage Door - Nationwide up to $80,,38.50,2026-09-22T14:01:12.672016+00:00
21144,Severn,MD,Garage Door - Nationwide up to $80,,38.50,2026-09-22T14:01:12.672016+00:00
21146,Severna Park,MD,Garage Door - Nationwide up to $80,,38.50,2026-09-22T14:01:12.672016+00:00
21152,Sparks Glencoe,MD,Garage Door - Nationwide up to $80,,38.50,2026-09-22T14:01:12.672016+00:00
21153,Stevenson,MD,Garage Door - Nationwide up to $80,,38.50,2026-09-22T14:01:12.672016+00:00
21155,Upperco,MD,Garage Door - Nationwide up to $80,,38.50,2026-09-22T14:01:12.672016+00:00
21156,Upper Falls,MD,Garage Door - Nationwide up to $80,,38.50,2026-09-22T14:01:12.672016+00:00
21157,Westminster,MD,Garage Door - Nationwide up to $80,,38.50,2026-09-22T14:01:12.672016+00:00
21158,Westminster,MD,Garage Door - Nationwide up to $80,,38.50,2026-09-22T14:01:12.672016+00:00
21162,White Marsh,MD,Garage Door - Nationwide up to $80,,38.50,2026-09-22T14:01:12.672016+00:00
21163,Woodstock,MD,Garage Door - Nationwide up to $80,,38.50,2026-09-22T14:01:12.672016+00:00
21204,Towson,MD,Garage Door - Nationwide up to $80,,38.50,2026-09-22T14:01:12.672016+00:00
21206,Baltimore,MD,Garage Door - Nationwide up to $80,,38.50,2026-09-22T14:01:12.672016+00:00
21207,Gwynn Oak,MD,Garage Door - Nationwide up to $80,,38.50,2026-09-22T14:01:12.672016+00:00
21208,Pikesville,MD,Garage Door - Nationwide up to $80,,38.50,2026-09-22T14:01:12.672016+00:00
21209,Baltimore,MD,Garage Door - Nationwide up to $80,,38.50,2026-09-22T14:01:12.672016+00:00
21210,Baltimore,MD,Garage Door - Nationwide up to $80,,38.50,2026-09-22T14:01:12.672016+00:00
21212,Baltimore,MD,Garage Door - Nationwide up to $80,,38.50,2026-09-22T14:01:12.672016+00:00
21227,Halethorpe,MD,Garage Door - Nationwide up to $80,,38.50,2026-09-22T14:01:12.672016+00:00
21228,Catonsville,MD,Garage Door - Nationwide up to $80,,38.50,2026-09-22T14:01:12.672016+00:00
21229,Baltimore,MD,Garage Door - Nationwide up to $80,,38.50,2026-09-22T14:01:12.672016+00:00
21234,Parkville,MD,Garage Door - Nationwide up to $80,,38.50,2026-09-22T14:01:12.672016+00:00
21236,Nottingham,MD,Garage Door - Nationwide up to $80,,38.50,2026-09-22T14:01:12.672016+00:00
21237,Rosedale,MD,Garage Door - Nationwide up to $80,,38.50,2026-09-22T14:01:12.672016+00:00
21239,Baltimore,MD,Garage Door - Nationwide up to $80,,38.50,2026-09-22T14:01:12.672016+00:00
21244,Windsor Mill,MD,Garage Door - Nationwide up to $80,,38.50,2026-09-22T14:01:12.672016+00:00
21250,Baltimore,MD,Garage Door - Nationwide up to $80,,38.50,2026-09-22T14:01:12.672016+00:00
21252,Towson,MD,Garage Door - Nationwide up to $80,,38.50,2026-09-22T14:01:12.672016+00:00
21286,Towson,MD,Garage Door - Nationwide up to $80,,38.50,2026-09-22T14:01:12.672016+00:00
21401,Annapolis,MD,Garage Door - Nationwide up to $80,,38.50,2026-09-22T14:01:12.672016+00:00
21402,Annapolis,MD,Garage Door - Nationwide up to $80,,38.50,2026-09-22T14:01:12.672016+00:00
21403,Annapolis,MD,Garage Door - Nationwide up to $80,,38.50,2026-09-22T14:01:12.672016+00:00
21405,Annapolis,MD,Garage Door - Nationwide up to $80,,38.50,2026-09-22T14:01:12.672016+00:00
21409,Annapolis,MD,Garage Door - Nationwide up to $80,,38.50,2026-09-22T14:01:12.672016+00:00
21701,Frederick,MD,Garage Door - Nationwide up to $80,,38.50,2026-09-22T14:01:12.672016+00:00
21702,Frederick,MD,Garage Door - Nationwide up to $80,,38.50,2026-09-22T14:01:12.672016+00:00
21703,Frederick,MD,Garage Door - Nationwide up to $80,,38.50,2026-09-22T14:01:12.672016+00:00
21704,Frederick,MD,Garage Door - Nationwide up to $80,,38.50,2026-09-22T14:01:12.672016+00:00
21710,Adamstown,MD,Garage Door - Nationwide up to $80,,38.50,2026-09-22T14:01:12.672016+00:00
21714,Braddock Heights,MD,Garage Door - Nationwide up to $80,,38.50,2026-09-22T14:01:12.672016+00:00
21716,Brunswick,MD,Garage Door - Nationwide up to $80,,38.50,2026-09-22T14:01:12.672016+00:00
21717,Buckeystown,MD,Garage Door - Nationwide up to $80,,38.50,2026-09-22T14:01:12.672016+00:00
21718,Burkittsville,MD,Garage Door - Nationwide up to $80,,38.50,2026-09-22T14:01:12.672016+00:00
21723,Cooksville,MD,Garage Door - Nationwide up to $80,,38.50,2026-09-22T14:01:12.672016+00:00
21737,Glenelg,MD,Garage Door - Nationwide up to $80,,38.50,2026-09-22T14:01:12.672016+00:00
21738,Glenwood,MD,Garage Door - Nationwide up to $80,,38.50,2026-09-22T14:01:12.672016+00:00
21754,Ijamsville,MD,Garage Door - Nationwide up to $80,,38.50,2026-09-22T14:01:12.672016+00:00
21755,Jefferson,MD,Garage Door - Nationwide up to $80,,38.50,2026-09-22T14:01:12.672016+00:00
21758,Knoxville,MD,Garage Door - Nationwide up to $80,,38.50,2026-09-22T14:01:12.672016+00:00
21762,Libertytown,MD,Garage Door - Nationwide up to $80,,38.50,2026-09-22T14:01:12.672016+00:00
21765,,,Garage Door - Nationwide up to $80,,38.50,2026-09-22T14:01:12.672016+00:00
21769,Middletown,MD,Garage Door - Nationwide up to $80,,38.50,2026-09-22T14:01:12.672016+00:00
21770,Monrovia,MD,Garage Door - Nationwide up to $80,,38.50,2026-09-22T14:01:12.672016+00:00
21771,Mount Airy,MD,Garage Door - Nationwide up to $80,,38.50,2026-09-22T14:01:12.672016+00:00
21773,Myersville,MD,Garage Door - Nationwide up to $80,,38.50,2026-09-22T14:01:12.672016+00:00
21774,New Market,MD,Garage Door - Nationwide up to $80,,38.50,2026-09-22T14:01:12.672016+00:00
21776,New Windsor,MD,Garage Door - Nationwide up to $80,,38.50,2026-09-22T14:01:12.672016+00:00
21777,Point Of Rocks,MD,Garage Door - Nationwide up to $80,,38.50,2026-09-22T14:01:12.672016+00:00
21784,Sykesville,MD,Garage Door - Nationwide up to $80,,38.50,2026-09-22T14:01:12.672016+00:00
21790,Tuscarora,MD,Garage Door - Nationwide up to $80,,38.50,2026-09-22T14:01:12.672016+00:00
01701,Framingham,MA,Garage Door - Nationwide up to $80,,18.00,2026-09-22T14:01:12.672016+00:00
21791,Union Bridge,MD,Garage Door - Nationwide up to $80,,38.50,2026-09-22T14:01:12.672016+00:00
21793,Walkersville,MD,Garage Door - Nationwide up to $80,,38.50,2026-09-22T14:01:12.672016+00:00
21794,West Friendship,MD,Garage Door - Nationwide up to $80,,38.50,2026-09-22T14:01:12.672016+00:00
21797,Woodbine,MD,Garage Door - Nationwide up to $80,,38.50,2026-09-22T14:01:12.672016+00:00
22003,Annandale,VA,Garage Door - Nationwide up to $80,,38.50,2026-09-22T14:01:12.672016+00:00
22015,Burke,VA,Garage Door - Nationwide up to $80,,38.50,2026-09-22T14:01:12.672016+00:00
22027,Dunn Loring,VA,Garage Door - Nationwide up to $80,,38.50,2026-09-22T14:01:12.672016+00:00
22030,Fairfax,VA,Garage Door - Nationwide up to $80,,38.50,2026-09-22T14:01:12.672016+00:00
22031,Fairfax,VA,Garage Door - Nationwide up to $80,,38.50,2026-09-22T14:01:12.672016+00:00
22032,Fairfax,VA,Garage Door - Nationwide up to $80,,38.50,2026-09-22T14:01:12.672016+00:00
22033,Fairfax,VA,Garage Door - Nationwide up to $80,,38.50,2026-09-22T14:01:12.672016+00:00
22035,Fairfax,VA,Garage Door - Nationwide up to $80,,38.50,2026-09-22T14:01:12.672016+00:00
22039,Fairfax Station,VA,Garage Door - Nationwide up to $80,,38.50,2026-09-22T14:01:12.672016+00:00
22041,Falls Church,VA,Garage Door - Nationwide up to $80,,38.50,2026-09-22T14:01:12.672016+00:00
22042,Falls Church,VA,Garage Door - Nationwide up to $80,,38.50,2026-09-22T14:01:12.672016+00:00
22043,Falls Church,VA,Garage Door - Nationwide up to $80,,38.50,2026-09-22T14:01:12.672016+00:00
22044,Falls Church,VA,Garage Door - Nationwide up to $80,,38.50,2026-09-22T14:01:12.672016+00:00
22046,Falls Church,VA,Garage Door - Nationwide up to $80,,38.50,2026-09-22T14:01:12.672016+00:00
22060,Fort Belvoir,VA,Garage Door - Nationwide up to $80,,38.50,2026-09-22T14:01:12.672016+00:00
22066,Great Falls,VA,Garage Door - Nationwide up to $80,,38.50,2026-09-22T14:01:12.672016+00:00
22079,Lorton,VA,Garage Door - Nationwide up to $80,,38.50,2026-09-22T14:01:12.672016+00:00
22101,McLean,VA,Garage Door - Nationwide up to $80,,38.50,2026-09-22T14:01:12.672016+00:00
22102,McLean,VA,Garage Door - Nationwide up to $80,,38.50,2026-09-22T14:01:12.672016+00:00
22124,Oakton,VA,Garage Door - Nationwide up to $80,,38.50,2026-09-22T14:01:12.672016+00:00
22125,Occoquan,VA,Garage Door - Nationwide up to $80,,38.50,2026-09-22T14:01:12.672016+00:00
22150,Springfield,VA,Garage Door - Nationwide up to $80,,38.50,2026-09-22T14:01:12.672016+00:00
22151,Springfield,VA,Garage Door - Nationwide up to $80,,38.50,2026-09-22T14:01:12.672016+00:00
22152,Springfield,VA,Garage Door - Nationwide up to $80,,38.50,2026-09-22T14:01:12.672016+00:00
22153,Springfield,VA,Garage Door - Nationwide up to $80,,38.50,2026-09-22T14:01:12.672016+00:00
22180,Vienna,VA,Garage Door - Nationwide up to $80,,38.50,2026-09-22T14:01:12.672016+00:00
22181,Vienna,VA,Garage Door - Nationwide up to $80,,38.50,2026-09-22T14:01:12.672016+00:00
22182,Vienna,VA,Garage Door - Nationwide up to $80,,38.50,2026-09-22T14:01:12.672016+00:00
22185,,,Garage Door - Nationwide up to $80,,38.50,2026-09-22T14:01:12.672016+00:00
22191,Woodbridge,VA,Garage Door - Nationwide up to $80,,38.50,2026-09-22T14:01:12.672016+00:00
22192,Woodbridge,VA,Garage Door - Nationwide up to $80,,38.50,2026-09-22T14:01:12.672016+00:00
22193,Woodbridge,VA,Garage Door - Nationwide up to $80,,38.50,2026-09-22T14:01:12.672016+00:00
22201,Arlington,VA,Garage Door - Nationwide up to $80,,38.50,2026-09-22T14:01:12.672016+00:00
22202,Arlington,VA,Garage Door - Nationwide up to $80,,38.50,2026-09-22T14:01:12.672016+00:00
22203,Arlington,VA,Garage Door - Nationwide up to $80,,38.50,2026-09-22T14:01:12.672016+00:00
22204,Arlington,VA,Garage Door - Nationwide up to $80,,38.50,2026-09-22T14:01:12.672016+00:00
22205,Arlington,VA,Garage Door - Nationwide up to $80,,38.50,2026-09-22T14:01:12.672016+00:00
22206,Arlington,VA,Garage Door - Nationwide up to $80,,38.50,2026-09-22T14:01:12.672016+00:00
22207,Arlington,VA,Garage Door - Nationwide up to $80,,38.50,2026-09-22T14:01:12.672016+00:00
22209,Arlington,VA,Garage Door - Nationwide up to $80,,38.50,2026-09-22T14:01:12.672016+00:00
22211,Fort Myer,VA,Garage Door - Nationwide up to $80,,38.50,2026-09-22T14:01:12.672016+00:00
22213,Arlington,VA,Garage Door - Nationwide up to $80,,38.50,2026-09-22T14:01:12.672016+00:00
22214,Arlington,VA,Garage Door - Nationwide up to $80,,38.50,2026-09-22T14:01:12.672016+00:00
22301,Alexandria,VA,Garage Door - Nationwide up to $80,,38.50,2026-09-22T14:01:12.672016+00:00
22302,Alexandria,VA,Garage Door - Nationwide up to $80,,38.50,2026-09-22T14:01:12.672016+00:00
22303,Alexandria,VA,Garage Door - Nationwide up to $80,,38.50,2026-09-22T14:01:12.672016+00:00
22304,Alexandria,VA,Garage Door - Nationwide up to $80,,38.50,2026-09-22T14:01:12.672016+00:00
22305,Alexandria,VA,Garage Door - Nationwide up to $80,,38.50,2026-09-22T14:01:12.672016+00:00
22306,Alexandria,VA,Garage Door - Nationwide up to $80,,38.50,2026-09-22T14:01:12.672016+00:00
22307,Alexandria,VA,Garage Door - Nationwide up to $80,,38.50,2026-09-22T14:01:12.672016+00:00
22308,Alexandria,VA,Garage Door - Nationwide up to $80,,38.50,2026-09-22T14:01:12.672016+00:00
22309,Alexandria,VA,Garage Door - Nationwide up to $80,,38.50,2026-09-22T14:01:12.672016+00:00
22310,Alexandria,VA,Garage Door - Nationwide up to $80,,38.50,2026-09-22T14:01:12.672016+00:00
22311,Alexandria,VA,Garage Door - Nationwide up to $80,,38.50,2026-09-22T14:01:12.672016+00:00
22312,Alexandria,VA,Garage Door - Nationwide up to $80,,38.50,2026-09-22T14:01:12.672016+00:00
22314,Alexandria,VA,Garage Door - Nationwide up to $80,,38.50,2026-09-22T14:01:12.672016+00:00
22315,Alexandria,VA,Garage Door - Nationwide up to $80,,38.50,2026-09-22T14:01:12.672016+00:00
24053,Ararat,VA,Garage Door - Nationwide up to $80,,74.00,2026-09-22T14:01:12.672016+00:00
24054,Axton,VA,Garage Door - Nationwide up to $80,,74.00,2026-09-22T14:01:12.672016+00:00
24069,Cascade,VA,Garage Door - Nationwide up to $80,,74.00,2026-09-22T14:01:12.672016+00:00
24076,Claudville,VA,Garage Door - Nationwide up to $80,,74.00,2026-09-22T14:01:12.672016+00:00
24078,Collinsville,VA,Garage Door - Nationwide up to $80,,74.00,2026-09-22T14:01:12.672016+00:00
24082,Critz,VA,Garage Door - Nationwide up to $80,,74.00,2026-09-22T14:01:12.672016+00:00
24089,Fieldale,VA,Garage Door - Nationwide up to $80,,74.00,2026-09-22T14:01:12.672016+00:00
24112,Martinsville,VA,Garage Door - Nationwide up to $80,,74.00,2026-09-22T14:01:12.672016+00:00
24113,,,Garage Door - Nationwide up to $80,,85.50,2026-09-22T14:01:12.672016+00:00
24114,,,Garage Door - Nationwide up to $80,,85.50,2026-09-22T14:01:12.672016+00:00
24115,,,Garage Door - Nationwide up to $80,,85.50,2026-09-22T14:01:12.672016+00:00
24133,Patrick Springs,VA,Garage Door - Nationwide up to $80,,74.00,2026-09-22T14:01:12.672016+00:00
24148,Ridgeway,VA,Garage Door - Nationwide up to $80,,74.00,2026-09-22T14:01:12.672016+00:00
24165,Spencer,VA,Garage Door - Nationwide up to $80,,74.00,2026-09-22T14:01:12.672016+00:00
24168,Stanleytown,VA,Garage Door - Nationwide up to $80,,74.00,2026-09-22T14:01:12.672016+00:00
24540,Danville,VA,Garage Door - Nationwide up to $80,,74.00,2026-09-22T14:01:12.672016+00:00
24541,Danville,VA,Garage Door - Nationwide up to $80,,74.00,2026-09-22T14:01:12.672016+00:00
24543,,,Garage Door - Nationwide up to $80,,74.00,2026-09-22T14:01:12.672016+00:00
24549,Dry Fork,VA,Garage Door - Nationwide up to $80,,74.00,2026-09-22T14:01:12.672016+00:00
24586,Ringgold,VA,Garage Door - Nationwide up to $80,,74.00,2026-09-22T14:01:12.672016+00:00
27006,Advance,NC,Garage Door - Nationwide up to $80,,85.50,2026-09-22T14:01:12.672016+00:00
27007,Ararat,NC,Garage Door - Nationwide up to $80,,85.50,2026-09-22T14:01:12.672016+00:00
27009,Belews Creek,NC,Garage Door - Nationwide up to $80,,74.00,2026-09-22T14:01:12.672016+00:00
27010,,,Garage Door - Nationwide up to $80,,74.00,2026-09-22T14:01:12.672016+00:00
27012,Clemmons,NC,Garage Door - Nationwide up to $80,,74.00,2026-09-22T14:01:12.672016+00:00
27014,Cooleemee,NC,Garage Door - Nationwide up to $80,,85.50,2026-09-22T14:01:12.672016+00:00
27016,Danbury,NC,Garage Door - Nationwide up to $80,,85.50,2026-09-22T14:01:12.672016+00:00
27018,East Bend,NC,Garage Door - Nationwide up to $80,,85.50,2026-09-22T14:01:12.672016+00:00
27019,Germanton,NC,Garage Door - Nationwide up to $80,,85.50,2026-09-22T14:01:12.672016+00:00
27021,King,NC,Garage Door - Nationwide up to $80,,85.50,2026-09-22T14:01:12.672016+00:00
27022,Lawsonville,NC,Garage Door - Nationwide up to $80,,85.50,2026-09-22T14:01:12.672016+00:00
27023,Lewisville,NC,Garage Door - Nationwide up to $80,,74.00,2026-09-22T14:01:12.672016+00:00
27025,Madison,NC,Garage Door - Nationwide up to $80,,85.50,2026-09-22T14:01:12.672016+00:00
27027,Mayodan,NC,Garage Door - Nationwide up to $80,,85.50,2026-09-22T14:01:12.672016+00:00
27028,Mocksville,NC,Garage Door - Nationwide up to $80,,85.50,2026-09-22T14:01:12.672016+00:00
27030,Mount Airy,NC,Garage Door - Nationwide up to $80,,85.50,2026-09-22T14:01:12.672016+00:00
27031,,,Garage Door - Nationwide up to $80,,85.50,2026-09-22T14:01:12.672016+00:00
27040,Pfafftown,NC,Garage Door - Nationwide up to $80,,74.00,2026-09-22T14:01:12.672016+00:00
27041,Pilot Mountain,NC,Garage Door - Nationwide up to $80,,85.50,2026-09-22T14:01:12.672016+00:00
27042,Pine Hall,NC,Garage Door - Nationwide up to $80,,85.50,2026-09-22T14:01:12.672016+00:00
27043,Pinnacle,NC,Garage Door - Nationwide up to $80,,85.50,2026-09-22T14:01:12.672016+00:00
27045,Rural Hall,NC,Garage Door - Nationwide up to $80,,74.00,2026-09-22T14:01:12.672016+00:00
27046,Sandy Ridge,NC,Garage Door - Nationwide up to $80,,85.50,2026-09-22T14:01:12.672016+00:00
27047,Siloam,NC,Garage Door - Nationwide up to $80,,85.50,2026-09-22T14:01:12.672016+00:00
27048,Stoneville,NC,Garage Door - Nationwide up to $80,,85.50,2026-09-22T14:01:12.672016+00:00
27049,,,Garage Door - Nationwide up to $80,,85.50,2026-09-22T14:01:12.672016+00:00
27050,Tobaccoville,NC,Garage Door - Nationwide up to $80,,74.00,2026-09-22T14:01:12.672016+00:00
27051,Walkertown,NC,Garage Door - Nationwide up to $80,,74.00,2026-09-22T14:01:12.672016+00:00
27052,Walnut Cove,NC,Garage Door - Nationwide up to $80,,85.50,2026-09-22T14:01:12.672016+00:00
27053,Westfield,NC,Garage Door - Nationwide up to $80,,85.50,2026-09-22T14:01:12.672016+00:00
27054,Woodleaf,NC,Garage Door - Nationwide up to $80,,78.00,2026-09-22T14:01:12.672016+00:00
27055,Yadkinville,NC,Garage Door - Nationwide up to $80,,85.50,2026-09-22T14:01:12.672016+00:00
27094,,,Garage Door - Nationwide up to $80,,74.00,2026-09-22T14:01:12.672016+00:00
27098,,,Garage Door - Nationwide up to $80,,74.00,2026-09-22T14:01:12.672016+00:00
27099,,,Garage Door - Nationwide up to $80,,74.00,2026-09-22T14:01:12.672016+00:00
27101,Winston Salem,NC,Garage Door - Nationwide up to $80,,74.00,2026-09-22T14:01:12.672016+00:00
27102,,,Garage Door - Nationwide up to $80,,74.00,2026-09-22T14:01:12.672016+00:00
27103,Winston Salem,NC,Garage Door - Nationwide up to $80,,74.00,2026-09-22T14:01:12.672016+00:00
27104,Winston Salem,NC,Garage Door - Nationwide up to $80,,74.00,2026-09-22T14:01:12.672016+00:00
27105,Winston Salem,NC,Garage Door - Nationwide up to $80,,74.00,2026-09-22T14:01:12.672016+00:00
27106,Winston Salem,NC,Garage Door - Nationwide up to $80,,74.00,2026-09-22T14:01:12.672016+00:00
27107,Winston Salem,NC,Garage Door - Nationwide up to $80,,74.00,2026-09-22T14:01:12.672016+00:00
27108,,,Garage Door - Nationwide up to $80,,74.00,2026-09-22T14:01:12.672016+00:00
27109,Winston Salem,NC,Garage Door - Nationwide up to $80,,74.00,2026-09-22T14:01:12.672016+00:00
27110,Winston Salem,NC,Garage Door - Nationwide up to $80,,74.00,2026-09-22T14:01:12.672016+00:00
27111,,,Garage Door - Nationwide up to $80,,74.00,2026-09-22T14:01:12.672016+00:00
27113,,,Garage Door - Nationwide up to $80,,74.00,2026-09-22T14:01:12.672016+00:00
27114,,,Garage Door - Nationwide up to $80,,74.00,2026-09-22T14:01:12.672016+00:00
27115,,,Garage Door - Nationwide up to $80,,74.00,2026-09-22T14:01:12.672016+00:00
27116,,,Garage Door - Nationwide up to $80,,74.00,2026-09-22T14:01:12.672016+00:00
27117,,,Garage Door - Nationwide up to $80,,74.00,2026-09-22T14:01:12.672016+00:00
27120,,,Garage Door - Nationwide up to $80,,74.00,2026-09-22T14:01:12.672016+00:00
27127,Winston Salem,NC,Garage Door - Nationwide up to $80,,74.00,2026-09-22T14:01:12.672016+00:00
27130,,,Garage Door - Nationwide up to $80,,74.00,2026-09-22T14:01:12.672016+00:00
27150,,,Garage Door - Nationwide up to $80,,74.00,2026-09-22T14:01:12.672016+00:00
27152,,,Garage Door - Nationwide up to $80,,74.00,2026-09-22T14:01:12.672016+00:00
27155,,,Garage Door - Nationwide up to $80,,74.00,2026-09-22T14:01:12.672016+00:00
27157,,,Garage Door - Nationwide up to $80,,74.00,2026-09-22T14:01:12.672016+00:00
27198,,,Garage Door - Nationwide up to $80,,74.00,2026-09-22T14:01:12.672016+00:00
27199,,,Garage Door - Nationwide up to $80,,74.00,2026-09-22T14:01:12.672016+00:00
27201,Alamance,NC,Garage Door - Nationwide up to $80,,81.50,2026-09-22T14:01:12.672016+00:00
27202,Altamahaw,NC,Garage Door - Nationwide up to $80,,81.50,2026-09-22T14:01:12.672016+00:00
27203,Asheboro,NC,Garage Door - Nationwide up to $80,,74.00,2026-09-22T14:01:12.672016+00:00
27204,,,Garage Door - Nationwide up to $80,,74.00,2026-09-22T14:01:12.672016+00:00
27205,Asheboro,NC,Garage Door - Nationwide up to $80,,74.00,2026-09-22T14:01:12.672016+00:00
27212,Blanch,NC,Garage Door - Nationwide up to $80,,85.50,2026-09-22T14:01:12.672016+00:00
27214,Browns Summit,NC,Garage Door - Nationwide up to $80,,85.50,2026-09-22T14:01:12.672016+00:00
27215,Burlington,NC,Garage Door - Nationwide up to $80,,81.50,2026-09-22T14:01:12.672016+00:00
27216,,,Garage Door - Nationwide up to $80,,81.50,2026-09-22T14:01:12.672016+00:00
27217,Burlington,NC,Garage Door - Nationwide up to $80,,81.50,2026-09-22T14:01:12.672016+00:00
27230,,,Garage Door - Nationwide up to $80,,74.00,2026-09-22T14:01:12.672016+00:00
27231,Cedar Grove,NC,Garage Door - Nationwide up to $80,,74.00,2026-09-22T14:01:12.672016+00:00
27233,Climax,NC,Garage Door - Nationwide up to $80,,74.00,2026-09-22T14:01:12.672016+00:00
27235,Colfax,NC,Garage Door - Nationwide up to $80,,85.50,2026-09-22T14:01:12.672016+00:00
27244,Elon,NC,Garage Door - Nationwide up to $80,,81.50,2026-09-22T14:01:12.672016+00:00
27248,Franklinville,NC,Garage Door - Nationwide up to $80,,74.00,2026-09-22T14:01:12.672016+00:00
27249,Gibsonville,NC,Garage Door - Nationwide up to $80,,85.50,2026-09-22T14:01:12.672016+00:00
27258,Haw River,NC,Garage Door - Nationwide up to $80,,81.50,2026-09-22T14:01:12.672016+00:00
27260,High Point,NC,Garage Door - Nationwide up to $80,,85.50,2026-09-22T14:01:12.672016+00:00
27261,,,Garage Door - Nationwide up to $80,,85.50,2026-09-22T14:01:12.672016+00:00
27262,High Point,NC,Garage Door - Nationwide up to $80,,85.50,2026-09-22T14:01:12.672016+00:00
27263,High Point,NC,Garage Door - Nationwide up to $80,,85.50,2026-09-22T14:01:12.672016+00:00
27264,,,Garage Door - Nationwide up to $80,,85.50,2026-09-22T14:01:12.672016+00:00
27265,High Point,NC,Garage Door - Nationwide up to $80,,85.50,2026-09-22T14:01:12.672016+00:00
27268,High Point,NC,Garage Door - Nationwide up to $80,,85.50,2026-09-22T14:01:12.672016+00:00
27282,Jamestown,NC,Garage Door - Nationwide up to $80,,85.50,2026-09-22T14:01:12.672016+00:00
27283,Julian,NC,Garage Door - Nationwide up to $80,,85.50,2026-09-22T14:01:12.672016+00:00
27284,Kernersville,NC,Garage Door - Nationwide up to $80,,74.00,2026-09-22T14:01:12.672016+00:00
27285,,,Garage Door - Nationwide up to $80,,74.00,2026-09-22T14:01:12.672016+00:00
27288,Eden,NC,Garage Door - Nationwide up to $80,,85.50,2026-09-22T14:01:12.672016+00:00
27289,,,Garage Door - Nationwide up to $80,,85.50,2026-09-22T14:01:12.672016+00:00
27293,,,Garage Door - Nationwide up to $80,,85.50,2026-09-22T14:01:12.672016+00:00
27294,,,Garage Door - Nationwide up to $80,,85.50,2026-09-22T14:01:12.672016+00:00
27295,Lexington,NC,Garage Door - Nationwide up to $80,,85.50,2026-09-22T14:01:12.672016+00:00
27298,Liberty,NC,Garage Door - Nationwide up to $80,,74.00,2026-09-22T14:01:12.672016+00:00
27301,McLeansville,NC,Garage Door - Nationwide up to $80,,85.50,2026-09-22T14:01:12.672016+00:00
27302,Mebane,NC,Garage Door - Nationwide up to $80,,81.50,2026-09-22T14:01:12.672016+00:00
27310,Oak Ridge,NC,Garage Door - Nationwide up to $80,,85.50,2026-09-22T14:01:12.672016+00:00
27311,Pelham,NC,Garage Door - Nationwide up to $80,,85.50,2026-09-22T14:01:12.672016+00:00
27313,Pleasant Garden,NC,Garage Door - Nationwide up to $80,,85.50,2026-09-22T14:01:12.672016+00:00
27314,Prospect Hill,NC,Garage Door - Nationwide up to $80,,85.50,2026-09-22T14:01:12.672016+00:00
27315,Providence,NC,Garage Door - Nationwide up to $80,,85.50,2026-09-22T14:01:12.672016+00:00
27317,Randleman,NC,Garage Door - Nationwide up to $80,,74.00,2026-09-22T14:01:12.672016+00:00
27320,Reidsville,NC,Garage Door - Nationwide up to $80,,85.50,2026-09-22T14:01:12.672016+00:00
27323,,,Garage Door - Nationwide up to $80,,85.50,2026-09-22T14:01:12.672016+00:00
27326,Ruffin,NC,Garage Door - Nationwide up to $80,,85.50,2026-09-22T14:01:12.672016+00:00
27342,Sedalia,NC,Garage Door - Nationwide up to $80,,85.50,2026-09-22T14:01:12.672016+00:00
27350,Sophia,NC,Garage Door - Nationwide up to $80,,74.00,2026-09-22T14:01:12.672016+00:00
27357,Stokesdale,NC,Garage Door - Nationwide up to $80,,85.50,2026-09-22T14:01:12.672016+00:00
27358,Summerfield,NC,Garage Door - Nationwide up to $80,,85.50,2026-09-22T14:01:12.672016+00:00
27359,,,Garage Door - Nationwide up to $80,,81.50,2026-09-22T14:01:12.672016+00:00
27360,Thomasville,NC,Garage Door - Nationwide up to $80,,85.50,2026-09-22T14:01:12.672016+00:00
27361,,,Garage Door - Nationwide up to $80,,85.50,2026-09-22T14:01:12.672016+00:00
27370,Trinity,NC,Garage Door - Nationwide up to $80,,74.00,2026-09-22T14:01:12.672016+00:00
27373,,,Garage Door - Nationwide up to $80,,85.50,2026-09-22T14:01:12.672016+00:00
27374,Welcome,NC,Garage Door - Nationwide up to $80,,85.50,2026-09-22T14:01:12.672016+00:00
27375,,,Garage Door - Nationwide up to $80,,85.50,2026-09-22T14:01:12.672016+00:00
27377,Whitsett,NC,Garage Door - Nationwide up to $80,,85.50,2026-09-22T14:01:12.672016+00:00
27379,Yanceyville,NC,Garage Door - Nationwide up to $80,,85.50,2026-09-22T14:01:12.672016+00:00
27401,Greensboro,NC,Garage Door - Nationwide up to $80,,85.50,2026-09-22T14:01:12.672016+00:00
27402,,,Garage Door - Nationwide up to $80,,85.50,2026-09-22T14:01:12.672016+00:00
27403,Greensboro,NC,Garage Door - Nationwide up to $80,,85.50,2026-09-22T14:01:12.672016+00:00
27404,,,Garage Door - Nationwide up to $80,,85.50,2026-09-22T14:01:12.672016+00:00
27405,Greensboro,NC,Garage Door - Nationwide up to $80,,85.50,2026-09-22T14:01:12.672016+00:00
27406,Greensboro,NC,Garage Door - Nationwide up to $80,,85.50,2026-09-22T14:01:12.672016+00:00
27407,Greensboro,NC,Garage Door - Nationwide up to $80,,85.50,2026-09-22T14:01:12.672016+00:00
27408,Greensboro,NC,Garage Door - Nationwide up to $80,,85.50,2026-09-22T14:01:12.672016+00:00
27409,Greensboro,NC,Garage Door - Nationwide up to $80,,85.50,2026-09-22T14:01:12.672016+00:00
27410,Greensboro,NC,Garage Door - Nationwide up to $80,,85.50,2026-09-22T14:01:12.672016+00:00
27411,Greensboro,NC,Garage Door - Nationwide up to $80,,85.50,2026-09-22T14:01:12.672016+00:00
27412,Greensboro,NC,Garage Door - Nationwide up to $80,,85.50,2026-09-22T14:01:12.672016+00:00
27413,,,Garage Door - Nationwide up to $80,,85.50,2026-09-22T14:01:12.672016+00:00
27415,,,Garage Door - Nationwide up to $80,,85.50,2026-09-22T14:01:12.672016+00:00
27416,,,Garage Door - Nationwide up to $80,,85.50,2026-09-22T14:01:12.672016+00:00
27417,,,Garage Door - Nationwide up to $80,,85.50,2026-09-22T14:01:12.672016+00:00
27419,,,Garage Door - Nationwide up to $80,,85.50,2026-09-22T14:01:12.672016+00:00
27420,,,Garage Door - Nationwide up to $80,,85.50,2026-09-22T14:01:12.672016+00:00
27425,,,Garage Door - Nationwide up to $80,,85.50,2026-09-22T14:01:12.672016+00:00
27427,,,Garage Door - Nationwide up to $80,,85.50,2026-09-22T14:01:12.672016+00:00
27429,,,Garage Door - Nationwide up to $80,,85.50,2026-09-22T14:01:12.672016+00:00
27435,,,Garage Door - Nationwide up to $80,,85.50,2026-09-22T14:01:12.672016+00:00
27438,,,Garage Door - Nationwide up to $80,,85.50,2026-09-22T14:01:12.672016+00:00
27455,Greensboro,NC,Garage Door - Nationwide up to $80,,85.50,2026-09-22T14:01:12.672016+00:00
27495,,,Garage Door - Nationwide up to $80,,85.50,2026-09-22T14:01:12.672016+00:00
27497,,,Garage Door - Nationwide up to $80,,85.50,2026-09-22T14:01:12.672016+00:00
27498,,,Garage Door - Nationwide up to $80,,85.50,2026-09-22T14:01:12.672016+00:00
27499,,,Garage Door - Nationwide up to $80,,85.50,2026-09-22T14:01:12.672016+00:00
28012,Belmont,NC,Garage Door - Nationwide up to $80,,32.50,2026-09-22T14:01:12.672016+00:00
28025,Concord,NC,Garage Door - Nationwide up to $80,,32.50,2026-09-22T14:01:12.672016+00:00
28027,Concord,NC,Garage Door - Nationwide up to $80,,32.50,2026-09-22T14:01:12.672016+00:00
28031,Cornelius,NC,Garage Door - Nationwide up to $80,,32.50,2026-09-22T14:01:12.672016+00:00
28032,Cramerton,NC,Garage Door - Nationwide up to $80,,32.50,2026-09-22T14:01:12.672016+00:00
28034,Dallas,NC,Garage Door - Nationwide up to $80,,32.50,2026-09-22T14:01:12.672016+00:00
28036,Davidson,NC,Garage Door - Nationwide up to $80,,32.50,2026-09-22T14:01:12.672016+00:00
28037,Denver,NC,Garage Door - Nationwide up to $80,,32.50,2026-09-22T14:01:12.672016+00:00
28052,Gastonia,NC,Garage Door - Nationwide up to $80,,32.50,2026-09-22T14:01:12.672016+00:00
28054,Gastonia,NC,Garage Door - Nationwide up to $80,,32.50,2026-09-22T14:01:12.672016+00:00
28056,Gastonia,NC,Garage Door - Nationwide up to $80,,32.50,2026-09-22T14:01:12.672016+00:00
28075,Harrisburg,NC,Garage Door - Nationwide up to $80,,32.50,2026-09-22T14:01:12.672016+00:00
28078,Huntersville,NC,Garage Door - Nationwide up to $80,,32.50,2026-09-22T14:01:12.672016+00:00
28079,Indian Trail,NC,Garage Door - Nationwide up to $80,,32.50,2026-09-22T14:01:12.672016+00:00
28081,Kannapolis,NC,Garage Door - Nationwide up to $80,,32.50,2026-09-22T14:01:12.672016+00:00
28083,Kannapolis,NC,Garage Door - Nationwide up to $80,,32.50,2026-09-22T14:01:12.672016+00:00
28098,Lowell,NC,Garage Door - Nationwide up to $80,,32.50,2026-09-22T14:01:12.672016+00:00
28101,McAdenville,NC,Garage Door - Nationwide up to $80,,32.50,2026-09-22T14:01:12.672016+00:00
28104,Matthews,NC,Garage Door - Nationwide up to $80,,32.50,2026-09-22T14:01:12.672016+00:00
28105,Matthews,NC,Garage Door - Nationwide up to $80,,32.50,2026-09-22T14:01:12.672016+00:00
28107,Midland,NC,Garage Door - Nationwide up to $80,,32.50,2026-09-22T14:01:12.672016+00:00
28108,Mineral Springs,NC,Garage Door - Nationwide up to $80,,32.50,2026-09-22T14:01:12.672016+00:00
28110,Monroe,NC,Garage Door - Nationwide up to $80,,32.50,2026-09-22T14:01:12.672016+00:00
28112,Monroe,NC,Garage Door - Nationwide up to $80,,32.50,2026-09-22T14:01:12.672016+00:00
28115,Mooresville,NC,Garage Door - Nationwide up to $80,,32.50,2026-09-22T14:01:12.672016+00:00
28117,Mooresville,NC,Garage Door - Nationwide up to $80,,32.50,2026-09-22T14:01:12.672016+00:00
28120,Mount Holly,NC,Garage Door - Nationwide up to $80,,32.50,2026-09-22T14:01:12.672016+00:00
28134,Pineville,NC,Garage Door - Nationwide up to $80,,32.50,2026-09-22T14:01:12.672016+00:00
28164,Stanley,NC,Garage Door - Nationwide up to $80,,32.50,2026-09-22T14:01:12.672016+00:00
28173,Waxhaw,NC,Garage Door - Nationwide up to $80,,32.50,2026-09-22T14:01:12.672016+00:00
28202,Charlotte,NC,Garage Door - Nationwide up to $80,,32.50,2026-09-22T14:01:12.672016+00:00
28203,Charlotte,NC,Garage Door - Nationwide up to $80,,32.50,2026-09-22T14:01:12.672016+00:00
28204,Charlotte,NC,Garage Door - Nationwide up to $80,,32.50,2026-09-22T14:01:12.672016+00:00
28205,Charlotte,NC,Garage Door - Nationwide up to $80,,32.50,2026-09-22T14:01:12.672016+00:00
28206,Charlotte,NC,Garage Door - Nationwide up to $80,,32.50,2026-09-22T14:01:12.672016+00:00
28207,Charlotte,NC,Garage Door - Nationwide up to $80,,32.50,2026-09-22T14:01:12.672016+00:00
28208,Charlotte,NC,Garage Door - Nationwide up to $80,,32.50,2026-09-22T14:01:12.672016+00:00
28209,Charlotte,NC,Garage Door - Nationwide up to $80,,32.50,2026-09-22T14:01:12.672016+00:00
28210,Charlotte,NC,Garage Door - Nationwide up to $80,,32.50,2026-09-22T14:01:12.672016+00:00
28211,Charlotte,NC,Garage Door - Nationwide up to $80,,32.50,2026-09-22T14:01:12.672016+00:00
28212,Charlotte,NC,Garage Door - Nationwide up to $80,,32.50,2026-09-22T14:01:12.672016+00:00
28213,Charlotte,NC,Garage Door - Nationwide up to $80,,32.50,2026-09-22T14:01:12.672016+00:00
28214,Charlotte,NC,Garage Door - Nationwide up to $80,,32.50,2026-09-22T14:01:12.672016+00:00
28215,Charlotte,NC,Garage Door - Nationwide up to $80,,32.50,2026-09-22T14:01:12.672016+00:00
28216,Charlotte,NC,Garage Door - Nationwide up to $80,,32.50,2026-09-22T14:01:12.672016+00:00
28217,Charlotte,NC,Garage Door - Nationwide up to $80,,32.50,2026-09-22T14:01:12.672016+00:00
28223,Charlotte,NC,Garage Door - Nationwide up to $80,,32.50,2026-09-22T14:01:12.672016+00:00
28226,Charlotte,NC,Garage Door - Nationwide up to $80,,32.50,2026-09-22T14:01:12.672016+00:00
28227,Charlotte,NC,Garage Door - Nationwide up to $80,,32.50,2026-09-22T14:01:12.672016+00:00
28244,Charlotte,NC,Garage Door - Nationwide up to $80,,32.50,2026-09-22T14:01:12.672016+00:00
28246,,,Garage Door - Nationwide up to $80,,32.50,2026-09-22T14:01:12.672016+00:00
28262,Charlotte,NC,Garage Door - Nationwide up to $80,,32.50,2026-09-22T14:01:12.672016+00:00
28269,Charlotte,NC,Garage Door - Nationwide up to $80,,32.50,2026-09-22T14:01:12.672016+00:00
28270,Charlotte,NC,Garage Door - Nationwide up to $80,,32.50,2026-09-22T14:01:12.672016+00:00
28273,Charlotte,NC,Garage Door - Nationwide up to $80,,32.50,2026-09-22T14:01:12.672016+00:00
28274,Charlotte,NC,Garage Door - Nationwide up to $80,,32.50,2026-09-22T14:01:12.672016+00:00
28277,Charlotte,NC,Garage Door - Nationwide up to $80,,32.50,2026-09-22T14:01:12.672016+00:00
28278,Charlotte,NC,Garage Door - Nationwide up to $80,,32.50,2026-09-22T14:01:12.672016+00:00
28280,Charlotte,NC,Garage Door - Nationwide up to $80,,32.50,2026-09-22T14:01:12.672016+00:00
28281,,,Garage Door - Nationwide up to $80,,32.50,2026-09-22T14:01:12.672016+00:00
28282,Charlotte,NC,Garage Door - Nationwide up to $80,,32.50,2026-09-22T14:01:12.672016+00:00
28285,,,Garage Door - Nationwide up to $80,,32.50,2026-09-22T14:01:12.672016+00:00
29707,Fort Mill,SC,Garage Door - Nationwide up to $80,,32.50,2026-09-22T14:01:12.672016+00:00
29708,Fort Mill,SC,Garage Door - Nationwide up to $80,,32.50,2026-09-22T14:01:12.672016+00:00
29715,Fort Mill,SC,Garage Door - Nationwide up to $80,,32.50,2026-09-22T14:01:12.672016+00:00
29730,Rock Hill,SC,Garage Door - Nationwide up to $80,,32.50,2026-09-22T14:01:12.672016+00:00
29732,Rock Hill,SC,Garage Door - Nationwide up to $80,,32.50,2026-09-22T14:01:12.672016+00:00
29733,Rock Hill,SC,Garage Door - Nationwide up to $80,,32.50,2026-09-22T14:01:12.672016+00:00
30002,Avondale Estates,GA,Garage Door - Nationwide up to $80,,74.00,2026-09-22T14:01:12.672016+00:00
30003,,,Garage Door - Nationwide up to $80,,78.00,2026-09-22T14:01:12.672016+00:00
30004,Alpharetta,GA,Garage Door - Nationwide up to $80,,74.00,2026-09-22T14:01:12.672016+00:00
30005,Alpharetta,GA,Garage Door - Nationwide up to $80,,74.00,2026-09-22T14:01:12.672016+00:00
30006,,,Garage Door - Nationwide up to $80,,78.00,2026-09-22T14:01:12.672016+00:00
30007,,,Garage Door - Nationwide up to $80,,78.00,2026-09-22T14:01:12.672016+00:00
30008,Marietta,GA,Garage Door - Nationwide up to $80,,78.00,2026-09-22T14:01:12.672016+00:00
30009,Alpharetta,GA,Garage Door - Nationwide up to $80,,74.00,2026-09-22T14:01:12.672016+00:00
30010,,,Garage Door - Nationwide up to $80,,78.00,2026-09-22T14:01:12.672016+00:00
30011,Auburn,GA,Garage Door - Nationwide up to $80,,74.00,2026-09-22T14:01:12.672016+00:00
30012,Conyers,GA,Garage Door - Nationwide up to $80,,74.00,2026-09-22T14:01:12.672016+00:00
30013,Conyers,GA,Garage Door - Nationwide up to $80,,74.00,2026-09-22T14:01:12.672016+00:00
30014,Covington,GA,Garage Door - Nationwide up to $80,,74.00,2026-09-22T14:01:12.672016+00:00
30015,,,Garage Door - Nationwide up to $80,,74.00,2026-09-22T14:01:12.672016+00:00
30016,Covington,GA,Garage Door - Nationwide up to $80,,74.00,2026-09-22T14:01:12.672016+00:00
30017,Grayson,GA,Garage Door - Nationwide up to $80,,78.00,2026-09-22T14:01:12.672016+00:00
30018,Jersey,GA,Garage Door - Nationwide up to $80,,74.00,2026-09-22T14:01:12.672016+00:00
30019,Dacula,GA,Garage Door - Nationwide up to $80,,78.00,2026-09-22T14:01:12.672016+00:00
30021,Clarkston,GA,Garage Door - Nationwide up to $80,,74.00,2026-09-22T14:01:12.672016+00:00
30022,Alpharetta,GA,Garage Door - Nationwide up to $80,,74.00,2026-09-22T14:01:12.672016+00:00
30023,,,Garage Door - Nationwide up to $80,,74.00,2026-09-22T14:01:12.672016+00:00
30024,Suwanee,GA,Garage Door - Nationwide up to $80,,78.00,2026-09-22T14:01:12.672016+00:00
30026,,,Garage Door - Nationwide up to $80,,78.00,2026-09-22T14:01:12.672016+00:00
30028,Cumming,GA,Garage Door - Nationwide up to $80,,74.00,2026-09-22T14:01:12.672016+00:00
30029,,,Garage Door - Nationwide up to $80,,78.00,2026-09-22T14:01:12.672016+00:00
30030,Decatur,GA,Garage Door - Nationwide up to $80,,74.00,2026-09-22T14:01:12.672016+00:00
30031,,,Garage Door - Nationwide up to $80,,74.00,2026-09-22T14:01:12.672016+00:00
30032,Decatur,GA,Garage Door - Nationwide up to $80,,74.00,2026-09-22T14:01:12.672016+00:00
30033,Decatur,GA,Garage Door - Nationwide up to $80,,74.00,2026-09-22T14:01:12.672016+00:00
30034,Decatur,GA,Garage Door - Nationwide up to $80,,74.00,2026-09-22T14:01:12.672016+00:00
30035,Decatur,GA,Garage Door - Nationwide up to $80,,74.00,2026-09-22T14:01:12.672016+00:00
30036,,,Garage Door - Nationwide up to $80,,74.00,2026-09-22T14:01:12.672016+00:00
30037,,,Garage Door - Nationwide up to $80,,74.00,2026-09-22T14:01:12.672016+00:00
30038,Lithonia,GA,Garage Door - Nationwide up to $80,,74.00,2026-09-22T14:01:12.672016+00:00
30039,Snellville,GA,Garage Door - Nationwide up to $80,,78.00,2026-09-22T14:01:12.672016+00:00
30040,Cumming,GA,Garage Door - Nationwide up to $80,,74.00,2026-09-22T14:01:12.672016+00:00
30041,Cumming,GA,Garage Door - Nationwide up to $80,,74.00,2026-09-22T14:01:12.672016+00:00
30042,,,Garage Door - Nationwide up to $80,,78.00,2026-09-22T14:01:12.672016+00:00
30043,Lawrenceville,GA,Garage Door - Nationwide up to $80,,78.00,2026-09-22T14:01:12.672016+00:00
30044,Lawrenceville,GA,Garage Door - Nationwide up to $80,,78.00,2026-09-22T14:01:12.672016+00:00
30045,Lawrenceville,GA,Garage Door - Nationwide up to $80,,78.00,2026-09-22T14:01:12.672016+00:00
30046,Lawrenceville,GA,Garage Door - Nationwide up to $80,,78.00,2026-09-22T14:01:12.672016+00:00
30047,Lilburn,GA,Garage Door - Nationwide up to $80,,78.00,2026-09-22T14:01:12.672016+00:00
30048,,,Garage Door - Nationwide up to $80,,78.00,2026-09-22T14:01:12.672016+00:00
30049,,,Garage Door - Nationwide up to $80,,78.00,2026-09-22T14:01:12.672016+00:00
30052,Loganville,GA,Garage Door - Nationwide up to $80,,74.00,2026-09-22T14:01:12.672016+00:00
30054,Oxford,GA,Garage Door - Nationwide up to $80,,74.00,2026-09-22T14:01:12.672016+00:00
30058,Lithonia,GA,Garage Door - Nationwide up to $80,,74.00,2026-09-22T14:01:12.672016+00:00
30060,Marietta,GA,Garage Door - Nationwide up to $80,,78.00,2026-09-22T14:01:12.672016+00:00
30061,,,Garage Door - Nationwide up to $80,,78.00,2026-09-22T14:01:12.672016+00:00
30062,Marietta,GA,Garage Door - Nationwide up to $80,,78.00,2026-09-22T14:01:12.672016+00:00
30063,,,Garage Door - Nationwide up to $80,,78.00,2026-09-22T14:01:12.672016+00:00
30064,Marietta,GA,Garage Door - Nationwide up to $80,,78.00,2026-09-22T14:01:12.672016+00:00
30065,,,Garage Door - Nationwide up to $80,,78.00,2026-09-22T14:01:12.672016+00:00
30066,Marietta,GA,Garage Door - Nationwide up to $80,,78.00,2026-09-22T14:01:12.672016+00:00
30067,Marietta,GA,Garage Door - Nationwide up to $80,,78.00,2026-09-22T14:01:12.672016+00:00
30068,Marietta,GA,Garage Door - Nationwide up to $80,,78.00,2026-09-22T14:01:12.672016+00:00
30069,,,Garage Door - Nationwide up to $80,,78.00,2026-09-22T14:01:12.672016+00:00
30070,Porterdale,GA,Garage Door - Nationwide up to $80,,74.00,2026-09-22T14:01:12.672016+00:00
30071,Norcross,GA,Garage Door - Nationwide up to $80,,78.00,2026-09-22T14:01:12.672016+00:00
30072,Pine Lake,GA,Garage Door - Nationwide up to $80,,74.00,2026-09-22T14:01:12.672016+00:00
30074,,,Garage Door - Nationwide up to $80,,74.00,2026-09-22T14:01:12.672016+00:00
30075,Roswell,GA,Garage Door - Nationwide up to $80,,74.00,2026-09-22T14:01:12.672016+00:00
30076,Roswell,GA,Garage Door - Nationwide up to $80,,74.00,2026-09-22T14:01:12.672016+00:00
30077,,,Garage Door - Nationwide up to $80,,74.00,2026-09-22T14:01:12.672016+00:00
30078,Snellville,GA,Garage Door - Nationwide up to $80,,78.00,2026-09-22T14:01:12.672016+00:00
30079,Scottdale,GA,Garage Door - Nationwide up to $80,,74.00,2026-09-22T14:01:12.672016+00:00
30080,Smyrna,GA,Garage Door - Nationwide up to $80,,78.00,2026-09-22T14:01:12.672016+00:00
30081,,,Garage Door - Nationwide up to $80,,78.00,2026-09-22T14:01:12.672016+00:00
30082,Smyrna,GA,Garage Door - Nationwide up to $80,,78.00,2026-09-22T14:01:12.672016+00:00
30083,Stone Mountain,GA,Garage Door - Nationwide up to $80,,74.00,2026-09-22T14:01:12.672016+00:00
30084,Tucker,GA,Garage Door - Nationwide up to $80,,74.00,2026-09-22T14:01:12.672016+00:00
30085,,,Garage Door - Nationwide up to $80,,74.00,2026-09-22T14:01:12.672016+00:00
30086,,,Garage Door - Nationwide up to $80,,74.00,2026-09-22T14:01:12.672016+00:00
30087,Stone Mountain,GA,Garage Door - Nationwide up to $80,,74.00,2026-09-22T14:01:12.672016+00:00
30088,Stone Mountain,GA,Garage Door - Nationwide up to $80,,74.00,2026-09-22T14:01:12.672016+00:00
30090,Marietta,GA,Garage Door - Nationwide up to $80,,78.00,2026-09-22T14:01:12.672016+00:00
30091,,,Garage Door - Nationwide up to $80,,78.00,2026-09-22T14:01:12.672016+00:00
30092,Peachtree Corners,GA,Garage Door - Nationwide up to $80,,78.00,2026-09-22T14:01:12.672016+00:00
30093,Norcross,GA,Garage Door - Nationwide up to $80,,78.00,2026-09-22T14:01:12.672016+00:00
30094,Conyers,GA,Garage Door - Nationwide up to $80,,74.00,2026-09-22T14:01:12.672016+00:00
30095,,,Garage Door - Nationwide up to $80,,78.00,2026-09-22T14:01:12.672016+00:00
30096,Duluth,GA,Garage Door - Nationwide up to $80,,78.00,2026-09-22T14:01:12.672016+00:00
30097,Duluth,GA,Garage Door - Nationwide up to $80,,74.00,2026-09-22T14:01:12.672016+00:00
30098,,,Garage Door - Nationwide up to $80,,74.00,2026-09-22T14:01:12.672016+00:00
30099,,,Garage Door - Nationwide up to $80,,78.00,2026-09-22T14:01:12.672016+00:00
30101,Acworth,GA,Garage Door - Nationwide up to $80,,78.00,2026-09-22T14:01:12.672016+00:00
30102,Acworth,GA,Garage Door - Nationwide up to $80,,74.00,2026-09-22T14:01:12.672016+00:00
30103,Adairsville,GA,Garage Door - Nationwide up to $80,,74.00,2026-09-22T14:01:12.672016+00:00
30104,Aragon,GA,Garage Door - Nationwide up to $80,,74.00,2026-09-22T14:01:12.672016+00:00
30106,Austell,GA,Garage Door - Nationwide up to $80,,78.00,2026-09-22T14:01:12.672016+00:00
30107,Ball Ground,GA,Garage Door - Nationwide up to $80,,74.00,2026-09-22T14:01:12.672016+00:00
30111,Clarkdale,GA,Garage Door - Nationwide up to $80,,78.00,2026-09-22T14:01:12.672016+00:00
30114,Canton,GA,Garage Door - Nationwide up to $80,,74.00,2026-09-22T14:01:12.672016+00:00
30115,Canton,GA,Garage Door - Nationwide up to $80,,74.00,2026-09-22T14:01:12.672016+00:00
30116,Carrollton,GA,Garage Door - Nationwide up to $80,,75.00,2026-09-22T14:01:12.672016+00:00
30120,Cartersville,GA,Garage Door - Nationwide up to $80,,74.00,2026-09-22T14:01:12.672016+00:00
30121,Cartersville,GA,Garage Door - Nationwide up to $80,,74.00,2026-09-22T14:01:12.672016+00:00
30122,Lithia Springs,GA,Garage Door - Nationwide up to $80,,74.00,2026-09-22T14:01:12.672016+00:00
30123,,,Garage Door - Nationwide up to $80,,74.00,2026-09-22T14:01:12.672016+00:00
30126,Mableton,GA,Garage Door - Nationwide up to $80,,78.00,2026-09-22T14:01:12.672016+00:00
30127,Powder Springs,GA,Garage Door - Nationwide up to $80,,78.00,2026-09-22T14:01:12.672016+00:00
30132,Dallas,GA,Garage Door - Nationwide up to $80,,74.00,2026-09-22T14:01:12.672016+00:00
30133,,,Garage Door - Nationwide up to $80,,74.00,2026-09-22T14:01:12.672016+00:00
30134,Douglasville,GA,Garage Door - Nationwide up to $80,,74.00,2026-09-22T14:01:12.672016+00:00
30135,Douglasville,GA,Garage Door - Nationwide up to $80,,74.00,2026-09-22T14:01:12.672016+00:00
30137,Emerson,GA,Garage Door - Nationwide up to $80,,74.00,2026-09-22T14:01:12.672016+00:00
30139,Fairmount,GA,Garage Door - Nationwide up to $80,,74.00,2026-09-22T14:01:12.672016+00:00
30141,Hiram,GA,Garage Door - Nationwide up to $80,,74.00,2026-09-22T14:01:12.672016+00:00
30142,,,Garage Door - Nationwide up to $80,,74.00,2026-09-22T14:01:12.672016+00:00
30143,Jasper,GA,Garage Door - Nationwide up to $80,,74.00,2026-09-22T14:01:12.672016+00:00
30144,Kennesaw,GA,Garage Door - Nationwide up to $80,,78.00,2026-09-22T14:01:12.672016+00:00
30145,Kingston,GA,Garage Door - Nationwide up to $80,,74.00,2026-09-22T14:01:12.672016+00:00
30146,,,Garage Door - Nationwide up to $80,,74.00,2026-09-22T14:01:12.672016+00:00
30147,Lindale,GA,Garage Door - Nationwide up to $80,,74.00,2026-09-22T14:01:12.672016+00:00
30148,Marble Hill,GA,Garage Door - Nationwide up to $80,,74.00,2026-09-22T14:01:12.672016+00:00
30149,Mount Berry,GA,Garage Door - Nationwide up to $80,,74.00,2026-09-22T14:01:12.672016+00:00
30151,,,Garage Door - Nationwide up to $80,,74.00,2026-09-22T14:01:12.672016+00:00
30152,Kennesaw,GA,Garage Door - Nationwide up to $80,,78.00,2026-09-22T14:01:12.672016+00:00
30153,Rockmart,GA,Garage Door - Nationwide up to $80,,74.00,2026-09-22T14:01:12.672016+00:00
30154,,,Garage Door - Nationwide up to $80,,74.00,2026-09-22T14:01:12.672016+00:00
30156,,,Garage Door - Nationwide up to $80,,78.00,2026-09-22T14:01:12.672016+00:00
30157,Dallas,GA,Garage Door - Nationwide up to $80,,74.00,2026-09-22T14:01:12.672016+00:00
30160,,,Garage Door - Nationwide up to $80,,78.00,2026-09-22T14:01:12.672016+00:00
30161,Rome,GA,Garage Door - Nationwide up to $80,,74.00,2026-09-22T14:01:12.672016+00:00
30162,,,Garage Door - Nationwide up to $80,,74.00,2026-09-22T14:01:12.672016+00:00
30164,,,Garage Door - Nationwide up to $80,,74.00,2026-09-22T14:01:12.672016+00:00
30168,Austell,GA,Garage Door - Nationwide up to $80,,78.00,2026-09-22T14:01:12.672016+00:00
30169,,,Garage Door - Nationwide up to $80,,74.00,2026-09-22T14:01:12.672016+00:00
30171,Rydal,GA,Garage Door - Nationwide up to $80,,74.00,2026-09-22T14:01:12.672016+00:00
30172,,,Garage Door - Nationwide up to $80,,74.00,2026-09-22T14:01:12.672016+00:00
30173,Silver Creek,GA,Garage Door - Nationwide up to $80,,74.00,2026-09-22T14:01:12.672016+00:00
30177,Tate,GA,Garage Door - Nationwide up to $80,,74.00,2026-09-22T14:01:12.672016+00:00
30178,Taylorsville,GA,Garage Door - Nationwide up to $80,,74.00,2026-09-22T14:01:12.672016+00:00
30179,Temple,GA,Garage Door - Nationwide up to $80,,75.00,2026-09-22T14:01:12.672016+00:00
30180,Villa Rica,GA,Garage Door - Nationwide up to $80,,75.00,2026-09-22T14:01:12.672016+00:00
30183,Waleska,GA,Garage Door - Nationwide up to $80,,74.00,2026-09-22T14:01:12.672016+00:00
30184,White,GA,Garage Door - Nationwide up to $80,,74.00,2026-09-22T14:01:12.672016+00:00
30185,Whitesburg,GA,Garage Door - Nationwide up to $80,,75.00,2026-09-22T14:01:12.672016+00:00
30187,Winston,GA,Garage Door - Nationwide up to $80,,74.00,2026-09-22T14:01:12.672016+00:00
30188,Woodstock,GA,Garage Door - Nationwide up to $80,,74.00,2026-09-22T14:01:12.672016+00:00
30189,Woodstock,GA,Garage Door - Nationwide up to $80,,74.00,2026-09-22T14:01:12.672016+00:00
30213,Fairburn,GA,Garage Door - Nationwide up to $80,,74.00,2026-09-22T14:01:12.672016+00:00
30214,Fayetteville,GA,Garage Door - Nationwide up to $80,,74.00,2026-09-22T14:01:12.672016+00:00
30215,Fayetteville,GA,Garage Door - Nationwide up to $80,,74.00,2026-09-22T14:01:12.672016+00:00
30228,Hampton,GA,Garage Door - Nationwide up to $80,,74.00,2026-09-22T14:01:12.672016+00:00
30236,Jonesboro,GA,Garage Door - Nationwide up to $80,,74.00,2026-09-22T14:01:12.672016+00:00
30237,,,Garage Door - Nationwide up to $80,,74.00,2026-09-22T14:01:12.672016+00:00
30238,Jonesboro,GA,Garage Door - Nationwide up to $80,,74.00,2026-09-22T14:01:12.672016+00:00
30248,Locust Grove,GA,Garage Door - Nationwide up to $80,,15.50,2026-09-22T14:01:12.672016+00:00
30250,Lovejoy,GA,Garage Door - Nationwide up to $80,,74.00,2026-09-22T14:01:12.672016+00:00
30252,Mcdonough,GA,Garage Door - Nationwide up to $80,,74.00,2026-09-22T14:01:12.672016+00:00
30253,Mcdonough,GA,Garage Door - Nationwide up to $80,,74.00,2026-09-22T14:01:12.672016+00:00
30259,Moreland,GA,Garage Door - Nationwide up to $80,,15.50,2026-09-22T14:01:12.672016+00:00
30260,Morrow,GA,Garage Door - Nationwide up to $80,,74.00,2026-09-22T14:01:12.672016+00:00
30263,Newnan,GA,Garage Door - Nationwide up to $80,,74.00,2026-09-22T14:01:12.672016+00:00
30264,,,Garage Door - Nationwide up to $80,,74.00,2026-09-22T14:01:12.672016+00:00
30265,Newnan,GA,Garage Door - Nationwide up to $80,,74.00,2026-09-22T14:01:12.672016+00:00
30268,Palmetto,GA,Garage Door - Nationwide up to $80,,74.00,2026-09-22T14:01:12.672016+00:00
30269,Peachtree City,GA,Garage Door - Nationwide up to $80,,74.00,2026-09-22T14:01:12.672016+00:00
30270,,,Garage Door - Nationwide up to $80,,74.00,2026-09-22T14:01:12.672016+00:00
30271,,,Garage Door - Nationwide up to $80,,74.00,2026-09-22T14:01:12.672016+00:00
30272,Red Oak,GA,Garage Door - Nationwide up to $80,,74.00,2026-09-22T14:01:12.672016+00:00
30273,Rex,GA,Garage Door - Nationwide up to $80,,74.00,2026-09-22T14:01:12.672016+00:00
30274,Riverdale,GA,Garage Door - Nationwide up to $80,,74.00,2026-09-22T14:01:12.672016+00:00
30275,Sargent,GA,Garage Door - Nationwide up to $80,,74.00,2026-09-22T14:01:12.672016+00:00
30276,Senoia,GA,Garage Door - Nationwide up to $80,,15.50,2026-09-22T14:01:12.672016+00:00
30277,Sharpsburg,GA,Garage Door - Nationwide up to $80,,74.00,2026-09-22T14:01:12.672016+00:00
30281,Stockbridge,GA,Garage Door - Nationwide up to $80,,74.00,2026-09-22T14:01:12.672016+00:00
30287,,,Garage Door - Nationwide up to $80,,74.00,2026-09-22T14:01:12.672016+00:00
30288,Conley,GA,Garage Door - Nationwide up to $80,,74.00,2026-09-22T14:01:12.672016+00:00
30289,Turin,GA,Garage Door - Nationwide up to $80,,15.50,2026-09-22T14:01:12.672016+00:00
30290,Tyrone,GA,Garage Door - Nationwide up to $80,,74.00,2026-09-22T14:01:12.672016+00:00
30291,Union City,GA,Garage Door - Nationwide up to $80,,74.00,2026-09-22T14:01:12.672016+00:00
30294,Ellenwood,GA,Garage Door - Nationwide up to $80,,74.00,2026-09-22T14:01:12.672016+00:00
30296,Riverdale,GA,Garage Door - Nationwide up to $80,,74.00,2026-09-22T14:01:12.672016+00:00
30297,Forest Park,GA,Garage Door - Nationwide up to $80,,74.00,2026-09-22T14:01:12.672016+00:00
30298,,,Garage Door - Nationwide up to $80,,74.00,2026-09-22T14:01:12.672016+00:00
30301,,,Garage Door - Nationwide up to $80,,74.00,2026-09-22T14:01:12.672016+00:00
30302,,,Garage Door - Nationwide up to $80,,74.00,2026-09-22T14:01:12.672016+00:00
30303,Atlanta,GA,Garage Door - Nationwide up to $80,,74.00,2026-09-22T14:01:12.672016+00:00
30304,,,Garage Door - Nationwide up to $80,,74.00,2026-09-22T14:01:12.672016+00:00
30305,Atlanta,GA,Garage Door - Nationwide up to $80,,74.00,2026-09-22T14:01:12.672016+00:00
30306,Atlanta,GA,Garage Door - Nationwide up to $80,,74.00,2026-09-22T14:01:12.672016+00:00
30307,Atlanta,GA,Garage Door - Nationwide up to $80,,74.00,2026-09-22T14:01:12.672016+00:00
30308,Atlanta,GA,Garage Door - Nationwide up to $80,,74.00,2026-09-22T14:01:12.672016+00:00
30309,Atlanta,GA,Garage Door - Nationwide up to $80,,74.00,2026-09-22T14:01:12.672016+00:00
30310,Atlanta,GA,Garage Door - Nationwide up to $80,,74.00,2026-09-22T14:01:12.672016+00:00
30311,Atlanta,GA,Garage Door - Nationwide up to $80,,74.00,2026-09-22T14:01:12.672016+00:00
30312,Atlanta,GA,Garage Door - Nationwide up to $80,,74.00,2026-09-22T14:01:12.672016+00:00
30313,Atlanta,GA,Garage Door - Nationwide up to $80,,74.00,2026-09-22T14:01:12.672016+00:00
30314,Atlanta,GA,Garage Door - Nationwide up to $80,,74.00,2026-09-22T14:01:12.672016+00:00
30315,Atlanta,GA,Garage Door - Nationwide up to $80,,74.00,2026-09-22T14:01:12.672016+00:00
30316,Atlanta,GA,Garage Door - Nationwide up to $80,,74.00,2026-09-22T14:01:12.672016+00:00
30317,Atlanta,GA,Garage Door - Nationwide up to $80,,74.00,2026-09-22T14:01:12.672016+00:00
30318,Atlanta,GA,Garage Door - Nationwide up to $80,,74.00,2026-09-22T14:01:12.672016+00:00
30319,Atlanta,GA,Garage Door - Nationwide up to $80,,74.00,2026-09-22T14:01:12.672016+00:00
30320,,,Garage Door - Nationwide up to $80,,74.00,2026-09-22T14:01:12.672016+00:00
30321,,,Garage Door - Nationwide up to $80,,74.00,2026-09-22T14:01:12.672016+00:00
30322,Atlanta,GA,Garage Door - Nationwide up to $80,,74.00,2026-09-22T14:01:12.672016+00:00
30324,Atlanta,GA,Garage Door - Nationwide up to $80,,74.00,2026-09-22T14:01:12.672016+00:00
30325,,,Garage Door - Nationwide up to $80,,74.00,2026-09-22T14:01:12.672016+00:00
30326,Atlanta,GA,Garage Door - Nationwide up to $80,,74.00,2026-09-22T14:01:12.672016+00:00
30327,Atlanta,GA,Garage Door - Nationwide up to $80,,74.00,2026-09-22T14:01:12.672016+00:00
30328,Atlanta,GA,Garage Door - Nationwide up to $80,,74.00,2026-09-22T14:01:12.672016+00:00
30329,Atlanta,GA,Garage Door - Nationwide up to $80,,74.00,2026-09-22T14:01:12.672016+00:00
30331,Atlanta,GA,Garage Door - Nationwide up to $80,,74.00,2026-09-22T14:01:12.672016+00:00
30332,Atlanta,GA,Garage Door - Nationwide up to $80,,74.00,2026-09-22T14:01:12.672016+00:00
30333,,,Garage Door - Nationwide up to $80,,74.00,2026-09-22T14:01:12.672016+00:00
30334,Atlanta,GA,Garage Door - Nationwide up to $80,,74.00,2026-09-22T14:01:12.672016+00:00
30336,Atlanta,GA,Garage Door - Nationwide up to $80,,74.00,2026-09-22T14:01:12.672016+00:00
30337,Atlanta,GA,Garage Door - Nationwide up to $80,,74.00,2026-09-22T14:01:12.672016+00:00
30338,Atlanta,GA,Garage Door - Nationwide up to $80,,74.00,2026-09-22T14:01:12.672016+00:00
30339,Atlanta,GA,Garage Door - Nationwide up to $80,,74.00,2026-09-22T14:01:12.672016+00:00
30340,Atlanta,GA,Garage Door - Nationwide up to $80,,74.00,2026-09-22T14:01:12.672016+00:00
30341,Atlanta,GA,Garage Door - Nationwide up to $80,,74.00,2026-09-22T14:01:12.672016+00:00
30342,Atlanta,GA,Garage Door - Nationwide up to $80,,74.00,2026-09-22T14:01:12.672016+00:00
30343,,,Garage Door - Nationwide up to $80,,74.00,2026-09-22T14:01:12.672016+00:00
30344,Atlanta,GA,Garage Door - Nationwide up to $80,,74.00,2026-09-22T14:01:12.672016+00:00
30345,Atlanta,GA,Garage Door - Nationwide up to $80,,74.00,2026-09-22T14:01:12.672016+00:00
30346,Atlanta,GA,Garage Door - Nationwide up to $80,,74.00,2026-09-22T14:01:12.672016+00:00
30348,,,Garage Door - Nationwide up to $80,,74.00,2026-09-22T14:01:12.672016+00:00
30349,Atlanta,GA,Garage Door - Nationwide up to $80,,74.00,2026-09-22T14:01:12.672016+00:00
30350,Atlanta,GA,Garage Door - Nationwide up to $80,,74.00,2026-09-22T14:01:12.672016+00:00
30353,,,Garage Door - Nationwide up to $80,,74.00,2026-09-22T14:01:12.672016+00:00
30354,Atlanta,GA,Garage Door - Nationwide up to $80,,74.00,2026-09-22T14:01:12.672016+00:00
30355,,,Garage Door - Nationwide up to $80,,74.00,2026-09-22T14:01:12.672016+00:00
30356,,,Garage Door - Nationwide up to $80,,74.00,2026-09-22T14:01:12.672016+00:00
30357,,,Garage Door - Nationwide up to $80,,74.00,2026-09-22T14:01:12.672016+00:00
30358,,,Garage Door - Nationwide up to $80,,74.00,2026-09-22T14:01:12.672016+00:00
30359,,,Garage Door - Nationwide up to $80,,74.00,2026-09-22T14:01:12.672016+00:00
30360,Atlanta,GA,Garage Door - Nationwide up to $80,,74.00,2026-09-22T14:01:12.672016+00:00
30361,,,Garage Door - Nationwide up to $80,,74.00,2026-09-22T14:01:12.672016+00:00
30362,,,Garage Door - Nationwide up to $80,,74.00,2026-09-22T14:01:12.672016+00:00
30363,Atlanta,GA,Garage Door - Nationwide up to $80,,74.00,2026-09-22T14:01:12.672016+00:00
30364,,,Garage Door - Nationwide up to $80,,74.00,2026-09-22T14:01:12.672016+00:00
30366,,,Garage Door - Nationwide up to $80,,74.00,2026-09-22T14:01:12.672016+00:00
30368,,,Garage Door - Nationwide up to $80,,74.00,2026-09-22T14:01:12.672016+00:00
30369,,,Garage Door - Nationwide up to $80,,74.00,2026-09-22T14:01:12.672016+00:00
30370,,,Garage Door - Nationwide up to $80,,74.00,2026-09-22T14:01:12.672016+00:00
30371,,,Garage Door - Nationwide up to $80,,74.00,2026-09-22T14:01:12.672016+00:00
30374,,,Garage Door - Nationwide up to $80,,74.00,2026-09-22T14:01:12.672016+00:00
30375,,,Garage Door - Nationwide up to $80,,74.00,2026-09-22T14:01:12.672016+00:00
30377,,,Garage Door - Nationwide up to $80,,74.00,2026-09-22T14:01:12.672016+00:00
30378,,,Garage Door - Nationwide up to $80,,74.00,2026-09-22T14:01:12.672016+00:00
30380,,,Garage Door - Nationwide up to $80,,74.00,2026-09-22T14:01:12.672016+00:00
30384,,,Garage Door - Nationwide up to $80,,74.00,2026-09-22T14:01:12.672016+00:00
30385,,,Garage Door - Nationwide up to $80,,74.00,2026-09-22T14:01:12.672016+00:00
30388,,,Garage Door - Nationwide up to $80,,74.00,2026-09-22T14:01:12.672016+00:00
30392,,,Garage Door - Nationwide up to $80,,74.00,2026-09-22T14:01:12.672016+00:00
30394,,,Garage Door - Nationwide up to $80,,74.00,2026-09-22T14:01:12.672016+00:00
30396,,,Garage Door - Nationwide up to $80,,74.00,2026-09-22T14:01:12.672016+00:00
30398,,,Garage Door - Nationwide up to $80,,74.00,2026-09-22T14:01:12.672016+00:00
30501,Gainesville,GA,Garage Door - Nationwide up to $80,,74.00,2026-09-22T14:01:12.672016+00:00
30502,,,Garage Door - Nationwide up to $80,,74.00,2026-09-22T14:01:12.672016+00:00
30503,,,Garage Door - Nationwide up to $80,,74.00,2026-09-22T14:01:12.672016+00:00
30504,Gainesville,GA,Garage Door - Nationwide up to $80,,74.00,2026-09-22T14:01:12.672016+00:00
30506,Gainesville,GA,Garage Door - Nationwide up to $80,,74.00,2026-09-22T14:01:12.672016+00:00
30507,Gainesville,GA,Garage Door - Nationwide up to $80,,74.00,2026-09-22T14:01:12.672016+00:00
30515,,,Garage Door - Nationwide up to $80,,78.00,2026-09-22T14:01:12.672016+00:00
30517,Braselton,GA,Garage Door - Nationwide up to $80,,74.00,2026-09-22T14:01:12.672016+00:00
30518,Buford,GA,Garage Door - Nationwide up to $80,,78.00,2026-09-22T14:01:12.672016+00:00
30519,Buford,GA,Garage Door - Nationwide up to $80,,78.00,2026-09-22T14:01:12.672016+00:00
30534,Dawsonville,GA,Garage Door - Nationwide up to $80,,74.00,2026-09-22T14:01:12.672016+00:00
30542,Flowery Branch,GA,Garage Door - Nationwide up to $80,,74.00,2026-09-22T14:01:12.672016+00:00
30548,Hoschton,GA,Garage Door - Nationwide up to $80,,74.00,2026-09-22T14:01:12.672016+00:00
30566,Oakwood,GA,Garage Door - Nationwide up to $80,,74.00,2026-09-22T14:01:12.672016+00:00
30575,Talmo,GA,Garage Door - Nationwide up to $80,,74.00,2026-09-22T14:01:12.672016+00:00
30620,Bethlehem,GA,Garage Door - Nationwide up to $80,,74.00,2026-09-22T14:01:12.672016+00:00
30655,Monroe,GA,Garage Door - Nationwide up to $80,,74.00,2026-09-22T14:01:12.672016+00:00
30656,Monroe,GA,Garage Door - Nationwide up to $80,,74.00,2026-09-22T14:01:12.672016+00:00
30666,Statham,GA,Garage Door - Nationwide up to $80,,74.00,2026-09-22T14:01:12.672016+00:00
30680,Winder,GA,Garage Door - Nationwide up to $80,,74.00,2026-09-22T14:01:12.672016+00:00
30701,Calhoun,GA,Garage Door - Nationwide up to $80,,74.00,2026-09-22T14:01:12.672016+00:00
30703,,,Garage Door - Nationwide up to $80,,74.00,2026-09-22T14:01:12.672016+00:00
30733,Plainville,GA,Garage Door - Nationwide up to $80,,74.00,2026-09-22T14:01:12.672016+00:00
30734,Ranger,GA,Garage Door - Nationwide up to $80,,74.00,2026-09-22T14:01:12.672016+00:00
31106,,,Garage Door - Nationwide up to $80,,74.00,2026-09-22T14:01:12.672016+00:00
31107,,,Garage Door - Nationwide up to $80,,74.00,2026-09-22T14:01:12.672016+00:00
31119,,,Garage Door - Nationwide up to $80,,74.00,2026-09-22T14:01:12.672016+00:00
31126,,,Garage Door - Nationwide up to $80,,74.00,2026-09-22T14:01:12.672016+00:00
31131,,,Garage Door - Nationwide up to $80,,74.00,2026-09-22T14:01:12.672016+00:00
31136,,,Garage Door - Nationwide up to $80,,74.00,2026-09-22T14:01:12.672016+00:00
31139,,,Garage Door - Nationwide up to $80,,74.00,2026-09-22T14:01:12.672016+00:00
31141,,,Garage Door - Nationwide up to $80,,74.00,2026-09-22T14:01:12.672016+00:00
31145,,,Garage Door - Nationwide up to $80,,74.00,2026-09-22T14:01:12.672016+00:00
31146,,,Garage Door - Nationwide up to $80,,74.00,2026-09-22T14:01:12.672016+00:00
31150,,,Garage Door - Nationwide up to $80,,74.00,2026-09-22T14:01:12.672016+00:00
31156,,,Garage Door - Nationwide up to $80,,74.00,2026-09-22T14:01:12.672016+00:00
31169,,,Garage Door - Nationwide up to $80,,74.00,2026-09-22T14:01:12.672016+00:00
31192,,,Garage Door - Nationwide up to $80,,74.00,2026-09-22T14:01:12.672016+00:00
31193,,,Garage Door - Nationwide up to $80,,74.00,2026-09-22T14:01:12.672016+00:00
31808,Fortson,GA,Garage Door - Nationwide up to $80,,74.00,2026-09-22T14:01:12.672016+00:00
31901,Columbus,GA,Garage Door - Nationwide up to $80,,74.00,2026-09-22T14:01:12.672016+00:00
31903,Columbus,GA,Garage Door - Nationwide up to $80,,74.00,2026-09-22T14:01:12.672016+00:00
31904,Columbus,GA,Garage Door - Nationwide up to $80,,74.00,2026-09-22T14:01:12.672016+00:00
31906,Columbus,GA,Garage Door - Nationwide up to $80,,74.00,2026-09-22T14:01:12.672016+00:00
31907,Columbus,GA,Garage Door - Nationwide up to $80,,74.00,2026-09-22T14:01:12.672016+00:00
31909,Columbus,GA,Garage Door - Nationwide up to $80,,74.00,2026-09-22T14:01:12.672016+00:00
33004,Dania,FL,Garage Door - Nationwide up to $80,,14.00,2026-09-22T14:01:12.672016+00:00
33009,Hallandale,FL,Garage Door - Nationwide up to $80,,14.00,2026-09-22T14:01:12.672016+00:00
33019,Hollywood,FL,Garage Door - Nationwide up to $80,,14.00,2026-09-22T14:01:12.672016+00:00
33020,Hollywood,FL,Garage Door - Nationwide up to $80,,14.00,2026-09-22T14:01:12.672016+00:00
33021,Hollywood,FL,Garage Door - Nationwide up to $80,,14.00,2026-09-22T14:01:12.672016+00:00
33023,Hollywood,FL,Garage Door - Nationwide up to $80,,14.00,2026-09-22T14:01:12.672016+00:00
33024,Hollywood,FL,Garage Door - Nationwide up to $80,,14.00,2026-09-22T14:01:12.672016+00:00
33025,Hollywood,FL,Garage Door - Nationwide up to $80,,14.00,2026-09-22T14:01:12.672016+00:00
33026,Hollywood,FL,Garage Door - Nationwide up to $80,,14.00,2026-09-22T14:01:12.672016+00:00
33027,Hollywood,FL,Garage Door - Nationwide up to $80,,14.00,2026-09-22T14:01:12.672016+00:00
33028,Pembroke Pines,FL,Garage Door - Nationwide up to $80,,14.00,2026-09-22T14:01:12.672016+00:00
33029,Hollywood,FL,Garage Door - Nationwide up to $80,,14.00,2026-09-22T14:01:12.672016+00:00
33060,Pompano Beach,FL,Garage Door - Nationwide up to $80,,14.00,2026-09-22T14:01:12.672016+00:00
33062,Pompano Beach,FL,Garage Door - Nationwide up to $80,,14.00,2026-09-22T14:01:12.672016+00:00
33063,Pompano Beach,FL,Garage Door - Nationwide up to $80,,14.00,2026-09-22T14:01:12.672016+00:00
33064,Pompano Beach,FL,Garage Door - Nationwide up to $80,,14.00,2026-09-22T14:01:12.672016+00:00
33065,Coral Springs,FL,Garage Door - Nationwide up to $80,,14.00,2026-09-22T14:01:12.672016+00:00
33066,Pompano Beach,FL,Garage Door - Nationwide up to $80,,14.00,2026-09-22T14:01:12.672016+00:00
33067,Pompano Beach,FL,Garage Door - Nationwide up to $80,,14.00,2026-09-22T14:01:12.672016+00:00
33068,Pompano Beach,FL,Garage Door - Nationwide up to $80,,14.00,2026-09-22T14:01:12.672016+00:00
33069,Pompano Beach,FL,Garage Door - Nationwide up to $80,,14.00,2026-09-22T14:01:12.672016+00:00
33071,Coral Springs,FL,Garage Door - Nationwide up to $80,,14.00,2026-09-22T14:01:12.672016+00:00
33073,Pompano Beach,FL,Garage Door - Nationwide up to $80,,14.00,2026-09-22T14:01:12.672016+00:00
33076,Pompano Beach,FL,Garage Door - Nationwide up to $80,,14.00,2026-09-22T14:01:12.672016+00:00
33301,Fort Lauderdale,FL,Garage Door - Nationwide up to $80,,14.00,2026-09-22T14:01:12.672016+00:00
33304,Fort Lauderdale,FL,Garage Door - Nationwide up to $80,,14.00,2026-09-22T14:01:12.672016+00:00
33305,Fort Lauderdale,FL,Garage Door - Nationwide up to $80,,14.00,2026-09-22T14:01:12.672016+00:00
33306,Fort Lauderdale,FL,Garage Door - Nationwide up to $80,,14.00,2026-09-22T14:01:12.672016+00:00
33308,Fort Lauderdale,FL,Garage Door - Nationwide up to $80,,14.00,2026-09-22T14:01:12.672016+00:00
33309,Fort Lauderdale,FL,Garage Door - Nationwide up to $80,,14.00,2026-09-22T14:01:12.672016+00:00
33311,Fort Lauderdale,FL,Garage Door - Nationwide up to $80,,14.00,2026-09-22T14:01:12.672016+00:00
33312,Fort Lauderdale,FL,Garage Door - Nationwide up to $80,,14.00,2026-09-22T14:01:12.672016+00:00
33313,Fort Lauderdale,FL,Garage Door - Nationwide up to $80,,14.00,2026-09-22T14:01:12.672016+00:00
33314,Fort Lauderdale,FL,Garage Door - Nationwide up to $80,,14.00,2026-09-22T14:01:12.672016+00:00
33315,Fort Lauderdale,FL,Garage Door - Nationwide up to $80,,14.00,2026-09-22T14:01:12.672016+00:00
33316,Fort Lauderdale,FL,Garage Door - Nationwide up to $80,,14.00,2026-09-22T14:01:12.672016+00:00
33317,Fort Lauderdale,FL,Garage Door - Nationwide up to $80,,14.00,2026-09-22T14:01:12.672016+00:00
33319,Fort Lauderdale,FL,Garage Door - Nationwide up to $80,,14.00,2026-09-22T14:01:12.672016+00:00
33322,Fort Lauderdale,FL,Garage Door - Nationwide up to $80,,14.00,2026-09-22T14:01:12.672016+00:00
33323,Fort Lauderdale,FL,Garage Door - Nationwide up to $80,,14.00,2026-09-22T14:01:12.672016+00:00
33324,Fort Lauderdale,FL,Garage Door - Nationwide up to $80,,14.00,2026-09-22T14:01:12.672016+00:00
33325,Fort Lauderdale,FL,Garage Door - Nationwide up to $80,,14.00,2026-09-22T14:01:12.672016+00:00
33326,Fort Lauderdale,FL,Garage Door - Nationwide up to $80,,14.00,2026-09-22T14:01:12.672016+00:00
33327,Fort Lauderdale,FL,Garage Door - Nationwide up to $80,,14.00,2026-09-22T14:01:12.672016+00:00
33328,Fort Lauderdale,FL,Garage Door - Nationwide up to $80,,14.00,2026-09-22T14:01:12.672016+00:00
33330,Fort Lauderdale,FL,Garage Door - Nationwide up to $80,,14.00,2026-09-22T14:01:12.672016+00:00
33331,Fort Lauderdale,FL,Garage Door - Nationwide up to $80,,14.00,2026-09-22T14:01:12.672016+00:00
33332,Fort Lauderdale,FL,Garage Door - Nationwide up to $80,,14.00,2026-09-22T14:01:12.672016+00:00
33334,Fort Lauderdale,FL,Garage Door - Nationwide up to $80,,14.00,2026-09-22T14:01:12.672016+00:00
33337,,,Garage Door - Nationwide up to $80,,14.00,2026-09-22T14:01:12.672016+00:00
33351,Fort Lauderdale,FL,Garage Door - Nationwide up to $80,,14.00,2026-09-22T14:01:12.672016+00:00
33388,Plantation,FL,Garage Door - Nationwide up to $80,,14.00,2026-09-22T14:01:12.672016+00:00
33394,,,Garage Door - Nationwide up to $80,,14.00,2026-09-22T14:01:12.672016+00:00
33426,Boynton Beach,FL,Garage Door - Nationwide up to $80,,14.00,2026-09-22T14:01:12.672016+00:00
33428,Boca Raton,FL,Garage Door - Nationwide up to $80,,14.00,2026-09-22T14:01:12.672016+00:00
33431,Boca Raton,FL,Garage Door - Nationwide up to $80,,14.00,2026-09-22T14:01:12.672016+00:00
33432,Boca Raton,FL,Garage Door - Nationwide up to $80,,14.00,2026-09-22T14:01:12.672016+00:00
33433,Boca Raton,FL,Garage Door - Nationwide up to $80,,14.00,2026-09-22T14:01:12.672016+00:00
33434,Boca Raton,FL,Garage Door - Nationwide up to $80,,14.00,2026-09-22T14:01:12.672016+00:00
33435,Boynton Beach,FL,Garage Door - Nationwide up to $80,,14.00,2026-09-22T14:01:12.672016+00:00
33436,Boynton Beach,FL,Garage Door - Nationwide up to $80,,14.00,2026-09-22T14:01:12.672016+00:00
33437,Boynton Beach,FL,Garage Door - Nationwide up to $80,,14.00,2026-09-22T14:01:12.672016+00:00
33441,Deerfield Beach,FL,Garage Door - Nationwide up to $80,,14.00,2026-09-22T14:01:12.672016+00:00
33442,Deerfield Beach,FL,Garage Door - Nationwide up to $80,,14.00,2026-09-22T14:01:12.672016+00:00
33444,Delray Beach,FL,Garage Door - Nationwide up to $80,,14.00,2026-09-22T14:01:12.672016+00:00
33445,Delray Beach,FL,Garage Door - Nationwide up to $80,,14.00,2026-09-22T14:01:12.672016+00:00
33446,Delray Beach,FL,Garage Door - Nationwide up to $80,,14.00,2026-09-22T14:01:12.672016+00:00
33473,Boynton Beach,FL,Garage Door - Nationwide up to $80,,14.00,2026-09-22T14:01:12.672016+00:00
33483,Delray Beach,FL,Garage Door - Nationwide up to $80,,14.00,2026-09-22T14:01:12.672016+00:00
33484,Delray Beach,FL,Garage Door - Nationwide up to $80,,14.00,2026-09-22T14:01:12.672016+00:00
33486,Boca Raton,FL,Garage Door - Nationwide up to $80,,14.00,2026-09-22T14:01:12.672016+00:00
33487,Boca Raton,FL,Garage Door - Nationwide up to $80,,14.00,2026-09-22T14:01:12.672016+00:00
33496,Boca Raton,FL,Garage Door - Nationwide up to $80,,14.00,2026-09-22T14:01:12.672016+00:00
33498,Boca Raton,FL,Garage Door - Nationwide up to $80,,14.00,2026-09-22T14:01:12.672016+00:00
34201,Bradenton,FL,Garage Door - Nationwide up to $80,,13.00,2026-09-22T14:01:12.672016+00:00
34202,Bradenton,FL,Garage Door - Nationwide up to $80,,13.00,2026-09-22T14:01:12.672016+00:00
34203,Bradenton,FL,Garage Door - Nationwide up to $80,,13.00,2026-09-22T14:01:12.672016+00:00
34205,Bradenton,FL,Garage Door - Nationwide up to $80,,13.00,2026-09-22T14:01:12.672016+00:00
34207,Bradenton,FL,Garage Door - Nationwide up to $80,,13.00,2026-09-22T14:01:12.672016+00:00
34208,Bradenton,FL,Garage Door - Nationwide up to $80,,13.00,2026-09-22T14:01:12.672016+00:00
34209,Bradenton,FL,Garage Door - Nationwide up to $80,,13.00,2026-09-22T14:01:12.672016+00:00
34210,Bradenton,FL,Garage Door - Nationwide up to $80,,13.00,2026-09-22T14:01:12.672016+00:00
34211,Bradenton,FL,Garage Door - Nationwide up to $80,,13.00,2026-09-22T14:01:12.672016+00:00
34212,Bradenton,FL,Garage Door - Nationwide up to $80,,13.00,2026-09-22T14:01:12.672016+00:00
34215,Cortez,FL,Garage Door - Nationwide up to $80,,13.00,2026-09-22T14:01:12.672016+00:00
34216,Anna Maria,FL,Garage Door - Nationwide up to $80,,13.00,2026-09-22T14:01:12.672016+00:00
34217,Bradenton Beach,FL,Garage Door - Nationwide up to $80,,13.00,2026-09-22T14:01:12.672016+00:00
34219,Parrish,FL,Garage Door - Nationwide up to $80,,13.00,2026-09-22T14:01:12.672016+00:00
34221,Palmetto,FL,Garage Door - Nationwide up to $80,,13.00,2026-09-22T14:01:12.672016+00:00
34222,Ellenton,FL,Garage Door - Nationwide up to $80,,13.00,2026-09-22T14:01:12.672016+00:00
34223,Englewood,FL,Garage Door - Nationwide up to $80,,13.00,2026-09-22T14:01:12.672016+00:00
34228,Longboat Key,FL,Garage Door - Nationwide up to $80,,13.00,2026-09-22T14:01:12.672016+00:00
34229,Osprey,FL,Garage Door - Nationwide up to $80,,13.00,2026-09-22T14:01:12.672016+00:00
34231,Sarasota,FL,Garage Door - Nationwide up to $80,,13.00,2026-09-22T14:01:12.672016+00:00
34232,Sarasota,FL,Garage Door - Nationwide up to $80,,13.00,2026-09-22T14:01:12.672016+00:00
34233,Sarasota,FL,Garage Door - Nationwide up to $80,,13.00,2026-09-22T14:01:12.672016+00:00
34234,Sarasota,FL,Garage Door - Nationwide up to $80,,13.00,2026-09-22T14:01:12.672016+00:00
34235,Sarasota,FL,Garage Door - Nationwide up to $80,,13.00,2026-09-22T14:01:12.672016+00:00
34236,Sarasota,FL,Garage Door - Nationwide up to $80,,13.00,2026-09-22T14:01:12.672016+00:00
34237,Sarasota,FL,Garage Door - Nationwide up to $80,,13.00,2026-09-22T14:01:12.672016+00:00
34238,Sarasota,FL,Garage Door - Nationwide up to $80,,13.00,2026-09-22T14:01:12.672016+00:00
34239,Sarasota,FL,Garage Door - Nationwide up to $80,,13.00,2026-09-22T14:01:12.672016+00:00
34240,Sarasota,FL,Garage Door - Nationwide up to $80,,13.00,2026-09-22T14:01:12.672016+00:00
34241,Sarasota,FL,Garage Door - Nationwide up to $80,,13.00,2026-09-22T14:01:12.672016+00:00
34242,Sarasota,FL,Garage Door - Nationwide up to $80,,13.00,2026-09-22T14:01:12.672016+00:00
34243,Sarasota,FL,Garage Door - Nationwide up to $80,,13.00,2026-09-22T14:01:12.672016+00:00
34250,Terra Ceia,FL,Garage Door - Nationwide up to $80,,13.00,2026-09-22T14:01:12.672016+00:00
34251,Myakka City,FL,Garage Door - Nationwide up to $80,,13.00,2026-09-22T14:01:12.672016+00:00
34275,Nokomis,FL,Garage Door - Nationwide up to $80,,13.00,2026-09-22T14:01:12.672016+00:00
34285,Venice,FL,Garage Door - Nationwide up to $80,,13.00,2026-09-22T14:01:12.672016+00:00
34286,North Port,FL,Garage Door - Nationwide up to $80,,13.00,2026-09-22T14:01:12.672016+00:00
34287,North Port,FL,Garage Door - Nationwide up to $80,,13.00,2026-09-22T14:01:12.672016+00:00
34291,North Port,FL,Garage Door - Nationwide up to $80,,13.00,2026-09-22T14:01:12.672016+00:00
34292,Venice,FL,Garage Door - Nationwide up to $80,,13.00,2026-09-22T14:01:12.672016+00:00
34293,Venice,FL,Garage Door - Nationwide up to $80,,13.00,2026-09-22T14:01:12.672016+00:00
35401,Tuscaloosa,AL,Garage Door - Nationwide up to $80,,74.00,2026-09-22T14:01:12.672016+00:00
35402,,,Garage Door - Nationwide up to $80,,74.00,2026-09-22T14:01:12.672016+00:00
35403,,,Garage Door - Nationwide up to $80,,74.00,2026-09-22T14:01:12.672016+00:00
35404,Tuscaloosa,AL,Garage Door - Nationwide up to $80,,74.00,2026-09-22T14:01:12.672016+00:00
35405,Tuscaloosa,AL,Garage Door - Nationwide up to $80,,74.00,2026-09-22T14:01:12.672016+00:00
35406,Tuscaloosa,AL,Garage Door - Nationwide up to $80,,74.00,2026-09-22T14:01:12.672016+00:00
35407,,,Garage Door - Nationwide up to $80,,74.00,2026-09-22T14:01:12.672016+00:00
35444,Brookwood,AL,Garage Door - Nationwide up to $80,,74.00,2026-09-22T14:01:12.672016+00:00
35446,Buhl,AL,Garage Door - Nationwide up to $80,,74.00,2026-09-22T14:01:12.672016+00:00
35449,,,Garage Door - Nationwide up to $80,,74.00,2026-09-22T14:01:12.672016+00:00
35452,Coker,AL,Garage Door - Nationwide up to $80,,74.00,2026-09-22T14:01:12.672016+00:00
35453,Cottondale,AL,Garage Door - Nationwide up to $80,,74.00,2026-09-22T14:01:12.672016+00:00
35456,Duncanville,AL,Garage Door - Nationwide up to $80,,74.00,2026-09-22T14:01:12.672016+00:00
35457,Echola,AL,Garage Door - Nationwide up to $80,,74.00,2026-09-22T14:01:12.672016+00:00
35458,Elrod,AL,Garage Door - Nationwide up to $80,,74.00,2026-09-22T14:01:12.672016+00:00
35463,Fosters,AL,Garage Door - Nationwide up to $80,,74.00,2026-09-22T14:01:12.672016+00:00
35468,,,Garage Door - Nationwide up to $80,,74.00,2026-09-22T14:01:12.672016+00:00
35469,Knoxville,AL,Garage Door - Nationwide up to $80,,74.00,2026-09-22T14:01:12.672016+00:00
35473,Northport,AL,Garage Door - Nationwide up to $80,,74.00,2026-09-22T14:01:12.672016+00:00
35474,Moundville,AL,Garage Door - Nationwide up to $80,,74.00,2026-09-22T14:01:12.672016+00:00
35475,Northport,AL,Garage Door - Nationwide up to $80,,74.00,2026-09-22T14:01:12.672016+00:00
35476,Northport,AL,Garage Door - Nationwide up to $80,,74.00,2026-09-22T14:01:12.672016+00:00
35478,,,Garage Door - Nationwide up to $80,,74.00,2026-09-22T14:01:12.672016+00:00
35480,Ralph,AL,Garage Door - Nationwide up to $80,,74.00,2026-09-22T14:01:12.672016+00:00
35486,,,Garage Door - Nationwide up to $80,,74.00,2026-09-22T14:01:12.672016+00:00
35487,Tuscaloosa,AL,Garage Door - Nationwide up to $80,,74.00,2026-09-22T14:01:12.672016+00:00
35490,Vance,AL,Garage Door - Nationwide up to $80,,74.00,2026-09-22T14:01:12.672016+00:00
36003,Autaugaville,AL,Garage Door - Nationwide up to $80,,74.00,2026-09-22T14:01:12.672016+00:00
36006,Billingsley,AL,Garage Door - Nationwide up to $80,,74.00,2026-09-22T14:01:12.672016+00:00
36008,Booth,AL,Garage Door - Nationwide up to $80,,74.00,2026-09-22T14:01:12.672016+00:00
36013,Cecil,AL,Garage Door - Nationwide up to $80,,74.00,2026-09-22T14:01:12.672016+00:00
36020,Coosada,AL,Garage Door - Nationwide up to $80,,74.00,2026-09-22T14:01:12.672016+00:00
36022,Deatsville,AL,Garage Door - Nationwide up to $80,,74.00,2026-09-22T14:01:12.672016+00:00
36023,,,Garage Door - Nationwide up to $80,,74.00,2026-09-22T14:01:12.672016+00:00
36024,Eclectic,AL,Garage Door - Nationwide up to $80,,74.00,2026-09-22T14:01:12.672016+00:00
36025,Elmore,AL,Garage Door - Nationwide up to $80,,74.00,2026-09-22T14:01:12.672016+00:00
36026,Equality,AL,Garage Door - Nationwide up to $80,,74.00,2026-09-22T14:01:12.672016+00:00
36029,Fitzpatrick,AL,Garage Door - Nationwide up to $80,,74.00,2026-09-22T14:01:12.672016+00:00
36031,Fort Davis,AL,Garage Door - Nationwide up to $80,,74.00,2026-09-22T14:01:12.672016+00:00
36032,Fort Deposit,AL,Garage Door - Nationwide up to $80,,74.00,2026-09-22T14:01:12.672016+00:00
36039,Hardaway,AL,Garage Door - Nationwide up to $80,,74.00,2026-09-22T14:01:12.672016+00:00
36040,Hayneville,AL,Garage Door - Nationwide up to $80,,74.00,2026-09-22T14:01:12.672016+00:00
36043,Hope Hull,AL,Garage Door - Nationwide up to $80,,74.00,2026-09-22T14:01:12.672016+00:00
36045,,,Garage Door - Nationwide up to $80,,74.00,2026-09-22T14:01:12.672016+00:00
36046,Lapine,AL,Garage Door - Nationwide up to $80,,74.00,2026-09-22T14:01:12.672016+00:00
36047,Letohatchee,AL,Garage Door - Nationwide up to $80,,74.00,2026-09-22T14:01:12.672016+00:00
36051,Marbury,AL,Garage Door - Nationwide up to $80,,74.00,2026-09-22T14:01:12.672016+00:00
36052,Mathews,AL,Garage Door - Nationwide up to $80,,74.00,2026-09-22T14:01:12.672016+00:00
36054,Millbrook,AL,Garage Door - Nationwide up to $80,,74.00,2026-09-22T14:01:12.672016+00:00
36057,Mount Meigs,AL,Garage Door - Nationwide up to $80,,74.00,2026-09-22T14:01:12.672016+00:00
36064,Pike Road,AL,Garage Door - Nationwide up to $80,,74.00,2026-09-22T14:01:12.672016+00:00
36066,Prattville,AL,Garage Door - Nationwide up to $80,,74.00,2026-09-22T14:01:12.672016+00:00
36067,Prattville,AL,Garage Door - Nationwide up to $80,,74.00,2026-09-22T14:01:12.672016+00:00
36068,,,Garage Door - Nationwide up to $80,,74.00,2026-09-22T14:01:12.672016+00:00
36069,Ramer,AL,Garage Door - Nationwide up to $80,,74.00,2026-09-22T14:01:12.672016+00:00
36075,Shorter,AL,Garage Door - Nationwide up to $80,,74.00,2026-09-22T14:01:12.672016+00:00
36078,Tallassee,AL,Garage Door - Nationwide up to $80,,74.00,2026-09-22T14:01:12.672016+00:00
36080,Titus,AL,Garage Door - Nationwide up to $80,,74.00,2026-09-22T14:01:12.672016+00:00
36083,Tuskegee,AL,Garage Door - Nationwide up to $80,,74.00,2026-09-22T14:01:12.672016+00:00
36088,Tuskegee Institute,AL,Garage Door - Nationwide up to $80,,74.00,2026-09-22T14:01:12.672016+00:00
36089,Union Springs,AL,Garage Door - Nationwide up to $80,,74.00,2026-09-22T14:01:12.672016+00:00
36092,Wetumpka,AL,Garage Door - Nationwide up to $80,,74.00,2026-09-22T14:01:12.672016+00:00
36093,Wetumpka,AL,Garage Door - Nationwide up to $80,,74.00,2026-09-22T14:01:12.672016+00:00
36101,Montgomery,AL,Garage Door - Nationwide up to $80,,74.00,2026-09-22T14:01:12.672016+00:00
36102,,,Garage Door - Nationwide up to $80,,74.00,2026-09-22T14:01:12.672016+00:00
36103,,,Garage Door - Nationwide up to $80,,74.00,2026-09-22T14:01:12.672016+00:00
36104,Montgomery,AL,Garage Door - Nationwide up to $80,,74.00,2026-09-22T14:01:12.672016+00:00
36105,Montgomery,AL,Garage Door - Nationwide up to $80,,74.00,2026-09-22T14:01:12.672016+00:00
36106,Montgomery,AL,Garage Door - Nationwide up to $80,,74.00,2026-09-22T14:01:12.672016+00:00
36107,Montgomery,AL,Garage Door - Nationwide up to $80,,74.00,2026-09-22T14:01:12.672016+00:00
36108,Montgomery,AL,Garage Door - Nationwide up to $80,,74.00,2026-09-22T14:01:12.672016+00:00
36109,Montgomery,AL,Garage Door - Nationwide up to $80,,74.00,2026-09-22T14:01:12.672016+00:00
36110,Montgomery,AL,Garage Door - Nationwide up to $80,,74.00,2026-09-22T14:01:12.672016+00:00
36111,Montgomery,AL,Garage Door - Nationwide up to $80,,74.00,2026-09-22T14:01:12.672016+00:00
36112,Montgomery,AL,Garage Door - Nationwide up to $80,,74.00,2026-09-22T14:01:12.672016+00:00
36113,Montgomery,AL,Garage Door - Nationwide up to $80,,74.00,2026-09-22T14:01:12.672016+00:00
36114,Montgomery,AL,Garage Door - Nationwide up to $80,,74.00,2026-09-22T14:01:12.672016+00:00
36115,Montgomery,AL,Garage Door - Nationwide up to $80,,74.00,2026-09-22T14:01:12.672016+00:00
36116,Montgomery,AL,Garage Door - Nationwide up to $80,,74.00,2026-09-22T14:01:12.672016+00:00
36117,Montgomery,AL,Garage Door - Nationwide up to $80,,74.00,2026-09-22T14:01:12.672016+00:00
36118,,,Garage Door - Nationwide up to $80,,74.00,2026-09-22T14:01:12.672016+00:00
36119,,,Garage Door - Nationwide up to $80,,74.00,2026-09-22T14:01:12.672016+00:00
36120,,,Garage Door - Nationwide up to $80,,74.00,2026-09-22T14:01:12.672016+00:00
36121,,,Garage Door - Nationwide up to $80,,74.00,2026-09-22T14:01:12.672016+00:00
36123,,,Garage Door - Nationwide up to $80,,74.00,2026-09-22T14:01:12.672016+00:00
36124,,,Garage Door - Nationwide up to $80,,74.00,2026-09-22T14:01:12.672016+00:00
36125,,,Garage Door - Nationwide up to $80,,74.00,2026-09-22T14:01:12.672016+00:00
36130,Montgomery,AL,Garage Door - Nationwide up to $80,,74.00,2026-09-22T14:01:12.672016+00:00
36131,,,Garage Door - Nationwide up to $80,,74.00,2026-09-22T14:01:12.672016+00:00
36132,,,Garage Door - Nationwide up to $80,,74.00,2026-09-22T14:01:12.672016+00:00
36135,,,Garage Door - Nationwide up to $80,,74.00,2026-09-22T14:01:12.672016+00:00
36140,,,Garage Door - Nationwide up to $80,,74.00,2026-09-22T14:01:12.672016+00:00
36141,,,Garage Door - Nationwide up to $80,,74.00,2026-09-22T14:01:12.672016+00:00
36142,,,Garage Door - Nationwide up to $80,,74.00,2026-09-22T14:01:12.672016+00:00
36177,,,Garage Door - Nationwide up to $80,,74.00,2026-09-22T14:01:12.672016+00:00
36191,,,Garage Door - Nationwide up to $80,,74.00,2026-09-22T14:01:12.672016+00:00
36701,Selma,AL,Garage Door - Nationwide up to $80,,74.00,2026-09-22T14:01:12.672016+00:00
36702,,,Garage Door - Nationwide up to $80,,74.00,2026-09-22T14:01:12.672016+00:00
36703,Selma,AL,Garage Door - Nationwide up to $80,,74.00,2026-09-22T14:01:12.672016+00:00
36749,Jones,AL,Garage Door - Nationwide up to $80,,74.00,2026-09-22T14:01:12.672016+00:00
36752,Lowndesboro,AL,Garage Door - Nationwide up to $80,,74.00,2026-09-22T14:01:12.672016+00:00
36758,Plantersville,AL,Garage Door - Nationwide up to $80,,74.00,2026-09-22T14:01:12.672016+00:00
36775,Sardis,AL,Garage Door - Nationwide up to $80,,74.00,2026-09-22T14:01:12.672016+00:00
36785,Tyler,AL,Garage Door - Nationwide up to $80,,74.00,2026-09-22T14:01:12.672016+00:00
36790,Stanton,AL,Garage Door - Nationwide up to $80,,74.00,2026-09-22T14:01:12.672016+00:00
36804,Opelika,AL,Garage Door - Nationwide up to $80,,74.00,2026-09-22T14:01:12.672016+00:00
36830,Auburn,AL,Garage Door - Nationwide up to $80,,74.00,2026-09-22T14:01:12.672016+00:00
36832,Auburn,AL,Garage Door - Nationwide up to $80,,74.00,2026-09-22T14:01:12.672016+00:00
36849,Auburn University,AL,Garage Door - Nationwide up to $80,,74.00,2026-09-22T14:01:12.672016+00:00
36851,Cottonton,AL,Garage Door - Nationwide up to $80,,74.00,2026-09-22T14:01:12.672016+00:00
36853,Dadeville,AL,Garage Door - Nationwide up to $80,,74.00,2026-09-22T14:01:12.672016+00:00
36856,Fort Mitchell,AL,Garage Door - Nationwide up to $80,,74.00,2026-09-22T14:01:12.672016+00:00
36858,Hatchechubbee,AL,Garage Door - Nationwide up to $80,,74.00,2026-09-22T14:01:12.672016+00:00
36860,Hurtsboro,AL,Garage Door - Nationwide up to $80,,74.00,2026-09-22T14:01:12.672016+00:00
36865,Loachapoka,AL,Garage Door - Nationwide up to $80,,74.00,2026-09-22T14:01:12.672016+00:00
36866,Notasulga,AL,Garage Door - Nationwide up to $80,,74.00,2026-09-22T14:01:12.672016+00:00
36867,Phenix City,AL,Garage Door - Nationwide up to $80,,74.00,2026-09-22T14:01:12.672016+00:00
36869,Phenix City,AL,Garage Door - Nationwide up to $80,,74.00,2026-09-22T14:01:12.672016+00:00
36870,Phenix City,AL,Garage Door - Nationwide up to $80,,74.00,2026-09-22T14:01:12.672016+00:00
36871,Pittsview,AL,Garage Door - Nationwide up to $80,,74.00,2026-09-22T14:01:12.672016+00:00
36874,Salem,AL,Garage Door - Nationwide up to $80,,74.00,2026-09-22T14:01:12.672016+00:00
36875,Seale,AL,Garage Door - Nationwide up to $80,,74.00,2026-09-22T14:01:12.672016+00:00
36877,Smiths Station,AL,Garage Door - Nationwide up to $80,,74.00,2026-09-22T14:01:12.672016+00:00
37010,Adams,TN,Garage Door - Nationwide up to $80,,74.00,2026-09-22T14:01:12.672016+00:00
37011,,,Garage Door - Nationwide up to $80,,77.50,2026-09-22T14:01:12.672016+00:00
37013,Antioch,TN,Garage Door - Nationwide up to $80,,77.50,2026-09-22T14:01:12.672016+00:00
37014,Arrington,TN,Garage Door - Nationwide up to $80,,74.00,2026-09-22T14:01:12.672016+00:00
37015,Ashland City,TN,Garage Door - Nationwide up to $80,,75.00,2026-09-22T14:01:12.672016+00:00
37016,Auburntown,TN,Garage Door - Nationwide up to $80,,75.00,2026-09-22T14:01:12.672016+00:00
37024,,,Garage Door - Nationwide up to $80,,74.00,2026-09-22T14:01:12.672016+00:00
37027,Brentwood,TN,Garage Door - Nationwide up to $80,,74.00,2026-09-22T14:01:12.672016+00:00
37031,Castalian Springs,TN,Garage Door - Nationwide up to $80,,74.00,2026-09-22T14:01:12.672016+00:00
37032,Cedar Hill,TN,Garage Door - Nationwide up to $80,,74.00,2026-09-22T14:01:12.672016+00:00
37034,Chapel Hill,TN,Garage Door - Nationwide up to $80,,74.00,2026-09-22T14:01:12.672016+00:00
37035,Chapmansboro,TN,Garage Door - Nationwide up to $80,,75.00,2026-09-22T14:01:12.672016+00:00
37036,Charlotte,TN,Garage Door - Nationwide up to $80,,75.00,2026-09-22T14:01:12.672016+00:00
37040,Clarksville,TN,Garage Door - Nationwide up to $80,,74.00,2026-09-22T14:01:12.672016+00:00
37041,,,Garage Door - Nationwide up to $80,,74.00,2026-09-22T14:01:12.672016+00:00
37043,Clarksville,TN,Garage Door - Nationwide up to $80,,74.00,2026-09-22T14:01:12.672016+00:00
37044,,,Garage Door - Nationwide up to $80,,74.00,2026-09-22T14:01:12.672016+00:00
37046,College Grove,TN,Garage Door - Nationwide up to $80,,74.00,2026-09-22T14:01:12.672016+00:00
37048,Cottontown,TN,Garage Door - Nationwide up to $80,,74.00,2026-09-22T14:01:12.672016+00:00
37049,Cross Plains,TN,Garage Door - Nationwide up to $80,,74.00,2026-09-22T14:01:12.672016+00:00
37060,Eagleville,TN,Garage Door - Nationwide up to $80,,74.00,2026-09-22T14:01:12.672016+00:00
37062,Fairview,TN,Garage Door - Nationwide up to $80,,74.00,2026-09-22T14:01:12.672016+00:00
37064,Franklin,TN,Garage Door - Nationwide up to $80,,74.00,2026-09-22T14:01:12.672016+00:00
37065,,,Garage Door - Nationwide up to $80,,74.00,2026-09-22T14:01:12.672016+00:00
37066,Gallatin,TN,Garage Door - Nationwide up to $80,,74.00,2026-09-22T14:01:12.672016+00:00
37067,Franklin,TN,Garage Door - Nationwide up to $80,,74.00,2026-09-22T14:01:12.672016+00:00
37068,,,Garage Door - Nationwide up to $80,,74.00,2026-09-22T14:01:12.672016+00:00
37069,Franklin,TN,Garage Door - Nationwide up to $80,,74.00,2026-09-22T14:01:12.672016+00:00
37070,,,Garage Door - Nationwide up to $80,,77.50,2026-09-22T14:01:12.672016+00:00
37071,,,Garage Door - Nationwide up to $80,,74.00,2026-09-22T14:01:12.672016+00:00
37072,Goodlettsville,TN,Garage Door - Nationwide up to $80,,77.50,2026-09-22T14:01:12.672016+00:00
37073,Greenbrier,TN,Garage Door - Nationwide up to $80,,74.00,2026-09-22T14:01:12.672016+00:00
37074,Hartsville,TN,Garage Door - Nationwide up to $80,,75.00,2026-09-22T14:01:12.672016+00:00
37075,Hendersonville,TN,Garage Door - Nationwide up to $80,,74.00,2026-09-22T14:01:12.672016+00:00
37076,Hermitage,TN,Garage Door - Nationwide up to $80,,77.50,2026-09-22T14:01:12.672016+00:00
37077,,,Garage Door - Nationwide up to $80,,74.00,2026-09-22T14:01:12.672016+00:00
37080,Joelton,TN,Garage Door - Nationwide up to $80,,77.50,2026-09-22T14:01:12.672016+00:00
37082,Kingston Springs,TN,Garage Door - Nationwide up to $80,,75.00,2026-09-22T14:01:12.672016+00:00
37085,Lascassas,TN,Garage Door - Nationwide up to $80,,74.00,2026-09-22T14:01:12.672016+00:00
37086,La Vergne,TN,Garage Door - Nationwide up to $80,,74.00,2026-09-22T14:01:12.672016+00:00
37087,Lebanon,TN,Garage Door - Nationwide up to $80,,74.00,2026-09-22T14:01:12.672016+00:00
37088,,,Garage Door - Nationwide up to $80,,74.00,2026-09-22T14:01:12.672016+00:00
37089,,,Garage Door - Nationwide up to $80,,74.00,2026-09-22T14:01:12.672016+00:00
37090,Lebanon,TN,Garage Door - Nationwide up to $80,,74.00,2026-09-22T14:01:12.672016+00:00
37115,Madison,TN,Garage Door - Nationwide up to $80,,77.50,2026-09-22T14:01:12.672016+00:00
37116,,,Garage Door - Nationwide up to $80,,77.50,2026-09-22T14:01:12.672016+00:00
37118,Milton,TN,Garage Door - Nationwide up to $80,,74.00,2026-09-22T14:01:12.672016+00:00
37121,,,Garage Door - Nationwide up to $80,,74.00,2026-09-22T14:01:12.672016+00:00
37122,Mount Juliet,TN,Garage Door - Nationwide up to $80,,74.00,2026-09-22T14:01:12.672016+00:00
37127,Murfreesboro,TN,Garage Door - Nationwide up to $80,,74.00,2026-09-22T14:01:12.672016+00:00
37128,Murfreesboro,TN,Garage Door - Nationwide up to $80,,74.00,2026-09-22T14:01:12.672016+00:00
37129,Murfreesboro,TN,Garage Door - Nationwide up to $80,,74.00,2026-09-22T14:01:12.672016+00:00
37130,Murfreesboro,TN,Garage Door - Nationwide up to $80,,74.00,2026-09-22T14:01:12.672016+00:00
37131,,,Garage Door - Nationwide up to $80,,74.00,2026-09-22T14:01:12.672016+00:00
37132,Murfreesboro,TN,Garage Door - Nationwide up to $80,,74.00,2026-09-22T14:01:12.672016+00:00
37133,,,Garage Door - Nationwide up to $80,,74.00,2026-09-22T14:01:12.672016+00:00
37135,Nolensville,TN,Garage Door - Nationwide up to $80,,74.00,2026-09-22T14:01:12.672016+00:00
37136,,,Garage Door - Nationwide up to $80,,74.00,2026-09-22T14:01:12.672016+00:00
37138,Old Hickory,TN,Garage Door - Nationwide up to $80,,77.50,2026-09-22T14:01:12.672016+00:00
37143,Pegram,TN,Garage Door - Nationwide up to $80,,75.00,2026-09-22T14:01:12.672016+00:00
37146,Pleasant View,TN,Garage Door - Nationwide up to $80,,75.00,2026-09-22T14:01:12.672016+00:00
37152,,,Garage Door - Nationwide up to $80,,74.00,2026-09-22T14:01:12.672016+00:00
37153,Rockvale,TN,Garage Door - Nationwide up to $80,,74.00,2026-09-22T14:01:12.672016+00:00
37167,Smyrna,TN,Garage Door - Nationwide up to $80,,74.00,2026-09-22T14:01:12.672016+00:00
37171,Southside,TN,Garage Door - Nationwide up to $80,,74.00,2026-09-22T14:01:12.672016+00:00
37172,Springfield,TN,Garage Door - Nationwide up to $80,,74.00,2026-09-22T14:01:12.672016+00:00
37174,Spring Hill,TN,Garage Door - Nationwide up to $80,,75.00,2026-09-22T14:01:12.672016+00:00
37179,Thompsons Station,TN,Garage Door - Nationwide up to $80,,74.00,2026-09-22T14:01:12.672016+00:00
37184,Watertown,TN,Garage Door - Nationwide up to $80,,74.00,2026-09-22T14:01:12.672016+00:00
37187,White Bluff,TN,Garage Door - Nationwide up to $80,,75.00,2026-09-22T14:01:12.672016+00:00
37188,White House,TN,Garage Door - Nationwide up to $80,,74.00,2026-09-22T14:01:12.672016+00:00
37189,Whites Creek,TN,Garage Door - Nationwide up to $80,,77.50,2026-09-22T14:01:12.672016+00:00
37201,Nashville,TN,Garage Door - Nationwide up to $80,,77.50,2026-09-22T14:01:12.672016+00:00
37202,,,Garage Door - Nationwide up to $80,,77.50,2026-09-22T14:01:12.672016+00:00
37203,Nashville,TN,Garage Door - Nationwide up to $80,,77.50,2026-09-22T14:01:12.672016+00:00
37204,Nashville,TN,Garage Door - Nationwide up to $80,,77.50,2026-09-22T14:01:12.672016+00:00
37205,Nashville,TN,Garage Door - Nationwide up to $80,,77.50,2026-09-22T14:01:12.672016+00:00
37206,Nashville,TN,Garage Door - Nationwide up to $80,,77.50,2026-09-22T14:01:12.672016+00:00
37207,Nashville,TN,Garage Door - Nationwide up to $80,,77.50,2026-09-22T14:01:12.672016+00:00
37208,Nashville,TN,Garage Door - Nationwide up to $80,,77.50,2026-09-22T14:01:12.672016+00:00
37209,Nashville,TN,Garage Door - Nationwide up to $80,,77.50,2026-09-22T14:01:12.672016+00:00
37210,Nashville,TN,Garage Door - Nationwide up to $80,,77.50,2026-09-22T14:01:12.672016+00:00
37211,Nashville,TN,Garage Door - Nationwide up to $80,,77.50,2026-09-22T14:01:12.672016+00:00
37212,Nashville,TN,Garage Door - Nationwide up to $80,,77.50,2026-09-22T14:01:12.672016+00:00
37213,Nashville,TN,Garage Door - Nationwide up to $80,,77.50,2026-09-22T14:01:12.672016+00:00
37214,Nashville,TN,Garage Door - Nationwide up to $80,,77.50,2026-09-22T14:01:12.672016+00:00
37215,Nashville,TN,Garage Door - Nationwide up to $80,,77.50,2026-09-22T14:01:12.672016+00:00
37216,Nashville,TN,Garage Door - Nationwide up to $80,,77.50,2026-09-22T14:01:12.672016+00:00
37217,Nashville,TN,Garage Door - Nationwide up to $80,,77.50,2026-09-22T14:01:12.672016+00:00
37218,Nashville,TN,Garage Door - Nationwide up to $80,,77.50,2026-09-22T14:01:12.672016+00:00
37219,Nashville,TN,Garage Door - Nationwide up to $80,,77.50,2026-09-22T14:01:12.672016+00:00
37220,Nashville,TN,Garage Door - Nationwide up to $80,,77.50,2026-09-22T14:01:12.672016+00:00
37221,Nashville,TN,Garage Door - Nationwide up to $80,,77.50,2026-09-22T14:01:12.672016+00:00
37222,,,Garage Door - Nationwide up to $80,,77.50,2026-09-22T14:01:12.672016+00:00
37224,,,Garage Door - Nationwide up to $80,,77.50,2026-09-22T14:01:12.672016+00:00
37227,,,Garage Door - Nationwide up to $80,,77.50,2026-09-22T14:01:12.672016+00:00
37228,Nashville,TN,Garage Door - Nationwide up to $80,,77.50,2026-09-22T14:01:12.672016+00:00
37229,,,Garage Door - Nationwide up to $80,,77.50,2026-09-22T14:01:12.672016+00:00
37230,,,Garage Door - Nationwide up to $80,,77.50,2026-09-22T14:01:12.672016+00:00
37232,Nashville,TN,Garage Door - Nationwide up to $80,,77.50,2026-09-22T14:01:12.672016+00:00
37234,,,Garage Door - Nationwide up to $80,,77.50,2026-09-22T14:01:12.672016+00:00
37235,,,Garage Door - Nationwide up to $80,,77.50,2026-09-22T14:01:12.672016+00:00
37236,,,Garage Door - Nationwide up to $80,,77.50,2026-09-22T14:01:12.672016+00:00
37238,Nashville,TN,Garage Door - Nationwide up to $80,,77.50,2026-09-22T14:01:12.672016+00:00
37240,,,Garage Door - Nationwide up to $80,,77.50,2026-09-22T14:01:12.672016+00:00
37241,,,Garage Door - Nationwide up to $80,,77.50,2026-09-22T14:01:12.672016+00:00
37242,,,Garage Door - Nationwide up to $80,,77.50,2026-09-22T14:01:12.672016+00:00
37243,,,Garage Door - Nationwide up to $80,,77.50,2026-09-22T14:01:12.672016+00:00
37244,,,Garage Door - Nationwide up to $80,,77.50,2026-09-22T14:01:12.672016+00:00
37246,,,Garage Door - Nationwide up to $80,,77.50,2026-09-22T14:01:12.672016+00:00
37250,,,Garage Door - Nationwide up to $80,,77.50,2026-09-22T14:01:12.672016+00:00
39901,,,Garage Door - Nationwide up to $80,,74.00,2026-09-22T14:01:12.672016+00:00
41001,Alexandria,KY,Garage Door - Nationwide up to $80,,74.00,2026-09-22T14:01:12.672016+00:00
41005,Burlington,KY,Garage Door - Nationwide up to $80,,74.00,2026-09-22T14:01:12.672016+00:00
41007,California,KY,Garage Door - Nationwide up to $80,,74.00,2026-09-22T14:01:12.672016+00:00
41011,Covington,KY,Garage Door - Nationwide up to $80,,74.00,2026-09-22T14:01:12.672016+00:00
41014,Covington,KY,Garage Door - Nationwide up to $80,,74.00,2026-09-22T14:01:12.672016+00:00
41015,Latonia,KY,Garage Door - Nationwide up to $80,,74.00,2026-09-22T14:01:12.672016+00:00
41016,Covington,KY,Garage Door - Nationwide up to $80,,74.00,2026-09-22T14:01:12.672016+00:00
41017,Ft Mitchell,KY,Garage Door - Nationwide up to $80,,74.00,2026-09-22T14:01:12.672016+00:00
41018,Erlanger,KY,Garage Door - Nationwide up to $80,,74.00,2026-09-22T14:01:12.672016+00:00
41042,Florence,KY,Garage Door - Nationwide up to $80,,74.00,2026-09-22T14:01:12.672016+00:00
41048,Hebron,KY,Garage Door - Nationwide up to $80,,74.00,2026-09-22T14:01:12.672016+00:00
41051,Independence,KY,Garage Door - Nationwide up to $80,,74.00,2026-09-22T14:01:12.672016+00:00
41059,Melbourne,KY,Garage Door - Nationwide up to $80,,74.00,2026-09-22T14:01:12.672016+00:00
41071,Newport,KY,Garage Door - Nationwide up to $80,,74.00,2026-09-22T14:01:12.672016+00:00
41072,,,Garage Door - Nationwide up to $80,,74.00,2026-09-22T14:01:12.672016+00:00
41073,Bellevue,KY,Garage Door - Nationwide up to $80,,74.00,2026-09-22T14:01:12.672016+00:00
41074,Dayton,KY,Garage Door - Nationwide up to $80,,74.00,2026-09-22T14:01:12.672016+00:00
41075,Fort Thomas,KY,Garage Door - Nationwide up to $80,,74.00,2026-09-22T14:01:12.672016+00:00
41076,Newport,KY,Garage Door - Nationwide up to $80,,74.00,2026-09-22T14:01:12.672016+00:00
41080,Petersburg,KY,Garage Door - Nationwide up to $80,,74.00,2026-09-22T14:01:12.672016+00:00
41085,Silver Grove,KY,Garage Door - Nationwide up to $80,,74.00,2026-09-22T14:01:12.672016+00:00
41091,Union,KY,Garage Door - Nationwide up to $80,,74.00,2026-09-22T14:01:12.672016+00:00
41094,Walton,KY,Garage Door - Nationwide up to $80,,74.00,2026-09-22T14:01:12.672016+00:00
45001,Addyston,OH,Garage Door - Nationwide up to $80,,74.00,2026-09-22T14:01:12.672016+00:00
45002,Cleves,OH,Garage Door - Nationwide up to $80,,74.00,2026-09-22T14:01:12.672016+00:00
45005,Franklin,OH,Garage Door - Nationwide up to $80,,74.00,2026-09-22T14:01:12.672016+00:00
45011,Hamilton,OH,Garage Door - Nationwide up to $80,,74.00,2026-09-22T14:01:12.672016+00:00
45013,Hamilton,OH,Garage Door - Nationwide up to $80,,74.00,2026-09-22T14:01:12.672016+00:00
45014,Fairfield,OH,Garage Door - Nationwide up to $80,,74.00,2026-09-22T14:01:12.672016+00:00
45015,Hamilton,OH,Garage Door - Nationwide up to $80,,74.00,2026-09-22T14:01:12.672016+00:00
45030,Harrison,OH,Garage Door - Nationwide up to $80,,74.00,2026-09-22T14:01:12.672016+00:00
45033,Hooven,OH,Garage Door - Nationwide up to $80,,74.00,2026-09-22T14:01:12.672016+00:00
45034,Kings Mills,OH,Garage Door - Nationwide up to $80,,74.00,2026-09-22T14:01:12.672016+00:00
45036,Lebanon,OH,Garage Door - Nationwide up to $80,,74.00,2026-09-22T14:01:12.672016+00:00
45039,Maineville,OH,Garage Door - Nationwide up to $80,,74.00,2026-09-22T14:01:12.672016+00:00
45040,Mason,OH,Garage Door - Nationwide up to $80,,74.00,2026-09-22T14:01:12.672016+00:00
45041,Miamitown,OH,Garage Door - Nationwide up to $80,,74.00,2026-09-22T14:01:12.672016+00:00
45042,Middletown,OH,Garage Door - Nationwide up to $80,,74.00,2026-09-22T14:01:12.672016+00:00
45044,Middletown,OH,Garage Door - Nationwide up to $80,,74.00,2026-09-22T14:01:12.672016+00:00
45050,Monroe,OH,Garage Door - Nationwide up to $80,,74.00,2026-09-22T14:01:12.672016+00:00
45051,Mount Saint Joseph,OH,Garage Door - Nationwide up to $80,,74.00,2026-09-22T14:01:12.672016+00:00
45052,North Bend,OH,Garage Door - Nationwide up to $80,,74.00,2026-09-22T14:01:12.672016+00:00
45053,Okeana,OH,Garage Door - Nationwide up to $80,,74.00,2026-09-22T14:01:12.672016+00:00
45054,Oregonia,OH,Garage Door - Nationwide up to $80,,74.00,2026-09-22T14:01:12.672016+00:00
45056,Oxford,OH,Garage Door - Nationwide up to $80,,74.00,2026-09-22T14:01:12.672016+00:00
45061,,,Garage Door - Nationwide up to $80,,74.00,2026-09-22T14:01:12.672016+00:00
45065,South Lebanon,OH,Garage Door - Nationwide up to $80,,74.00,2026-09-22T14:01:12.672016+00:00
45066,Springboro,OH,Garage Door - Nationwide up to $80,,74.00,2026-09-22T14:01:12.672016+00:00
45067,Trenton,OH,Garage Door - Nationwide up to $80,,74.00,2026-09-22T14:01:12.672016+00:00
45069,West Chester,OH,Garage Door - Nationwide up to $80,,74.00,2026-09-22T14:01:12.672016+00:00
45102,Amelia,OH,Garage Door - Nationwide up to $80,,74.00,2026-09-22T14:01:12.672016+00:00
45103,Batavia,OH,Garage Door - Nationwide up to $80,,74.00,2026-09-22T14:01:12.672016+00:00
45106,Bethel,OH,Garage Door - Nationwide up to $80,,74.00,2026-09-22T14:01:12.672016+00:00
45107,Blanchester,OH,Garage Door - Nationwide up to $80,,74.00,2026-09-22T14:01:12.672016+00:00
45111,Camp Dennison,OH,Garage Door - Nationwide up to $80,,74.00,2026-09-22T14:01:12.672016+00:00
45118,Fayetteville,OH,Garage Door - Nationwide up to $80,,74.00,2026-09-22T14:01:12.672016+00:00
45122,Goshen,OH,Garage Door - Nationwide up to $80,,74.00,2026-09-22T14:01:12.672016+00:00
45130,Hamersville,OH,Garage Door - Nationwide up to $80,,74.00,2026-09-22T14:01:12.672016+00:00
45140,Loveland,OH,Garage Door - Nationwide up to $80,,74.00,2026-09-22T14:01:12.672016+00:00
45147,Miamiville,OH,Garage Door - Nationwide up to $80,,74.00,2026-09-22T14:01:12.672016+00:00
45150,Milford,OH,Garage Door - Nationwide up to $80,,74.00,2026-09-22T14:01:12.672016+00:00
45152,Morrow,OH,Garage Door - Nationwide up to $80,,74.00,2026-09-22T14:01:12.672016+00:00
45153,Moscow,OH,Garage Door - Nationwide up to $80,,74.00,2026-09-22T14:01:12.672016+00:00
45154,Mount Orab,OH,Garage Door - Nationwide up to $80,,74.00,2026-09-22T14:01:12.672016+00:00
45157,New Richmond,OH,Garage Door - Nationwide up to $80,,74.00,2026-09-22T14:01:12.672016+00:00
45158,Newtonsville,OH,Garage Door - Nationwide up to $80,,74.00,2026-09-22T14:01:12.672016+00:00
45160,Owensville,OH,Garage Door - Nationwide up to $80,,74.00,2026-09-22T14:01:12.672016+00:00
45162,Pleasant Plain,OH,Garage Door - Nationwide up to $80,,74.00,2026-09-22T14:01:12.672016+00:00
45174,Terrace Park,OH,Garage Door - Nationwide up to $80,,74.00,2026-09-22T14:01:12.672016+00:00
45176,Williamsburg,OH,Garage Door - Nationwide up to $80,,74.00,2026-09-22T14:01:12.672016+00:00
45201,,,Garage Door - Nationwide up to $80,,74.00,2026-09-22T14:01:12.672016+00:00
45202,Cincinnati,OH,Garage Door - Nationwide up to $80,,74.00,2026-09-22T14:01:12.672016+00:00
45203,Cincinnati,OH,Garage Door - Nationwide up to $80,,74.00,2026-09-22T14:01:12.672016+00:00
45204,Cincinnati,OH,Garage Door - Nationwide up to $80,,74.00,2026-09-22T14:01:12.672016+00:00
45205,Cincinnati,OH,Garage Door - Nationwide up to $80,,74.00,2026-09-22T14:01:12.672016+00:00
45206,Cincinnati,OH,Garage Door - Nationwide up to $80,,74.00,2026-09-22T14:01:12.672016+00:00
45207,Cincinnati,OH,Garage Door - Nationwide up to $80,,74.00,2026-09-22T14:01:12.672016+00:00
45208,Cincinnati,OH,Garage Door - Nationwide up to $80,,74.00,2026-09-22T14:01:12.672016+00:00
45209,Cincinnati,OH,Garage Door - Nationwide up to $80,,74.00,2026-09-22T14:01:12.672016+00:00
45211,Cincinnati,OH,Garage Door - Nationwide up to $80,,74.00,2026-09-22T14:01:12.672016+00:00
45212,Cincinnati,OH,Garage Door - Nationwide up to $80,,74.00,2026-09-22T14:01:12.672016+00:00
45213,Cincinnati,OH,Garage Door - Nationwide up to $80,,74.00,2026-09-22T14:01:12.672016+00:00
45214,Cincinnati,OH,Garage Door - Nationwide up to $80,,74.00,2026-09-22T14:01:12.672016+00:00
45215,Cincinnati,OH,Garage Door - Nationwide up to $80,,74.00,2026-09-22T14:01:12.672016+00:00
45216,Cincinnati,OH,Garage Door - Nationwide up to $80,,74.00,2026-09-22T14:01:12.672016+00:00
45217,Cincinnati,OH,Garage Door - Nationwide up to $80,,74.00,2026-09-22T14:01:12.672016+00:00
45218,Cincinnati,OH,Garage Door - Nationwide up to $80,,74.00,2026-09-22T14:01:12.672016+00:00
45219,Cincinnati,OH,Garage Door - Nationwide up to $80,,74.00,2026-09-22T14:01:12.672016+00:00
45220,Cincinnati,OH,Garage Door - Nationwide up to $80,,74.00,2026-09-22T14:01:12.672016+00:00
45223,Cincinnati,OH,Garage Door - Nationwide up to $80,,74.00,2026-09-22T14:01:12.672016+00:00
45224,Cincinnati,OH,Garage Door - Nationwide up to $80,,74.00,2026-09-22T14:01:12.672016+00:00
45225,Cincinnati,OH,Garage Door - Nationwide up to $80,,74.00,2026-09-22T14:01:12.672016+00:00
45226,Cincinnati,OH,Garage Door - Nationwide up to $80,,74.00,2026-09-22T14:01:12.672016+00:00
45227,Cincinnati,OH,Garage Door - Nationwide up to $80,,74.00,2026-09-22T14:01:12.672016+00:00
45229,Cincinnati,OH,Garage Door - Nationwide up to $80,,74.00,2026-09-22T14:01:12.672016+00:00
45230,Cincinnati,OH,Garage Door - Nationwide up to $80,,74.00,2026-09-22T14:01:12.672016+00:00
45231,Cincinnati,OH,Garage Door - Nationwide up to $80,,74.00,2026-09-22T14:01:12.672016+00:00
45232,Cincinnati,OH,Garage Door - Nationwide up to $80,,74.00,2026-09-22T14:01:12.672016+00:00
45233,Cincinnati,OH,Garage Door - Nationwide up to $80,,74.00,2026-09-22T14:01:12.672016+00:00
45235,,,Garage Door - Nationwide up to $80,,74.00,2026-09-22T14:01:12.672016+00:00
45236,Cincinnati,OH,Garage Door - Nationwide up to $80,,74.00,2026-09-22T14:01:12.672016+00:00
45237,Cincinnati,OH,Garage Door - Nationwide up to $80,,74.00,2026-09-22T14:01:12.672016+00:00
45238,Cincinnati,OH,Garage Door - Nationwide up to $80,,74.00,2026-09-22T14:01:12.672016+00:00
45239,Cincinnati,OH,Garage Door - Nationwide up to $80,,74.00,2026-09-22T14:01:12.672016+00:00
45240,Cincinnati,OH,Garage Door - Nationwide up to $80,,74.00,2026-09-22T14:01:12.672016+00:00
45241,Cincinnati,OH,Garage Door - Nationwide up to $80,,74.00,2026-09-22T14:01:12.672016+00:00
45242,Cincinnati,OH,Garage Door - Nationwide up to $80,,74.00,2026-09-22T14:01:12.672016+00:00
45243,Cincinnati,OH,Garage Door - Nationwide up to $80,,74.00,2026-09-22T14:01:12.672016+00:00
45244,Cincinnati,OH,Garage Door - Nationwide up to $80,,74.00,2026-09-22T14:01:12.672016+00:00
45245,Cincinnati,OH,Garage Door - Nationwide up to $80,,74.00,2026-09-22T14:01:12.672016+00:00
45246,Cincinnati,OH,Garage Door - Nationwide up to $80,,74.00,2026-09-22T14:01:12.672016+00:00
45247,Cincinnati,OH,Garage Door - Nationwide up to $80,,74.00,2026-09-22T14:01:12.672016+00:00
45248,Cincinnati,OH,Garage Door - Nationwide up to $80,,74.00,2026-09-22T14:01:12.672016+00:00
45249,Cincinnati,OH,Garage Door - Nationwide up to $80,,74.00,2026-09-22T14:01:12.672016+00:00
45250,,,Garage Door - Nationwide up to $80,,74.00,2026-09-22T14:01:12.672016+00:00
45251,Cincinnati,OH,Garage Door - Nationwide up to $80,,74.00,2026-09-22T14:01:12.672016+00:00
45252,Cincinnati,OH,Garage Door - Nationwide up to $80,,74.00,2026-09-22T14:01:12.672016+00:00
45255,Cincinnati,OH,Garage Door - Nationwide up to $80,,74.00,2026-09-22T14:01:12.672016+00:00
45270,,,Garage Door - Nationwide up to $80,,74.00,2026-09-22T14:01:12.672016+00:00
46030,Arcadia,IN,Garage Door - Nationwide up to $80,,74.00,2026-09-22T14:01:12.672016+00:00
46031,Atlanta,IN,Garage Door - Nationwide up to $80,,74.00,2026-09-22T14:01:12.672016+00:00
46032,Carmel,IN,Garage Door - Nationwide up to $80,,74.00,2026-09-22T14:01:12.672016+00:00
46033,Carmel,IN,Garage Door - Nationwide up to $80,,74.00,2026-09-22T14:01:12.672016+00:00
46034,Cicero,IN,Garage Door - Nationwide up to $80,,74.00,2026-09-22T14:01:12.672016+00:00
46037,Fishers,IN,Garage Door - Nationwide up to $80,,74.00,2026-09-22T14:01:12.672016+00:00
46038,Fishers,IN,Garage Door - Nationwide up to $80,,74.00,2026-09-22T14:01:12.672016+00:00
46040,Fortville,IN,Garage Door - Nationwide up to $80,,74.00,2026-09-22T14:01:12.672016+00:00
46052,Lebanon,IN,Garage Door - Nationwide up to $80,,74.00,2026-09-22T14:01:12.672016+00:00
46055,Mccordsville,IN,Garage Door - Nationwide up to $80,,74.00,2026-09-22T14:01:12.672016+00:00
46060,Noblesville,IN,Garage Door - Nationwide up to $80,,74.00,2026-09-22T14:01:12.672016+00:00
46061,,,Garage Door - Nationwide up to $80,,74.00,2026-09-22T14:01:12.672016+00:00
46062,Noblesville,IN,Garage Door - Nationwide up to $80,,74.00,2026-09-22T14:01:12.672016+00:00
46069,Sheridan,IN,Garage Door - Nationwide up to $80,,74.00,2026-09-22T14:01:12.672016+00:00
46071,Thorntown,IN,Garage Door - Nationwide up to $80,,74.00,2026-09-22T14:01:12.672016+00:00
46074,Westfield,IN,Garage Door - Nationwide up to $80,,74.00,2026-09-22T14:01:12.672016+00:00
46075,Whitestown,IN,Garage Door - Nationwide up to $80,,74.00,2026-09-22T14:01:12.672016+00:00
46077,Zionsville,IN,Garage Door - Nationwide up to $80,,74.00,2026-09-22T14:01:12.672016+00:00
46082,,,Garage Door - Nationwide up to $80,,74.00,2026-09-22T14:01:12.672016+00:00
46085,,,Garage Door - Nationwide up to $80,,74.00,2026-09-22T14:01:12.672016+00:00
46102,Advance,IN,Garage Door - Nationwide up to $80,,74.00,2026-09-22T14:01:12.672016+00:00
46103,Amo,IN,Garage Door - Nationwide up to $80,,81.50,2026-09-22T14:01:12.672016+00:00
46105,Bainbridge,IN,Garage Door - Nationwide up to $80,,74.00,2026-09-22T14:01:12.672016+00:00
46106,Bargersville,IN,Garage Door - Nationwide up to $80,,74.00,2026-09-22T14:01:12.672016+00:00
46107,Beech Grove,IN,Garage Door - Nationwide up to $80,,74.00,2026-09-22T14:01:12.672016+00:00
46110,Boggstown,IN,Garage Door - Nationwide up to $80,,74.00,2026-09-22T14:01:12.672016+00:00
46111,Brooklyn,IN,Garage Door - Nationwide up to $80,,74.00,2026-09-22T14:01:12.672016+00:00
46112,Brownsburg,IN,Garage Door - Nationwide up to $80,,81.50,2026-09-22T14:01:12.672016+00:00
46113,Camby,IN,Garage Door - Nationwide up to $80,,74.00,2026-09-22T14:01:12.672016+00:00
46117,Charlottesville,IN,Garage Door - Nationwide up to $80,,74.00,2026-09-22T14:01:12.672016+00:00
46118,Clayton,IN,Garage Door - Nationwide up to $80,,81.50,2026-09-22T14:01:12.672016+00:00
46120,Cloverdale,IN,Garage Door - Nationwide up to $80,,74.00,2026-09-22T14:01:12.672016+00:00
46121,Coatesville,IN,Garage Door - Nationwide up to $80,,81.50,2026-09-22T14:01:12.672016+00:00
46122,Danville,IN,Garage Door - Nationwide up to $80,,81.50,2026-09-22T14:01:12.672016+00:00
46123,Avon,IN,Garage Door - Nationwide up to $80,,81.50,2026-09-22T14:01:12.672016+00:00
46124,Edinburgh,IN,Garage Door - Nationwide up to $80,,74.00,2026-09-22T14:01:12.672016+00:00
46125,Eminence,IN,Garage Door - Nationwide up to $80,,74.00,2026-09-22T14:01:12.672016+00:00
46126,Fairland,IN,Garage Door - Nationwide up to $80,,74.00,2026-09-22T14:01:12.672016+00:00
46128,Fillmore,IN,Garage Door - Nationwide up to $80,,74.00,2026-09-22T14:01:12.672016+00:00
46129,,,Garage Door - Nationwide up to $80,,74.00,2026-09-22T14:01:12.672016+00:00
46130,Fountaintown,IN,Garage Door - Nationwide up to $80,,74.00,2026-09-22T14:01:12.672016+00:00
46131,Franklin,IN,Garage Door - Nationwide up to $80,,74.00,2026-09-22T14:01:12.672016+00:00
46135,Greencastle,IN,Garage Door - Nationwide up to $80,,74.00,2026-09-22T14:01:12.672016+00:00
46140,Greenfield,IN,Garage Door - Nationwide up to $80,,74.00,2026-09-22T14:01:12.672016+00:00
46142,Greenwood,IN,Garage Door - Nationwide up to $80,,74.00,2026-09-22T14:01:12.672016+00:00
46143,Greenwood,IN,Garage Door - Nationwide up to $80,,74.00,2026-09-22T14:01:12.672016+00:00
46144,Gwynneville,IN,Garage Door - Nationwide up to $80,,74.00,2026-09-22T14:01:12.672016+00:00
46147,Jamestown,IN,Garage Door - Nationwide up to $80,,74.00,2026-09-22T14:01:12.672016+00:00
46149,Lizton,IN,Garage Door - Nationwide up to $80,,81.50,2026-09-22T14:01:12.672016+00:00
46151,Martinsville,IN,Garage Door - Nationwide up to $80,,74.00,2026-09-22T14:01:12.672016+00:00
46154,Maxwell,IN,Garage Door - Nationwide up to $80,,74.00,2026-09-22T14:01:12.672016+00:00
46157,Monrovia,IN,Garage Door - Nationwide up to $80,,74.00,2026-09-22T14:01:12.672016+00:00
46158,Mooresville,IN,Garage Door - Nationwide up to $80,,74.00,2026-09-22T14:01:12.672016+00:00
46160,Morgantown,IN,Garage Door - Nationwide up to $80,,74.00,2026-09-22T14:01:12.672016+00:00
46161,Morristown,IN,Garage Door - Nationwide up to $80,,74.00,2026-09-22T14:01:12.672016+00:00
46162,Needham,IN,Garage Door - Nationwide up to $80,,74.00,2026-09-22T14:01:12.672016+00:00
46163,New Palestine,IN,Garage Door - Nationwide up to $80,,74.00,2026-09-22T14:01:12.672016+00:00
46164,Nineveh,IN,Garage Door - Nationwide up to $80,,74.00,2026-09-22T14:01:12.672016+00:00
46165,North Salem,IN,Garage Door - Nationwide up to $80,,81.50,2026-09-22T14:01:12.672016+00:00
46166,Paragon,IN,Garage Door - Nationwide up to $80,,74.00,2026-09-22T14:01:12.672016+00:00
46167,Pittsboro,IN,Garage Door - Nationwide up to $80,,81.50,2026-09-22T14:01:12.672016+00:00
46168,Plainfield,IN,Garage Door - Nationwide up to $80,,81.50,2026-09-22T14:01:12.672016+00:00
46170,Putnamville,IN,Garage Door - Nationwide up to $80,,74.00,2026-09-22T14:01:12.672016+00:00
46171,Reelsville,IN,Garage Door - Nationwide up to $80,,74.00,2026-09-22T14:01:12.672016+00:00
46172,Roachdale,IN,Garage Door - Nationwide up to $80,,74.00,2026-09-22T14:01:12.672016+00:00
46175,Russellville,IN,Garage Door - Nationwide up to $80,,74.00,2026-09-22T14:01:12.672016+00:00
46176,Shelbyville,IN,Garage Door - Nationwide up to $80,,74.00,2026-09-22T14:01:12.672016+00:00
46180,Stilesville,IN,Garage Door - Nationwide up to $80,,81.50,2026-09-22T14:01:12.672016+00:00
46181,Trafalgar,IN,Garage Door - Nationwide up to $80,,74.00,2026-09-22T14:01:12.672016+00:00
46182,Waldron,IN,Garage Door - Nationwide up to $80,,74.00,2026-09-22T14:01:12.672016+00:00
46183,West Newton,IN,Garage Door - Nationwide up to $80,,74.00,2026-09-22T14:01:12.672016+00:00
46184,Whiteland,IN,Garage Door - Nationwide up to $80,,74.00,2026-09-22T14:01:12.672016+00:00
46186,Wilkinson,IN,Garage Door - Nationwide up to $80,,74.00,2026-09-22T14:01:12.672016+00:00
46201,Indianapolis,IN,Garage Door - Nationwide up to $80,,74.00,2026-09-22T14:01:12.672016+00:00
46202,Indianapolis,IN,Garage Door - Nationwide up to $80,,74.00,2026-09-22T14:01:12.672016+00:00
46203,Indianapolis,IN,Garage Door - Nationwide up to $80,,74.00,2026-09-22T14:01:12.672016+00:00
46204,Indianapolis,IN,Garage Door - Nationwide up to $80,,74.00,2026-09-22T14:01:12.672016+00:00
46205,Indianapolis,IN,Garage Door - Nationwide up to $80,,74.00,2026-09-22T14:01:12.672016+00:00
46206,Indianapolis,IN,Garage Door - Nationwide up to $80,,74.00,2026-09-22T14:01:12.672016+00:00
46207,,,Garage Door - Nationwide up to $80,,74.00,2026-09-22T14:01:12.672016+00:00
46208,Indianapolis,IN,Garage Door - Nationwide up to $80,,74.00,2026-09-22T14:01:12.672016+00:00
46209,,,Garage Door - Nationwide up to $80,,74.00,2026-09-22T14:01:12.672016+00:00
46213,,,Garage Door - Nationwide up to $80,,74.00,2026-09-22T14:01:12.672016+00:00
46214,Indianapolis,IN,Garage Door - Nationwide up to $80,,74.00,2026-09-22T14:01:12.672016+00:00
46216,Indianapolis,IN,Garage Door - Nationwide up to $80,,74.00,2026-09-22T14:01:12.672016+00:00
46217,Indianapolis,IN,Garage Door - Nationwide up to $80,,74.00,2026-09-22T14:01:12.672016+00:00
46218,Indianapolis,IN,Garage Door - Nationwide up to $80,,74.00,2026-09-22T14:01:12.672016+00:00
46219,Indianapolis,IN,Garage Door - Nationwide up to $80,,74.00,2026-09-22T14:01:12.672016+00:00
46220,Indianapolis,IN,Garage Door - Nationwide up to $80,,74.00,2026-09-22T14:01:12.672016+00:00
46221,Indianapolis,IN,Garage Door - Nationwide up to $80,,74.00,2026-09-22T14:01:12.672016+00:00
46222,Indianapolis,IN,Garage Door - Nationwide up to $80,,74.00,2026-09-22T14:01:12.672016+00:00
46224,Indianapolis,IN,Garage Door - Nationwide up to $80,,74.00,2026-09-22T14:01:12.672016+00:00
46225,Indianapolis,IN,Garage Door - Nationwide up to $80,,74.00,2026-09-22T14:01:12.672016+00:00
46226,Indianapolis,IN,Garage Door - Nationwide up to $80,,74.00,2026-09-22T14:01:12.672016+00:00
46227,Indianapolis,IN,Garage Door - Nationwide up to $80,,74.00,2026-09-22T14:01:12.672016+00:00
46228,Indianapolis,IN,Garage Door - Nationwide up to $80,,74.00,2026-09-22T14:01:12.672016+00:00
46229,Indianapolis,IN,Garage Door - Nationwide up to $80,,74.00,2026-09-22T14:01:12.672016+00:00
46230,,,Garage Door - Nationwide up to $80,,74.00,2026-09-22T14:01:12.672016+00:00
46231,Indianapolis,IN,Garage Door - Nationwide up to $80,,74.00,2026-09-22T14:01:12.672016+00:00
46234,Indianapolis,IN,Garage Door - Nationwide up to $80,,74.00,2026-09-22T14:01:12.672016+00:00
46235,Indianapolis,IN,Garage Door - Nationwide up to $80,,74.00,2026-09-22T14:01:12.672016+00:00
46236,Indianapolis,IN,Garage Door - Nationwide up to $80,,74.00,2026-09-22T14:01:12.672016+00:00
46237,Indianapolis,IN,Garage Door - Nationwide up to $80,,74.00,2026-09-22T14:01:12.672016+00:00
46239,Indianapolis,IN,Garage Door - Nationwide up to $80,,74.00,2026-09-22T14:01:12.672016+00:00
46240,Indianapolis,IN,Garage Door - Nationwide up to $80,,74.00,2026-09-22T14:01:12.672016+00:00
46241,Indianapolis,IN,Garage Door - Nationwide up to $80,,74.00,2026-09-22T14:01:12.672016+00:00
46242,,,Garage Door - Nationwide up to $80,,74.00,2026-09-22T14:01:12.672016+00:00
46244,,,Garage Door - Nationwide up to $80,,74.00,2026-09-22T14:01:12.672016+00:00
46247,,,Garage Door - Nationwide up to $80,,74.00,2026-09-22T14:01:12.672016+00:00
46249,,,Garage Door - Nationwide up to $80,,74.00,2026-09-22T14:01:12.672016+00:00
46250,Indianapolis,IN,Garage Door - Nationwide up to $80,,74.00,2026-09-22T14:01:12.672016+00:00
46251,,,Garage Door - Nationwide up to $80,,74.00,2026-09-22T14:01:12.672016+00:00
46253,,,Garage Door - Nationwide up to $80,,74.00,2026-09-22T14:01:12.672016+00:00
46254,Indianapolis,IN,Garage Door - Nationwide up to $80,,74.00,2026-09-22T14:01:12.672016+00:00
46255,,,Garage Door - Nationwide up to $80,,74.00,2026-09-22T14:01:12.672016+00:00
46256,Indianapolis,IN,Garage Door - Nationwide up to $80,,74.00,2026-09-22T14:01:12.672016+00:00
46259,Indianapolis,IN,Garage Door - Nationwide up to $80,,74.00,2026-09-22T14:01:12.672016+00:00
46260,Indianapolis,IN,Garage Door - Nationwide up to $80,,74.00,2026-09-22T14:01:12.672016+00:00
46262,,,Garage Door - Nationwide up to $80,,74.00,2026-09-22T14:01:12.672016+00:00
46268,Indianapolis,IN,Garage Door - Nationwide up to $80,,74.00,2026-09-22T14:01:12.672016+00:00
46277,,,Garage Door - Nationwide up to $80,,74.00,2026-09-22T14:01:12.672016+00:00
46278,Indianapolis,IN,Garage Door - Nationwide up to $80,,74.00,2026-09-22T14:01:12.672016+00:00
46280,Indianapolis,IN,Garage Door - Nationwide up to $80,,74.00,2026-09-22T14:01:12.672016+00:00
46282,,,Garage Door - Nationwide up to $80,,74.00,2026-09-22T14:01:12.672016+00:00
46283,,,Garage Door - Nationwide up to $80,,74.00,2026-09-22T14:01:12.672016+00:00
46285,,,Garage Door - Nationwide up to $80,,74.00,2026-09-22T14:01:12.672016+00:00
46290,Indianapolis,IN,Garage Door - Nationwide up to $80,,74.00,2026-09-22T14:01:12.672016+00:00
46298,,,Garage Door - Nationwide up to $80,,74.00,2026-09-22T14:01:12.672016+00:00
47025,Lawrenceburg,IN,Garage Door - Nationwide up to $80,,74.00,2026-09-22T14:01:12.672016+00:00
47060,West Harrison,IN,Garage Door - Nationwide up to $80,,74.00,2026-09-22T14:01:12.672016+00:00
47201,Columbus,IN,Garage Door - Nationwide up to $80,,81.50,2026-09-22T14:01:12.672016+00:00
47202,,,Garage Door - Nationwide up to $80,,81.50,2026-09-22T14:01:12.672016+00:00
47203,Columbus,IN,Garage Door - Nationwide up to $80,,81.50,2026-09-22T14:01:12.672016+00:00
47226,Clifford,IN,Garage Door - Nationwide up to $80,,81.50,2026-09-22T14:01:12.672016+00:00
47232,Elizabethtown,IN,Garage Door - Nationwide up to $80,,81.50,2026-09-22T14:01:12.672016+00:00
47234,Flat Rock,IN,Garage Door - Nationwide up to $80,,74.00,2026-09-22T14:01:12.672016+00:00
47236,Grammer,IN,Garage Door - Nationwide up to $80,,81.50,2026-09-22T14:01:12.672016+00:00
47244,Hartsville,IN,Garage Door - Nationwide up to $80,,81.50,2026-09-22T14:01:12.672016+00:00
47246,Hope,IN,Garage Door - Nationwide up to $80,,81.50,2026-09-22T14:01:12.672016+00:00
47247,Jonesville,IN,Garage Door - Nationwide up to $80,,81.50,2026-09-22T14:01:12.672016+00:00
47280,Taylorsville,IN,Garage Door - Nationwide up to $80,,81.50,2026-09-22T14:01:12.672016+00:00
47401,Bloomington,IN,Garage Door - Nationwide up to $80,,74.00,2026-09-22T14:01:12.672016+00:00
47402,,,Garage Door - Nationwide up to $80,,74.00,2026-09-22T14:01:12.672016+00:00
47403,Bloomington,IN,Garage Door - Nationwide up to $80,,74.00,2026-09-22T14:01:12.672016+00:00
47404,Bloomington,IN,Garage Door - Nationwide up to $80,,74.00,2026-09-22T14:01:12.672016+00:00
47405,Bloomington,IN,Garage Door - Nationwide up to $80,,74.00,2026-09-22T14:01:12.672016+00:00
47406,Bloomington,IN,Garage Door - Nationwide up to $80,,74.00,2026-09-22T14:01:12.672016+00:00
47407,,,Garage Door - Nationwide up to $80,,74.00,2026-09-22T14:01:12.672016+00:00
47408,Bloomington,IN,Garage Door - Nationwide up to $80,,74.00,2026-09-22T14:01:12.672016+00:00
47420,Avoca,IN,Garage Door - Nationwide up to $80,,74.00,2026-09-22T14:01:12.672016+00:00
47421,Bedford,IN,Garage Door - Nationwide up to $80,,74.00,2026-09-22T14:01:12.672016+00:00
47424,Bloomfield,IN,Garage Door - Nationwide up to $80,,74.00,2026-09-22T14:01:12.672016+00:00
47426,,,Garage Door - Nationwide up to $80,,74.00,2026-09-22T14:01:12.672016+00:00
47427,Coal City,IN,Garage Door - Nationwide up to $80,,81.50,2026-09-22T14:01:12.672016+00:00
47429,Ellettsville,IN,Garage Door - Nationwide up to $80,,74.00,2026-09-22T14:01:12.672016+00:00
47431,Freedom,IN,Garage Door - Nationwide up to $80,,81.50,2026-09-22T14:01:12.672016+00:00
47433,Gosport,IN,Garage Door - Nationwide up to $80,,81.50,2026-09-22T14:01:12.672016+00:00
47434,Harrodsburg,IN,Garage Door - Nationwide up to $80,,74.00,2026-09-22T14:01:12.672016+00:00
47435,Helmsburg,IN,Garage Door - Nationwide up to $80,,74.00,2026-09-22T14:01:12.672016+00:00
47436,Heltonville,IN,Garage Door - Nationwide up to $80,,74.00,2026-09-22T14:01:12.672016+00:00
47437,Huron,IN,Garage Door - Nationwide up to $80,,74.00,2026-09-22T14:01:12.672016+00:00
47438,Jasonville,IN,Garage Door - Nationwide up to $80,,74.00,2026-09-22T14:01:12.672016+00:00
47441,Linton,IN,Garage Door - Nationwide up to $80,,74.00,2026-09-22T14:01:12.672016+00:00
47443,Lyons,IN,Garage Door - Nationwide up to $80,,74.00,2026-09-22T14:01:12.672016+00:00
47445,Midland,IN,Garage Door - Nationwide up to $80,,74.00,2026-09-22T14:01:12.672016+00:00
47446,Mitchell,IN,Garage Door - Nationwide up to $80,,74.00,2026-09-22T14:01:12.672016+00:00
47448,Nashville,IN,Garage Door - Nationwide up to $80,,74.00,2026-09-22T14:01:12.672016+00:00
47449,Newberry,IN,Garage Door - Nationwide up to $80,,74.00,2026-09-22T14:01:12.672016+00:00
47451,Oolitic,IN,Garage Door - Nationwide up to $80,,74.00,2026-09-22T14:01:12.672016+00:00
47453,Owensburg,IN,Garage Door - Nationwide up to $80,,74.00,2026-09-22T14:01:12.672016+00:00
47455,Patricksburg,IN,Garage Door - Nationwide up to $80,,81.50,2026-09-22T14:01:12.672016+00:00
47456,Quincy,IN,Garage Door - Nationwide up to $80,,81.50,2026-09-22T14:01:12.672016+00:00
47457,Scotland,IN,Garage Door - Nationwide up to $80,,74.00,2026-09-22T14:01:12.672016+00:00
47458,Smithville,IN,Garage Door - Nationwide up to $80,,74.00,2026-09-22T14:01:12.672016+00:00
47459,Solsberry,IN,Garage Door - Nationwide up to $80,,74.00,2026-09-22T14:01:12.672016+00:00
47460,Spencer,IN,Garage Door - Nationwide up to $80,,81.50,2026-09-22T14:01:12.672016+00:00
47462,Springville,IN,Garage Door - Nationwide up to $80,,74.00,2026-09-22T14:01:12.672016+00:00
47463,,,Garage Door - Nationwide up to $80,,74.00,2026-09-22T14:01:12.672016+00:00
47464,Stinesville,IN,Garage Door - Nationwide up to $80,,74.00,2026-09-22T14:01:12.672016+00:00
47465,Switz City,IN,Garage Door - Nationwide up to $80,,74.00,2026-09-22T14:01:12.672016+00:00
47467,Tunnelton,IN,Garage Door - Nationwide up to $80,,74.00,2026-09-22T14:01:12.672016+00:00
47468,Unionville,IN,Garage Door - Nationwide up to $80,,74.00,2026-09-22T14:01:12.672016+00:00
47470,Williams,IN,Garage Door - Nationwide up to $80,,74.00,2026-09-22T14:01:12.672016+00:00
47471,Worthington,IN,Garage Door - Nationwide up to $80,,74.00,2026-09-22T14:01:12.672016+00:00
47868,Poland,IN,Garage Door - Nationwide up to $80,,81.50,2026-09-22T14:01:12.672016+00:00
55005,Bethel,MN,Garage Door - Nationwide up to $80,,32.00,2026-09-22T14:01:12.672016+00:00
55011,Cedar,MN,Garage Door - Nationwide up to $80,,32.00,2026-09-22T14:01:12.672016+00:00
55014,Circle Pines,MN,Garage Door - Nationwide up to $80,,32.00,2026-09-22T14:01:12.672016+00:00
55016,Cottage Grove,MN,Garage Door - Nationwide up to $80,,32.00,2026-09-22T14:01:12.672016+00:00
55020,Elko New Market,MN,Garage Door - Nationwide up to $80,,32.00,2026-09-22T14:01:12.672016+00:00
55024,Farmington,MN,Garage Door - Nationwide up to $80,,32.00,2026-09-22T14:01:12.672016+00:00
55025,Forest Lake,MN,Garage Door - Nationwide up to $80,,32.00,2026-09-22T14:01:12.672016+00:00
55031,Hampton,MN,Garage Door - Nationwide up to $80,,32.00,2026-09-22T14:01:12.672016+00:00
55033,Hastings,MN,Garage Door - Nationwide up to $80,,32.00,2026-09-22T14:01:12.672016+00:00
55038,Hugo,MN,Garage Door - Nationwide up to $80,,32.00,2026-09-22T14:01:12.672016+00:00
55042,Lake Elmo,MN,Garage Door - Nationwide up to $80,,32.00,2026-09-22T14:01:12.672016+00:00
55044,Lakeville,MN,Garage Door - Nationwide up to $80,,32.00,2026-09-22T14:01:12.672016+00:00
55054,Elko New Market,MN,Garage Door - Nationwide up to $80,,32.00,2026-09-22T14:01:12.672016+00:00
55055,Newport,MN,Garage Door - Nationwide up to $80,,32.00,2026-09-22T14:01:12.672016+00:00
55065,Randolph,MN,Garage Door - Nationwide up to $80,,32.00,2026-09-22T14:01:12.672016+00:00
55068,Rosemount,MN,Garage Door - Nationwide up to $80,,32.00,2026-09-22T14:01:12.672016+00:00
55070,Saint Francis,MN,Garage Door - Nationwide up to $80,,32.00,2026-09-22T14:01:12.672016+00:00
55071,Saint Paul Park,MN,Garage Door - Nationwide up to $80,,32.00,2026-09-22T14:01:12.672016+00:00
55075,South Saint Paul,MN,Garage Door - Nationwide up to $80,,32.00,2026-09-22T14:01:12.672016+00:00
55076,Inver Grove Heights,MN,Garage Door - Nationwide up to $80,,32.00,2026-09-22T14:01:12.672016+00:00
55077,Inver Grove Heights,MN,Garage Door - Nationwide up to $80,,32.00,2026-09-22T14:01:12.672016+00:00
55082,Stillwater,MN,Garage Door - Nationwide up to $80,,32.00,2026-09-22T14:01:12.672016+00:00
55085,Vermillion,MN,Garage Door - Nationwide up to $80,,32.00,2026-09-22T14:01:12.672016+00:00
55090,Willernie,MN,Garage Door - Nationwide up to $80,,32.00,2026-09-22T14:01:12.672016+00:00
55101,Saint Paul,MN,Garage Door - Nationwide up to $80,,32.00,2026-09-22T14:01:12.672016+00:00
55102,Saint Paul,MN,Garage Door - Nationwide up to $80,,32.00,2026-09-22T14:01:12.672016+00:00
55103,Saint Paul,MN,Garage Door - Nationwide up to $80,,32.00,2026-09-22T14:01:12.672016+00:00
55104,Saint Paul,MN,Garage Door - Nationwide up to $80,,32.00,2026-09-22T14:01:12.672016+00:00
55105,Saint Paul,MN,Garage Door - Nationwide up to $80,,32.00,2026-09-22T14:01:12.672016+00:00
55106,Saint Paul,MN,Garage Door - Nationwide up to $80,,32.00,2026-09-22T14:01:12.672016+00:00
55107,Saint Paul,MN,Garage Door - Nationwide up to $80,,32.00,2026-09-22T14:01:12.672016+00:00
55108,Saint Paul,MN,Garage Door - Nationwide up to $80,,32.00,2026-09-22T14:01:12.672016+00:00
55109,Saint Paul,MN,Garage Door - Nationwide up to $80,,32.00,2026-09-22T14:01:12.672016+00:00
55110,Saint Paul,MN,Garage Door - Nationwide up to $80,,32.00,2026-09-22T14:01:12.672016+00:00
55111,Saint Paul,MN,Garage Door - Nationwide up to $80,,32.00,2026-09-22T14:01:12.672016+00:00
55112,Saint Paul,MN,Garage Door - Nationwide up to $80,,32.00,2026-09-22T14:01:12.672016+00:00
55113,Saint Paul,MN,Garage Door - Nationwide up to $80,,32.00,2026-09-22T14:01:12.672016+00:00
55114,Saint Paul,MN,Garage Door - Nationwide up to $80,,32.00,2026-09-22T14:01:12.672016+00:00
55115,Saint Paul,MN,Garage Door - Nationwide up to $80,,32.00,2026-09-22T14:01:12.672016+00:00
55116,Saint Paul,MN,Garage Door - Nationwide up to $80,,32.00,2026-09-22T14:01:12.672016+00:00
55117,Saint Paul,MN,Garage Door - Nationwide up to $80,,32.00,2026-09-22T14:01:12.672016+00:00
55118,Saint Paul,MN,Garage Door - Nationwide up to $80,,32.00,2026-09-22T14:01:12.672016+00:00
55119,Saint Paul,MN,Garage Door - Nationwide up to $80,,32.00,2026-09-22T14:01:12.672016+00:00
55120,Saint Paul,MN,Garage Door - Nationwide up to $80,,32.00,2026-09-22T14:01:12.672016+00:00
55121,Saint Paul,MN,Garage Door - Nationwide up to $80,,32.00,2026-09-22T14:01:12.672016+00:00
55122,Saint Paul,MN,Garage Door - Nationwide up to $80,,32.00,2026-09-22T14:01:12.672016+00:00
55123,Saint Paul,MN,Garage Door - Nationwide up to $80,,32.00,2026-09-22T14:01:12.672016+00:00
55124,Saint Paul,MN,Garage Door - Nationwide up to $80,,32.00,2026-09-22T14:01:12.672016+00:00
55125,Saint Paul,MN,Garage Door - Nationwide up to $80,,32.00,2026-09-22T14:01:12.672016+00:00
55126,Saint Paul,MN,Garage Door - Nationwide up to $80,,32.00,2026-09-22T14:01:12.672016+00:00
55127,Saint Paul,MN,Garage Door - Nationwide up to $80,,32.00,2026-09-22T14:01:12.672016+00:00
55128,Saint Paul,MN,Garage Door - Nationwide up to $80,,32.00,2026-09-22T14:01:12.672016+00:00
55129,Saint Paul,MN,Garage Door - Nationwide up to $80,,32.00,2026-09-22T14:01:12.672016+00:00
55130,Saint Paul,MN,Garage Door - Nationwide up to $80,,32.00,2026-09-22T14:01:12.672016+00:00
55150,Mendota,MN,Garage Door - Nationwide up to $80,,32.00,2026-09-22T14:01:12.672016+00:00
55155,Saint Paul,MN,Garage Door - Nationwide up to $80,,32.00,2026-09-22T14:01:12.672016+00:00
55303,Anoka,MN,Garage Door - Nationwide up to $80,,32.00,2026-09-22T14:01:12.672016+00:00
55304,Andover,MN,Garage Door - Nationwide up to $80,,32.00,2026-09-22T14:01:12.672016+00:00
55305,Hopkins,MN,Garage Door - Nationwide up to $80,,32.00,2026-09-22T14:01:12.672016+00:00
55306,Burnsville,MN,Garage Door - Nationwide up to $80,,32.00,2026-09-22T14:01:12.672016+00:00
55311,Maple Grove,MN,Garage Door - Nationwide up to $80,,32.00,2026-09-22T14:01:12.672016+00:00
55315,Carver,MN,Garage Door - Nationwide up to $80,,32.00,2026-09-22T14:01:12.672016+00:00
55316,Champlin,MN,Garage Door - Nationwide up to $80,,32.00,2026-09-22T14:01:12.672016+00:00
55317,Chanhassen,MN,Garage Door - Nationwide up to $80,,32.00,2026-09-22T14:01:12.672016+00:00
55318,Chaska,MN,Garage Door - Nationwide up to $80,,32.00,2026-09-22T14:01:12.672016+00:00
55322,Cologne,MN,Garage Door - Nationwide up to $80,,32.00,2026-09-22T14:01:12.672016+00:00
55323,,,Garage Door - Nationwide up to $80,,32.00,2026-09-22T14:01:12.672016+00:00
55327,Dayton,MN,Garage Door - Nationwide up to $80,,32.00,2026-09-22T14:01:12.672016+00:00
55331,Excelsior,MN,Garage Door - Nationwide up to $80,,32.00,2026-09-22T14:01:12.672016+00:00
55337,Burnsville,MN,Garage Door - Nationwide up to $80,,32.00,2026-09-22T14:01:12.672016+00:00
55339,Hamburg,MN,Garage Door - Nationwide up to $80,,32.00,2026-09-22T14:01:12.672016+00:00
55340,Hamel,MN,Garage Door - Nationwide up to $80,,32.00,2026-09-22T14:01:12.672016+00:00
55343,Hopkins,MN,Garage Door - Nationwide up to $80,,32.00,2026-09-22T14:01:12.672016+00:00
55344,Eden Prairie,MN,Garage Door - Nationwide up to $80,,32.00,2026-09-22T14:01:12.672016+00:00
55345,Minnetonka,MN,Garage Door - Nationwide up to $80,,32.00,2026-09-22T14:01:12.672016+00:00
55346,Eden Prairie,MN,Garage Door - Nationwide up to $80,,32.00,2026-09-22T14:01:12.672016+00:00
55347,Eden Prairie,MN,Garage Door - Nationwide up to $80,,32.00,2026-09-22T14:01:12.672016+00:00
55352,Jordan,MN,Garage Door - Nationwide up to $80,,32.00,2026-09-22T14:01:12.672016+00:00
55356,Long Lake,MN,Garage Door - Nationwide up to $80,,32.00,2026-09-22T14:01:12.672016+00:00
55359,Maple Plain,MN,Garage Door - Nationwide up to $80,,32.00,2026-09-22T14:01:12.672016+00:00
55360,Mayer,MN,Garage Door - Nationwide up to $80,,32.00,2026-09-22T14:01:12.672016+00:00
55361,,,Garage Door - Nationwide up to $80,,32.00,2026-09-22T14:01:12.672016+00:00
55364,Mound,MN,Garage Door - Nationwide up to $80,,32.00,2026-09-22T14:01:12.672016+00:00
55367,New Germany,MN,Garage Door - Nationwide up to $80,,32.00,2026-09-22T14:01:12.672016+00:00
55368,Norwood Young America,MN,Garage Door - Nationwide up to $80,,32.00,2026-09-22T14:01:12.672016+00:00
55369,Osseo,MN,Garage Door - Nationwide up to $80,,32.00,2026-09-22T14:01:12.672016+00:00
55372,Prior Lake,MN,Garage Door - Nationwide up to $80,,32.00,2026-09-22T14:01:12.672016+00:00
55374,Rogers,MN,Garage Door - Nationwide up to $80,,32.00,2026-09-22T14:01:12.672016+00:00
55375,Saint Bonifacius,MN,Garage Door - Nationwide up to $80,,32.00,2026-09-22T14:01:12.672016+00:00
55378,Savage,MN,Garage Door - Nationwide up to $80,,32.00,2026-09-22T14:01:12.672016+00:00
55379,Shakopee,MN,Garage Door - Nationwide up to $80,,32.00,2026-09-22T14:01:12.672016+00:00
55384,Spring Park,MN,Garage Door - Nationwide up to $80,,32.00,2026-09-22T14:01:12.672016+00:00
55386,Victoria,MN,Garage Door - Nationwide up to $80,,32.00,2026-09-22T14:01:12.672016+00:00
55387,Waconia,MN,Garage Door - Nationwide up to $80,,32.00,2026-09-22T14:01:12.672016+00:00
55388,Watertown,MN,Garage Door - Nationwide up to $80,,32.00,2026-09-22T14:01:12.672016+00:00
55391,Wayzata,MN,Garage Door - Nationwide up to $80,,32.00,2026-09-22T14:01:12.672016+00:00
55392,,,Garage Door - Nationwide up to $80,,32.00,2026-09-22T14:01:12.672016+00:00
55397,Young America,MN,Garage Door - Nationwide up to $80,,32.00,2026-09-22T14:01:12.672016+00:00
55401,Minneapolis,MN,Garage Door - Nationwide up to $80,,32.00,2026-09-22T14:01:12.672016+00:00
55402,Minneapolis,MN,Garage Door - Nationwide up to $80,,32.00,2026-09-22T14:01:12.672016+00:00
55403,Minneapolis,MN,Garage Door - Nationwide up to $80,,32.00,2026-09-22T14:01:12.672016+00:00
55404,Minneapolis,MN,Garage Door - Nationwide up to $80,,32.00,2026-09-22T14:01:12.672016+00:00
55405,Minneapolis,MN,Garage Door - Nationwide up to $80,,32.00,2026-09-22T14:01:12.672016+00:00
55406,Minneapolis,MN,Garage Door - Nationwide up to $80,,32.00,2026-09-22T14:01:12.672016+00:00
55407,Minneapolis,MN,Garage Door - Nationwide up to $80,,32.00,2026-09-22T14:01:12.672016+00:00
55408,Minneapolis,MN,Garage Door - Nationwide up to $80,,32.00,2026-09-22T14:01:12.672016+00:00
55409,Minneapolis,MN,Garage Door - Nationwide up to $80,,32.00,2026-09-22T14:01:12.672016+00:00
55410,Minneapolis,MN,Garage Door - Nationwide up to $80,,32.00,2026-09-22T14:01:12.672016+00:00
55411,Minneapolis,MN,Garage Door - Nationwide up to $80,,32.00,2026-09-22T14:01:12.672016+00:00
55412,Minneapolis,MN,Garage Door - Nationwide up to $80,,32.00,2026-09-22T14:01:12.672016+00:00
55413,Minneapolis,MN,Garage Door - Nationwide up to $80,,32.00,2026-09-22T14:01:12.672016+00:00
55414,Minneapolis,MN,Garage Door - Nationwide up to $80,,32.00,2026-09-22T14:01:12.672016+00:00
55415,Minneapolis,MN,Garage Door - Nationwide up to $80,,32.00,2026-09-22T14:01:12.672016+00:00
55416,Minneapolis,MN,Garage Door - Nationwide up to $80,,32.00,2026-09-22T14:01:12.672016+00:00
55417,Minneapolis,MN,Garage Door - Nationwide up to $80,,32.00,2026-09-22T14:01:12.672016+00:00
55418,Minneapolis,MN,Garage Door - Nationwide up to $80,,32.00,2026-09-22T14:01:12.672016+00:00
55419,Minneapolis,MN,Garage Door - Nationwide up to $80,,32.00,2026-09-22T14:01:12.672016+00:00
55420,Minneapolis,MN,Garage Door - Nationwide up to $80,,32.00,2026-09-22T14:01:12.672016+00:00
55421,Minneapolis,MN,Garage Door - Nationwide up to $80,,32.00,2026-09-22T14:01:12.672016+00:00
55422,Minneapolis,MN,Garage Door - Nationwide up to $80,,32.00,2026-09-22T14:01:12.672016+00:00
55423,Minneapolis,MN,Garage Door - Nationwide up to $80,,32.00,2026-09-22T14:01:12.672016+00:00
55424,Minneapolis,MN,Garage Door - Nationwide up to $80,,32.00,2026-09-22T14:01:12.672016+00:00
55425,Minneapolis,MN,Garage Door - Nationwide up to $80,,32.00,2026-09-22T14:01:12.672016+00:00
55426,Minneapolis,MN,Garage Door - Nationwide up to $80,,32.00,2026-09-22T14:01:12.672016+00:00
55427,Minneapolis,MN,Garage Door - Nationwide up to $80,,32.00,2026-09-22T14:01:12.672016+00:00
55428,Minneapolis,MN,Garage Door - Nationwide up to $80,,32.00,2026-09-22T14:01:12.672016+00:00
55429,Minneapolis,MN,Garage Door - Nationwide up to $80,,32.00,2026-09-22T14:01:12.672016+00:00
55430,Minneapolis,MN,Garage Door - Nationwide up to $80,,32.00,2026-09-22T14:01:12.672016+00:00
55431,Minneapolis,MN,Garage Door - Nationwide up to $80,,32.00,2026-09-22T14:01:12.672016+00:00
55432,Minneapolis,MN,Garage Door - Nationwide up to $80,,32.00,2026-09-22T14:01:12.672016+00:00
55433,Minneapolis,MN,Garage Door - Nationwide up to $80,,32.00,2026-09-22T14:01:12.672016+00:00
55434,Minneapolis,MN,Garage Door - Nationwide up to $80,,32.00,2026-09-22T14:01:12.672016+00:00
55435,Minneapolis,MN,Garage Door - Nationwide up to $80,,32.00,2026-09-22T14:01:12.672016+00:00
55436,Minneapolis,MN,Garage Door - Nationwide up to $80,,32.00,2026-09-22T14:01:12.672016+00:00
55437,Minneapolis,MN,Garage Door - Nationwide up to $80,,32.00,2026-09-22T14:01:12.672016+00:00
55438,Minneapolis,MN,Garage Door - Nationwide up to $80,,32.00,2026-09-22T14:01:12.672016+00:00
55439,Minneapolis,MN,Garage Door - Nationwide up to $80,,32.00,2026-09-22T14:01:12.672016+00:00
55441,Minneapolis,MN,Garage Door - Nationwide up to $80,,32.00,2026-09-22T14:01:12.672016+00:00
55442,Minneapolis,MN,Garage Door - Nationwide up to $80,,32.00,2026-09-22T14:01:12.672016+00:00
55443,Minneapolis,MN,Garage Door - Nationwide up to $80,,32.00,2026-09-22T14:01:12.672016+00:00
55444,Minneapolis,MN,Garage Door - Nationwide up to $80,,32.00,2026-09-22T14:01:12.672016+00:00
55445,Minneapolis,MN,Garage Door - Nationwide up to $80,,32.00,2026-09-22T14:01:12.672016+00:00
55446,Minneapolis,MN,Garage Door - Nationwide up to $80,,32.00,2026-09-22T14:01:12.672016+00:00
55447,Minneapolis,MN,Garage Door - Nationwide up to $80,,32.00,2026-09-22T14:01:12.672016+00:00
55448,Minneapolis,MN,Garage Door - Nationwide up to $80,,32.00,2026-09-22T14:01:12.672016+00:00
55449,Minneapolis,MN,Garage Door - Nationwide up to $80,,32.00,2026-09-22T14:01:12.672016+00:00
55450,Minneapolis,MN,Garage Door - Nationwide up to $80,,32.00,2026-09-22T14:01:12.672016+00:00
55454,Minneapolis,MN,Garage Door - Nationwide up to $80,,32.00,2026-09-22T14:01:12.672016+00:00
55455,Minneapolis,MN,Garage Door - Nationwide up to $80,,32.00,2026-09-22T14:01:12.672016+00:00
55487,,,Garage Door - Nationwide up to $80,,32.00,2026-09-22T14:01:12.672016+00:00
56011,Belle Plaine,MN,Garage Door - Nationwide up to $80,,32.00,2026-09-22T14:01:12.672016+00:00
56071,New Prague,MN,Garage Door - Nationwide up to $80,,32.00,2026-09-22T14:01:12.672016+00:00
60004,Arlington Heights,IL,Garage Door - Nationwide up to $80,,37.50,2026-09-22T14:01:12.672016+00:00
60005,Arlington Heights,IL,Garage Door - Nationwide up to $80,,37.50,2026-09-22T14:01:12.672016+00:00
60007,Elk Grove Village,IL,Garage Door - Nationwide up to $80,,37.50,2026-09-22T14:01:12.672016+00:00
60008,Rolling Meadows,IL,Garage Door - Nationwide up to $80,,37.50,2026-09-22T14:01:12.672016+00:00
60010,Barrington,IL,Garage Door - Nationwide up to $80,,37.50,2026-09-22T14:01:12.672016+00:00
60015,Deerfield,IL,Garage Door - Nationwide up to $80,,41.00,2026-09-22T14:01:12.672016+00:00
60016,Des Plaines,IL,Garage Door - Nationwide up to $80,,37.50,2026-09-22T14:01:12.672016+00:00
60017,,,Garage Door - Nationwide up to $80,,41.00,2026-09-22T14:01:12.672016+00:00
60018,Des Plaines,IL,Garage Door - Nationwide up to $80,,37.50,2026-09-22T14:01:12.672016+00:00
60019,,,Garage Door - Nationwide up to $80,,37.50,2026-09-22T14:01:12.672016+00:00
60022,Glencoe,IL,Garage Door - Nationwide up to $80,,41.00,2026-09-22T14:01:12.672016+00:00
60025,Glenview,IL,Garage Door - Nationwide up to $80,,41.00,2026-09-22T14:01:12.672016+00:00
60026,Glenview,IL,Garage Door - Nationwide up to $80,,41.00,2026-09-22T14:01:12.672016+00:00
60029,Golf,IL,Garage Door - Nationwide up to $80,,41.00,2026-09-22T14:01:12.672016+00:00
60035,Highland Park,IL,Garage Door - Nationwide up to $80,,41.00,2026-09-22T14:01:12.672016+00:00
60037,,,Garage Door - Nationwide up to $80,,41.00,2026-09-22T14:01:12.672016+00:00
60038,,,Garage Door - Nationwide up to $80,,37.50,2026-09-22T14:01:12.672016+00:00
60040,Highwood,IL,Garage Door - Nationwide up to $80,,41.00,2026-09-22T14:01:12.672016+00:00
60042,Island Lake,IL,Garage Door - Nationwide up to $80,,37.50,2026-09-22T14:01:12.672016+00:00
60043,Kenilworth,IL,Garage Door - Nationwide up to $80,,41.00,2026-09-22T14:01:12.672016+00:00
60044,Lake Bluff,IL,Garage Door - Nationwide up to $80,,41.00,2026-09-22T14:01:12.672016+00:00
60045,Lake Forest,IL,Garage Door - Nationwide up to $80,,41.00,2026-09-22T14:01:12.672016+00:00
60047,Lake Zurich,IL,Garage Door - Nationwide up to $80,,37.50,2026-09-22T14:01:12.672016+00:00
60048,Libertyville,IL,Garage Door - Nationwide up to $80,,41.00,2026-09-22T14:01:12.672016+00:00
60049,,,Garage Door - Nationwide up to $80,,32.50,2026-09-22T14:01:12.672016+00:00
60053,Morton Grove,IL,Garage Door - Nationwide up to $80,,41.00,2026-09-22T14:01:12.672016+00:00
60056,Mount Prospect,IL,Garage Door - Nationwide up to $80,,37.50,2026-09-22T14:01:12.672016+00:00
60060,Mundelein,IL,Garage Door - Nationwide up to $80,,37.50,2026-09-22T14:01:12.672016+00:00
60061,Vernon Hills,IL,Garage Door - Nationwide up to $80,,41.00,2026-09-22T14:01:12.672016+00:00
60062,Northbrook,IL,Garage Door - Nationwide up to $80,,41.00,2026-09-22T14:01:12.672016+00:00
60067,Palatine,IL,Garage Door - Nationwide up to $80,,37.50,2026-09-22T14:01:12.672016+00:00
60068,Park Ridge,IL,Garage Door - Nationwide up to $80,,37.50,2026-09-22T14:01:12.672016+00:00
60069,Lincolnshire,IL,Garage Door - Nationwide up to $80,,41.00,2026-09-22T14:01:12.672016+00:00
60070,Prospect Heights,IL,Garage Door - Nationwide up to $80,,37.50,2026-09-22T14:01:12.672016+00:00
60074,Palatine,IL,Garage Door - Nationwide up to $80,,37.50,2026-09-22T14:01:12.672016+00:00
60076,Skokie,IL,Garage Door - Nationwide up to $80,,41.00,2026-09-22T14:01:12.672016+00:00
60077,Skokie,IL,Garage Door - Nationwide up to $80,,41.00,2026-09-22T14:01:12.672016+00:00
60082,,,Garage Door - Nationwide up to $80,,41.00,2026-09-22T14:01:12.672016+00:00
60084,Wauconda,IL,Garage Door - Nationwide up to $80,,37.50,2026-09-22T14:01:12.672016+00:00
60089,Buffalo Grove,IL,Garage Door - Nationwide up to $80,,37.50,2026-09-22T14:01:12.672016+00:00
60090,Wheeling,IL,Garage Door - Nationwide up to $80,,37.50,2026-09-22T14:01:12.672016+00:00
60091,Wilmette,IL,Garage Door - Nationwide up to $80,,41.00,2026-09-22T14:01:12.672016+00:00
60093,Winnetka,IL,Garage Door - Nationwide up to $80,,41.00,2026-09-22T14:01:12.672016+00:00
60101,Addison,IL,Garage Door - Nationwide up to $80,,37.50,2026-09-22T14:01:12.672016+00:00
60102,Algonquin,IL,Garage Door - Nationwide up to $80,,37.50,2026-09-22T14:01:12.672016+00:00
60103,Bartlett,IL,Garage Door - Nationwide up to $80,,37.50,2026-09-22T14:01:12.672016+00:00
60104,Bellwood,IL,Garage Door - Nationwide up to $80,,37.50,2026-09-22T14:01:12.672016+00:00
60106,Bensenville,IL,Garage Door - Nationwide up to $80,,37.50,2026-09-22T14:01:12.672016+00:00
60107,Streamwood,IL,Garage Door - Nationwide up to $80,,37.50,2026-09-22T14:01:12.672016+00:00
60108,Bloomingdale,IL,Garage Door - Nationwide up to $80,,37.50,2026-09-22T14:01:12.672016+00:00
60120,Elgin,IL,Garage Door - Nationwide up to $80,,37.50,2026-09-22T14:01:12.672016+00:00
60126,Elmhurst,IL,Garage Door - Nationwide up to $80,,37.50,2026-09-22T14:01:12.672016+00:00
60130,Forest Park,IL,Garage Door - Nationwide up to $80,,37.50,2026-09-22T14:01:12.672016+00:00
60131,Franklin Park,IL,Garage Door - Nationwide up to $80,,37.50,2026-09-22T14:01:12.672016+00:00
60133,Hanover Park,IL,Garage Door - Nationwide up to $80,,37.50,2026-09-22T14:01:12.672016+00:00
60134,Geneva,IL,Garage Door - Nationwide up to $80,,37.50,2026-09-22T14:01:12.672016+00:00
60137,Glen Ellyn,IL,Garage Door - Nationwide up to $80,,37.50,2026-09-22T14:01:12.672016+00:00
60138,,,Garage Door - Nationwide up to $80,,37.50,2026-09-22T14:01:12.672016+00:00
60139,Glendale Heights,IL,Garage Door - Nationwide up to $80,,37.50,2026-09-22T14:01:12.672016+00:00
60141,Hines,IL,Garage Door - Nationwide up to $80,,37.50,2026-09-22T14:01:12.672016+00:00
60143,Itasca,IL,Garage Door - Nationwide up to $80,,37.50,2026-09-22T14:01:12.672016+00:00
60148,Lombard,IL,Garage Door - Nationwide up to $80,,37.50,2026-09-22T14:01:12.672016+00:00
60153,Maywood,IL,Garage Door - Nationwide up to $80,,37.50,2026-09-22T14:01:12.672016+00:00
60154,Westchester,IL,Garage Door - Nationwide up to $80,,37.50,2026-09-22T14:01:12.672016+00:00
60155,Broadview,IL,Garage Door - Nationwide up to $80,,37.50,2026-09-22T14:01:12.672016+00:00
60157,Medinah,IL,Garage Door - Nationwide up to $80,,37.50,2026-09-22T14:01:12.672016+00:00
60159,,,Garage Door - Nationwide up to $80,,37.50,2026-09-22T14:01:12.672016+00:00
60160,Melrose Park,IL,Garage Door - Nationwide up to $80,,37.50,2026-09-22T14:01:12.672016+00:00
60162,Hillside,IL,Garage Door - Nationwide up to $80,,37.50,2026-09-22T14:01:12.672016+00:00
60163,Berkeley,IL,Garage Door - Nationwide up to $80,,37.50,2026-09-22T14:01:12.672016+00:00
60164,Melrose Park,IL,Garage Door - Nationwide up to $80,,37.50,2026-09-22T14:01:12.672016+00:00
60165,Stone Park,IL,Garage Door - Nationwide up to $80,,37.50,2026-09-22T14:01:12.672016+00:00
60169,Hoffman Estates,IL,Garage Door - Nationwide up to $80,,37.50,2026-09-22T14:01:12.672016+00:00
60171,River Grove,IL,Garage Door - Nationwide up to $80,,37.50,2026-09-22T14:01:12.672016+00:00
60172,Roselle,IL,Garage Door - Nationwide up to $80,,37.50,2026-09-22T14:01:12.672016+00:00
60173,Schaumburg,IL,Garage Door - Nationwide up to $80,,37.50,2026-09-22T14:01:12.672016+00:00
60174,Saint Charles,IL,Garage Door - Nationwide up to $80,,37.50,2026-09-22T14:01:12.672016+00:00
60176,Schiller Park,IL,Garage Door - Nationwide up to $80,,37.50,2026-09-22T14:01:12.672016+00:00
60177,South Elgin,IL,Garage Door - Nationwide up to $80,,37.50,2026-09-22T14:01:12.672016+00:00
60181,Villa Park,IL,Garage Door - Nationwide up to $80,,37.50,2026-09-22T14:01:12.672016+00:00
60184,Wayne,IL,Garage Door - Nationwide up to $80,,37.50,2026-09-22T14:01:12.672016+00:00
60185,West Chicago,IL,Garage Door - Nationwide up to $80,,37.50,2026-09-22T14:01:12.672016+00:00
60186,,,Garage Door - Nationwide up to $80,,37.50,2026-09-22T14:01:12.672016+00:00
60187,Wheaton,IL,Garage Door - Nationwide up to $80,,37.50,2026-09-22T14:01:12.672016+00:00
60188,Carol Stream,IL,Garage Door - Nationwide up to $80,,37.50,2026-09-22T14:01:12.672016+00:00
60189,Wheaton,IL,Garage Door - Nationwide up to $80,,37.50,2026-09-22T14:01:12.672016+00:00
60190,Winfield,IL,Garage Door - Nationwide up to $80,,37.50,2026-09-22T14:01:12.672016+00:00
60191,Wood Dale,IL,Garage Door - Nationwide up to $80,,37.50,2026-09-22T14:01:12.672016+00:00
60192,Hoffman Estates,IL,Garage Door - Nationwide up to $80,,37.50,2026-09-22T14:01:12.672016+00:00
60193,Schaumburg,IL,Garage Door - Nationwide up to $80,,37.50,2026-09-22T14:01:12.672016+00:00
60194,Schaumburg,IL,Garage Door - Nationwide up to $80,,37.50,2026-09-22T14:01:12.672016+00:00
60195,Schaumburg,IL,Garage Door - Nationwide up to $80,,37.50,2026-09-22T14:01:12.672016+00:00
60196,,,Garage Door - Nationwide up to $80,,37.50,2026-09-22T14:01:12.672016+00:00
60199,,,Garage Door - Nationwide up to $80,,37.50,2026-09-22T14:01:12.672016+00:00
60201,Evanston,IL,Garage Door - Nationwide up to $80,,41.00,2026-09-22T14:01:12.672016+00:00
60202,Evanston,IL,Garage Door - Nationwide up to $80,,41.00,2026-09-22T14:01:12.672016+00:00
60203,Evanston,IL,Garage Door - Nationwide up to $80,,41.00,2026-09-22T14:01:12.672016+00:00
60204,,,Garage Door - Nationwide up to $80,,41.00,2026-09-22T14:01:12.672016+00:00
60208,Evanston,IL,Garage Door - Nationwide up to $80,,41.00,2026-09-22T14:01:12.672016+00:00
60301,Oak Park,IL,Garage Door - Nationwide up to $80,,37.50,2026-09-22T14:01:12.672016+00:00
60302,Oak Park,IL,Garage Door - Nationwide up to $80,,37.50,2026-09-22T14:01:12.672016+00:00
60304,Oak Park,IL,Garage Door - Nationwide up to $80,,37.50,2026-09-22T14:01:12.672016+00:00
60305,River Forest,IL,Garage Door - Nationwide up to $80,,37.50,2026-09-22T14:01:12.672016+00:00
60402,Berwyn,IL,Garage Door - Nationwide up to $80,,37.50,2026-09-22T14:01:12.672016+00:00
60439,Lemont,IL,Garage Door - Nationwide up to $80,,37.50,2026-09-22T14:01:12.672016+00:00
60440,Bolingbrook,IL,Garage Door - Nationwide up to $80,,37.50,2026-09-22T14:01:12.672016+00:00
60441,Lockport,IL,Garage Door - Nationwide up to $80,,37.50,2026-09-22T14:01:12.672016+00:00
60446,Romeoville,IL,Garage Door - Nationwide up to $80,,37.50,2026-09-22T14:01:12.672016+00:00
60480,Willow Springs,IL,Garage Door - Nationwide up to $80,,37.50,2026-09-22T14:01:12.672016+00:00
60490,Bolingbrook,IL,Garage Door - Nationwide up to $80,,37.50,2026-09-22T14:01:12.672016+00:00
60504,Aurora,IL,Garage Door - Nationwide up to $80,,37.50,2026-09-22T14:01:12.672016+00:00
60510,Batavia,IL,Garage Door - Nationwide up to $80,,37.50,2026-09-22T14:01:12.672016+00:00
60513,Brookfield,IL,Garage Door - Nationwide up to $80,,37.50,2026-09-22T14:01:12.672016+00:00
60514,Clarendon Hills,IL,Garage Door - Nationwide up to $80,,37.50,2026-09-22T14:01:12.672016+00:00
60515,Downers Grove,IL,Garage Door - Nationwide up to $80,,37.50,2026-09-22T14:01:12.672016+00:00
60516,Downers Grove,IL,Garage Door - Nationwide up to $80,,37.50,2026-09-22T14:01:12.672016+00:00
60517,Woodridge,IL,Garage Door - Nationwide up to $80,,37.50,2026-09-22T14:01:12.672016+00:00
60521,Hinsdale,IL,Garage Door - Nationwide up to $80,,37.50,2026-09-22T14:01:12.672016+00:00
60523,Oak Brook,IL,Garage Door - Nationwide up to $80,,37.50,2026-09-22T14:01:12.672016+00:00
60525,La Grange,IL,Garage Door - Nationwide up to $80,,37.50,2026-09-22T14:01:12.672016+00:00
60526,La Grange Park,IL,Garage Door - Nationwide up to $80,,37.50,2026-09-22T14:01:12.672016+00:00
60527,Willowbrook,IL,Garage Door - Nationwide up to $80,,37.50,2026-09-22T14:01:12.672016+00:00
60532,Lisle,IL,Garage Door - Nationwide up to $80,,37.50,2026-09-22T14:01:12.672016+00:00
60534,Lyons,IL,Garage Door - Nationwide up to $80,,37.50,2026-09-22T14:01:12.672016+00:00
60540,Naperville,IL,Garage Door - Nationwide up to $80,,37.50,2026-09-22T14:01:12.672016+00:00
60544,Plainfield,IL,Garage Door - Nationwide up to $80,,37.50,2026-09-22T14:01:12.672016+00:00
60546,Riverside,IL,Garage Door - Nationwide up to $80,,37.50,2026-09-22T14:01:12.672016+00:00
60555,Warrenville,IL,Garage Door - Nationwide up to $80,,37.50,2026-09-22T14:01:12.672016+00:00
60558,Western Springs,IL,Garage Door - Nationwide up to $80,,37.50,2026-09-22T14:01:12.672016+00:00
60559,Westmont,IL,Garage Door - Nationwide up to $80,,37.50,2026-09-22T14:01:12.672016+00:00
60561,Darien,IL,Garage Door - Nationwide up to $80,,37.50,2026-09-22T14:01:12.672016+00:00
60563,Naperville,IL,Garage Door - Nationwide up to $80,,37.50,2026-09-22T14:01:12.672016+00:00
60564,Naperville,IL,Garage Door - Nationwide up to $80,,37.50,2026-09-22T14:01:12.672016+00:00
60565,Naperville,IL,Garage Door - Nationwide up to $80,,37.50,2026-09-22T14:01:12.672016+00:00
60566,,,Garage Door - Nationwide up to $80,,37.50,2026-09-22T14:01:12.672016+00:00
60567,,,Garage Door - Nationwide up to $80,,37.50,2026-09-22T14:01:12.672016+00:00
60610,Chicago,IL,Garage Door - Nationwide up to $80,,37.50,2026-09-22T14:01:12.672016+00:00
60611,Chicago,IL,Garage Door - Nationwide up to $80,,37.50,2026-09-22T14:01:12.672016+00:00
60613,Chicago,IL,Garage Door - Nationwide up to $80,,37.50,2026-09-22T14:01:12.672016+00:00
60614,Chicago,IL,Garage Door - Nationwide up to $80,,37.50,2026-09-22T14:01:12.672016+00:00
60618,Chicago,IL,Garage Door - Nationwide up to $80,,37.50,2026-09-22T14:01:12.672016+00:00
60625,Chicago,IL,Garage Door - Nationwide up to $80,,37.50,2026-09-22T14:01:12.672016+00:00
60626,Chicago,IL,Garage Door - Nationwide up to $80,,37.50,2026-09-22T14:01:12.672016+00:00
60630,Chicago,IL,Garage Door - Nationwide up to $80,,37.50,2026-09-22T14:01:12.672016+00:00
60631,Chicago,IL,Garage Door - Nationwide up to $80,,37.50,2026-09-22T14:01:12.672016+00:00
60640,Chicago,IL,Garage Door - Nationwide up to $80,,37.50,2026-09-22T14:01:12.672016+00:00
60645,Chicago,IL,Garage Door - Nationwide up to $80,,37.50,2026-09-22T14:01:12.672016+00:00
60646,Chicago,IL,Garage Door - Nationwide up to $80,,37.50,2026-09-22T14:01:12.672016+00:00
60657,Chicago,IL,Garage Door - Nationwide up to $80,,37.50,2026-09-22T14:01:12.672016+00:00
60659,Chicago,IL,Garage Door - Nationwide up to $80,,37.50,2026-09-22T14:01:12.672016+00:00
60660,Chicago,IL,Garage Door - Nationwide up to $80,,37.50,2026-09-22T14:01:12.672016+00:00
60666,,,Garage Door - Nationwide up to $80,,37.50,2026-09-22T14:01:12.672016+00:00
60701,,,Garage Door - Nationwide up to $80,,41.00,2026-09-22T14:01:12.672016+00:00
60712,Lincolnwood,IL,Garage Door - Nationwide up to $80,,37.50,2026-09-22T14:01:12.672016+00:00
60714,Niles,IL,Garage Door - Nationwide up to $80,,41.00,2026-09-22T14:01:12.672016+00:00
64002,,,Garage Door - Nationwide up to $80,,78.00,2026-09-22T14:01:12.672016+00:00
64012,Belton,MO,Garage Door - Nationwide up to $80,,81.50,2026-09-22T14:01:12.672016+00:00
64013,,,Garage Door - Nationwide up to $80,,78.00,2026-09-22T14:01:12.672016+00:00
64014,Blue Springs,MO,Garage Door - Nationwide up to $80,,78.00,2026-09-22T14:01:12.672016+00:00
64015,Blue Springs,MO,Garage Door - Nationwide up to $80,,78.00,2026-09-22T14:01:12.672016+00:00
64016,Buckner,MO,Garage Door - Nationwide up to $80,,78.00,2026-09-22T14:01:12.672016+00:00
64028,Farley,MO,Garage Door - Nationwide up to $80,,78.00,2026-09-22T14:01:12.672016+00:00
64029,Grain Valley,MO,Garage Door - Nationwide up to $80,,78.00,2026-09-22T14:01:12.672016+00:00
64030,Grandview,MO,Garage Door - Nationwide up to $80,,78.00,2026-09-22T14:01:12.672016+00:00
64034,Greenwood,MO,Garage Door - Nationwide up to $80,,78.00,2026-09-22T14:01:12.672016+00:00
64050,Independence,MO,Garage Door - Nationwide up to $80,,78.00,2026-09-22T14:01:12.672016+00:00
64051,,,Garage Door - Nationwide up to $80,,78.00,2026-09-22T14:01:12.672016+00:00
64052,Independence,MO,Garage Door - Nationwide up to $80,,78.00,2026-09-22T14:01:12.672016+00:00
64053,Independence,MO,Garage Door - Nationwide up to $80,,78.00,2026-09-22T14:01:12.672016+00:00
64054,Independence,MO,Garage Door - Nationwide up to $80,,78.00,2026-09-22T14:01:12.672016+00:00
64055,Independence,MO,Garage Door - Nationwide up to $80,,78.00,2026-09-22T14:01:12.672016+00:00
64056,Independence,MO,Garage Door - Nationwide up to $80,,78.00,2026-09-22T14:01:12.672016+00:00
64057,Independence,MO,Garage Door - Nationwide up to $80,,78.00,2026-09-22T14:01:12.672016+00:00
64058,Independence,MO,Garage Door - Nationwide up to $80,,78.00,2026-09-22T14:01:12.672016+00:00
64061,Kingsville,MO,Garage Door - Nationwide up to $80,,74.00,2026-09-22T14:01:12.672016+00:00
64063,Lees Summit,MO,Garage Door - Nationwide up to $80,,78.00,2026-09-22T14:01:12.672016+00:00
64064,Lees Summit,MO,Garage Door - Nationwide up to $80,,78.00,2026-09-22T14:01:12.672016+00:00
64065,Lees Summit,MO,Garage Door - Nationwide up to $80,,78.00,2026-09-22T14:01:12.672016+00:00
64066,Levasy,MO,Garage Door - Nationwide up to $80,,78.00,2026-09-22T14:01:12.672016+00:00
64069,,,Garage Door - Nationwide up to $80,,74.00,2026-09-22T14:01:12.672016+00:00
64070,Lone Jack,MO,Garage Door - Nationwide up to $80,,78.00,2026-09-22T14:01:12.672016+00:00
64075,Oak Grove,MO,Garage Door - Nationwide up to $80,,78.00,2026-09-22T14:01:12.672016+00:00
64078,Peculiar,MO,Garage Door - Nationwide up to $80,,81.50,2026-09-22T14:01:12.672016+00:00
64079,Platte City,MO,Garage Door - Nationwide up to $80,,78.00,2026-09-22T14:01:12.672016+00:00
64080,Pleasant Hill,MO,Garage Door - Nationwide up to $80,,81.50,2026-09-22T14:01:12.672016+00:00
64081,Lees Summit,MO,Garage Door - Nationwide up to $80,,78.00,2026-09-22T14:01:12.672016+00:00
64082,Lees Summit,MO,Garage Door - Nationwide up to $80,,78.00,2026-09-22T14:01:12.672016+00:00
64083,Raymore,MO,Garage Door - Nationwide up to $80,,81.50,2026-09-22T14:01:12.672016+00:00
64086,Lees Summit,MO,Garage Door - Nationwide up to $80,,78.00,2026-09-22T14:01:12.672016+00:00
64088,Sibley,MO,Garage Door - Nationwide up to $80,,78.00,2026-09-22T14:01:12.672016+00:00
64090,Strasburg,MO,Garage Door - Nationwide up to $80,,81.50,2026-09-22T14:01:12.672016+00:00
64092,Waldron,MO,Garage Door - Nationwide up to $80,,78.00,2026-09-22T14:01:12.672016+00:00
64101,Kansas City,MO,Garage Door - Nationwide up to $80,,78.00,2026-09-22T14:01:12.672016+00:00
64102,Kansas City,MO,Garage Door - Nationwide up to $80,,78.00,2026-09-22T14:01:12.672016+00:00
64105,Kansas City,MO,Garage Door - Nationwide up to $80,,78.00,2026-09-22T14:01:12.672016+00:00
64106,Kansas City,MO,Garage Door - Nationwide up to $80,,78.00,2026-09-22T14:01:12.672016+00:00
64108,Kansas City,MO,Garage Door - Nationwide up to $80,,78.00,2026-09-22T14:01:12.672016+00:00
64109,Kansas City,MO,Garage Door - Nationwide up to $80,,78.00,2026-09-22T14:01:12.672016+00:00
64110,Kansas City,MO,Garage Door - Nationwide up to $80,,78.00,2026-09-22T14:01:12.672016+00:00
64111,Kansas City,MO,Garage Door - Nationwide up to $80,,78.00,2026-09-22T14:01:12.672016+00:00
64112,Kansas City,MO,Garage Door - Nationwide up to $80,,78.00,2026-09-22T14:01:12.672016+00:00
64113,Kansas City,MO,Garage Door - Nationwide up to $80,,78.00,2026-09-22T14:01:12.672016+00:00
64114,Kansas City,MO,Garage Door - Nationwide up to $80,,78.00,2026-09-22T14:01:12.672016+00:00
64116,Kansas City,MO,Garage Door - Nationwide up to $80,,74.00,2026-09-22T14:01:12.672016+00:00
64117,Kansas City,MO,Garage Door - Nationwide up to $80,,74.00,2026-09-22T14:01:12.672016+00:00
64118,Kansas City,MO,Garage Door - Nationwide up to $80,,74.00,2026-09-22T14:01:12.672016+00:00
64119,Kansas City,MO,Garage Door - Nationwide up to $80,,74.00,2026-09-22T14:01:12.672016+00:00
64120,Kansas City,MO,Garage Door - Nationwide up to $80,,78.00,2026-09-22T14:01:12.672016+00:00
64121,,,Garage Door - Nationwide up to $80,,78.00,2026-09-22T14:01:12.672016+00:00
64123,Kansas City,MO,Garage Door - Nationwide up to $80,,78.00,2026-09-22T14:01:12.672016+00:00
64124,Kansas City,MO,Garage Door - Nationwide up to $80,,78.00,2026-09-22T14:01:12.672016+00:00
64125,Kansas City,MO,Garage Door - Nationwide up to $80,,78.00,2026-09-22T14:01:12.672016+00:00
64126,Kansas City,MO,Garage Door - Nationwide up to $80,,78.00,2026-09-22T14:01:12.672016+00:00
64127,Kansas City,MO,Garage Door - Nationwide up to $80,,78.00,2026-09-22T14:01:12.672016+00:00
64128,Kansas City,MO,Garage Door - Nationwide up to $80,,78.00,2026-09-22T14:01:12.672016+00:00
64129,Kansas City,MO,Garage Door - Nationwide up to $80,,78.00,2026-09-22T14:01:12.672016+00:00
64130,Kansas City,MO,Garage Door - Nationwide up to $80,,78.00,2026-09-22T14:01:12.672016+00:00
64131,Kansas City,MO,Garage Door - Nationwide up to $80,,78.00,2026-09-22T14:01:12.672016+00:00
64132,Kansas City,MO,Garage Door - Nationwide up to $80,,78.00,2026-09-22T14:01:12.672016+00:00
64133,Kansas City,MO,Garage Door - Nationwide up to $80,,78.00,2026-09-22T14:01:12.672016+00:00
64134,Kansas City,MO,Garage Door - Nationwide up to $80,,78.00,2026-09-22T14:01:12.672016+00:00
64136,Kansas City,MO,Garage Door - Nationwide up to $80,,78.00,2026-09-22T14:01:12.672016+00:00
64137,Kansas City,MO,Garage Door - Nationwide up to $80,,78.00,2026-09-22T14:01:12.672016+00:00
64138,Kansas City,MO,Garage Door - Nationwide up to $80,,78.00,2026-09-22T14:01:12.672016+00:00
64139,Kansas City,MO,Garage Door - Nationwide up to $80,,78.00,2026-09-22T14:01:12.672016+00:00
64141,,,Garage Door - Nationwide up to $80,,78.00,2026-09-22T14:01:12.672016+00:00
64144,,,Garage Door - Nationwide up to $80,,74.00,2026-09-22T14:01:12.672016+00:00
64145,Kansas City,MO,Garage Door - Nationwide up to $80,,78.00,2026-09-22T14:01:12.672016+00:00
64146,Kansas City,MO,Garage Door - Nationwide up to $80,,78.00,2026-09-22T14:01:12.672016+00:00
64147,Kansas City,MO,Garage Door - Nationwide up to $80,,78.00,2026-09-22T14:01:12.672016+00:00
64148,,,Garage Door - Nationwide up to $80,,78.00,2026-09-22T14:01:12.672016+00:00
64149,Kansas City,MO,Garage Door - Nationwide up to $80,,78.00,2026-09-22T14:01:12.672016+00:00
64150,Riverside,MO,Garage Door - Nationwide up to $80,,78.00,2026-09-22T14:01:12.672016+00:00
64151,Kansas City,MO,Garage Door - Nationwide up to $80,,78.00,2026-09-22T14:01:12.672016+00:00
64152,Kansas City,MO,Garage Door - Nationwide up to $80,,78.00,2026-09-22T14:01:12.672016+00:00
64153,Kansas City,MO,Garage Door - Nationwide up to $80,,78.00,2026-09-22T14:01:12.672016+00:00
64154,Kansas City,MO,Garage Door - Nationwide up to $80,,78.00,2026-09-22T14:01:12.672016+00:00
64155,Kansas City,MO,Garage Door - Nationwide up to $80,,74.00,2026-09-22T14:01:12.672016+00:00
64156,Kansas City,MO,Garage Door - Nationwide up to $80,,74.00,2026-09-22T14:01:12.672016+00:00
64157,Kansas City,MO,Garage Door - Nationwide up to $80,,74.00,2026-09-22T14:01:12.672016+00:00
64158,Kansas City,MO,Garage Door - Nationwide up to $80,,74.00,2026-09-22T14:01:12.672016+00:00
64161,Kansas City,MO,Garage Door - Nationwide up to $80,,74.00,2026-09-22T14:01:12.672016+00:00
64162,,,Garage Door - Nationwide up to $80,,74.00,2026-09-22T14:01:12.672016+00:00
64163,Kansas City,MO,Garage Door - Nationwide up to $80,,78.00,2026-09-22T14:01:12.672016+00:00
64164,Kansas City,MO,Garage Door - Nationwide up to $80,,78.00,2026-09-22T14:01:12.672016+00:00
64165,Kansas City,MO,Garage Door - Nationwide up to $80,,74.00,2026-09-22T14:01:12.672016+00:00
64168,,,Garage Door - Nationwide up to $80,,78.00,2026-09-22T14:01:12.672016+00:00
64170,,,Garage Door - Nationwide up to $80,,78.00,2026-09-22T14:01:12.672016+00:00
64171,,,Garage Door - Nationwide up to $80,,78.00,2026-09-22T14:01:12.672016+00:00
64179,,,Garage Door - Nationwide up to $80,,78.00,2026-09-22T14:01:12.672016+00:00
64180,,,Garage Door - Nationwide up to $80,,78.00,2026-09-22T14:01:12.672016+00:00
64184,,,Garage Door - Nationwide up to $80,,78.00,2026-09-22T14:01:12.672016+00:00
64187,,,Garage Door - Nationwide up to $80,,78.00,2026-09-22T14:01:12.672016+00:00
64188,,,Garage Door - Nationwide up to $80,,74.00,2026-09-22T14:01:12.672016+00:00
64190,,,Garage Door - Nationwide up to $80,,78.00,2026-09-22T14:01:12.672016+00:00
64191,,,Garage Door - Nationwide up to $80,,78.00,2026-09-22T14:01:12.672016+00:00
64195,,,Garage Door - Nationwide up to $80,,78.00,2026-09-22T14:01:12.672016+00:00
64196,,,Garage Door - Nationwide up to $80,,78.00,2026-09-22T14:01:12.672016+00:00
64197,,,Garage Door - Nationwide up to $80,,78.00,2026-09-22T14:01:12.672016+00:00
64198,,,Garage Door - Nationwide up to $80,,78.00,2026-09-22T14:01:12.672016+00:00
64199,,,Garage Door - Nationwide up to $80,,78.00,2026-09-22T14:01:12.672016+00:00
64701,Harrisonville,MO,Garage Door - Nationwide up to $80,,81.50,2026-09-22T14:01:12.672016+00:00
64720,Adrian,MO,Garage Door - Nationwide up to $80,,74.00,2026-09-22T14:01:12.672016+00:00
64725,Archie,MO,Garage Door - Nationwide up to $80,,81.50,2026-09-22T14:01:12.672016+00:00
64734,Cleveland,MO,Garage Door - Nationwide up to $80,,81.50,2026-09-22T14:01:12.672016+00:00
64739,Creighton,MO,Garage Door - Nationwide up to $80,,81.50,2026-09-22T14:01:12.672016+00:00
64742,Drexel,MO,Garage Door - Nationwide up to $80,,81.50,2026-09-22T14:01:12.672016+00:00
64743,East Lynne,MO,Garage Door - Nationwide up to $80,,81.50,2026-09-22T14:01:12.672016+00:00
64746,Freeman,MO,Garage Door - Nationwide up to $80,,81.50,2026-09-22T14:01:12.672016+00:00
64747,Garden City,MO,Garage Door - Nationwide up to $80,,81.50,2026-09-22T14:01:12.672016+00:00
64999,,,Garage Door - Nationwide up to $80,,78.00,2026-09-22T14:01:12.672016+00:00
66006,Baldwin City,KS,Garage Door - Nationwide up to $80,,74.00,2026-09-22T14:01:12.672016+00:00
66007,Basehor,KS,Garage Door - Nationwide up to $80,,75.00,2026-09-22T14:01:12.672016+00:00
66012,Bonner Springs,KS,Garage Door - Nationwide up to $80,,78.50,2026-09-22T14:01:12.672016+00:00
66013,Bucyrus,KS,Garage Door - Nationwide up to $80,,74.00,2026-09-22T14:01:12.672016+00:00
66018,De Soto,KS,Garage Door - Nationwide up to $80,,77.50,2026-09-22T14:01:12.672016+00:00
66020,Easton,KS,Garage Door - Nationwide up to $80,,75.00,2026-09-22T14:01:12.672016+00:00
66021,Edgerton,KS,Garage Door - Nationwide up to $80,,77.50,2026-09-22T14:01:12.672016+00:00
66025,Eudora,KS,Garage Door - Nationwide up to $80,,74.00,2026-09-22T14:01:12.672016+00:00
66026,Fontana,KS,Garage Door - Nationwide up to $80,,74.00,2026-09-22T14:01:12.672016+00:00
66027,Fort Leavenworth,KS,Garage Door - Nationwide up to $80,,75.00,2026-09-22T14:01:12.672016+00:00
66030,Gardner,KS,Garage Door - Nationwide up to $80,,77.50,2026-09-22T14:01:12.672016+00:00
66031,New Century,KS,Garage Door - Nationwide up to $80,,77.50,2026-09-22T14:01:12.672016+00:00
66036,,,Garage Door - Nationwide up to $80,,74.00,2026-09-22T14:01:12.672016+00:00
66043,Lansing,KS,Garage Door - Nationwide up to $80,,75.00,2026-09-22T14:01:12.672016+00:00
66044,Lawrence,KS,Garage Door - Nationwide up to $80,,74.00,2026-09-22T14:01:12.672016+00:00
66045,Lawrence,KS,Garage Door - Nationwide up to $80,,74.00,2026-09-22T14:01:12.672016+00:00
66046,Lawrence,KS,Garage Door - Nationwide up to $80,,74.00,2026-09-22T14:01:12.672016+00:00
66047,Lawrence,KS,Garage Door - Nationwide up to $80,,74.00,2026-09-22T14:01:12.672016+00:00
66048,Leavenworth,KS,Garage Door - Nationwide up to $80,,75.00,2026-09-22T14:01:12.672016+00:00
66049,Lawrence,KS,Garage Door - Nationwide up to $80,,74.00,2026-09-22T14:01:12.672016+00:00
66050,Lecompton,KS,Garage Door - Nationwide up to $80,,74.00,2026-09-22T14:01:12.672016+00:00
66051,,,Garage Door - Nationwide up to $80,,77.50,2026-09-22T14:01:12.672016+00:00
66052,Linwood,KS,Garage Door - Nationwide up to $80,,75.00,2026-09-22T14:01:12.672016+00:00
66053,Louisburg,KS,Garage Door - Nationwide up to $80,,74.00,2026-09-22T14:01:12.672016+00:00
66054,McLouth,KS,Garage Door - Nationwide up to $80,,74.00,2026-09-22T14:01:12.672016+00:00
66061,Olathe,KS,Garage Door - Nationwide up to $80,,77.50,2026-09-22T14:01:12.672016+00:00
66062,Olathe,KS,Garage Door - Nationwide up to $80,,77.50,2026-09-22T14:01:12.672016+00:00
66063,,,Garage Door - Nationwide up to $80,,77.50,2026-09-22T14:01:12.672016+00:00
66064,Osawatomie,KS,Garage Door - Nationwide up to $80,,74.00,2026-09-22T14:01:12.672016+00:00
66067,Ottawa,KS,Garage Door - Nationwide up to $80,,74.00,2026-09-22T14:01:12.672016+00:00
66071,Paola,KS,Garage Door - Nationwide up to $80,,74.00,2026-09-22T14:01:12.672016+00:00
66073,Perry,KS,Garage Door - Nationwide up to $80,,74.00,2026-09-22T14:01:12.672016+00:00
66079,Rantoul,KS,Garage Door - Nationwide up to $80,,74.00,2026-09-22T14:01:12.672016+00:00
66083,Spring Hill,KS,Garage Door - Nationwide up to $80,,77.50,2026-09-22T14:01:12.672016+00:00
66085,Stilwell,KS,Garage Door - Nationwide up to $80,,77.50,2026-09-22T14:01:12.672016+00:00
66086,Tonganoxie,KS,Garage Door - Nationwide up to $80,,75.00,2026-09-22T14:01:12.672016+00:00
66092,Wellsville,KS,Garage Door - Nationwide up to $80,,74.00,2026-09-22T14:01:12.672016+00:00
66101,Kansas City,KS,Garage Door - Nationwide up to $80,,78.50,2026-09-22T14:01:12.672016+00:00
66102,Kansas City,KS,Garage Door - Nationwide up to $80,,78.50,2026-09-22T14:01:12.672016+00:00
66103,Kansas City,KS,Garage Door - Nationwide up to $80,,78.50,2026-09-22T14:01:12.672016+00:00
66104,Kansas City,KS,Garage Door - Nationwide up to $80,,78.50,2026-09-22T14:01:12.672016+00:00
66105,Kansas City,KS,Garage Door - Nationwide up to $80,,78.50,2026-09-22T14:01:12.672016+00:00
66106,Kansas City,KS,Garage Door - Nationwide up to $80,,78.50,2026-09-22T14:01:12.672016+00:00
66109,Kansas City,KS,Garage Door - Nationwide up to $80,,78.50,2026-09-22T14:01:12.672016+00:00
66110,,,Garage Door - Nationwide up to $80,,78.50,2026-09-22T14:01:12.672016+00:00
66111,Kansas City,KS,Garage Door - Nationwide up to $80,,78.50,2026-09-22T14:01:12.672016+00:00
66112,Kansas City,KS,Garage Door - Nationwide up to $80,,78.50,2026-09-22T14:01:12.672016+00:00
66113,,,Garage Door - Nationwide up to $80,,78.50,2026-09-22T14:01:12.672016+00:00
66115,Kansas City,KS,Garage Door - Nationwide up to $80,,78.50,2026-09-22T14:01:12.672016+00:00
66117,,,Garage Door - Nationwide up to $80,,78.50,2026-09-22T14:01:12.672016+00:00
66118,Kansas City,KS,Garage Door - Nationwide up to $80,,78.50,2026-09-22T14:01:12.672016+00:00
66119,,,Garage Door - Nationwide up to $80,,78.50,2026-09-22T14:01:12.672016+00:00
66160,Kansas City,KS,Garage Door - Nationwide up to $80,,78.50,2026-09-22T14:01:12.672016+00:00
66201,,,Garage Door - Nationwide up to $80,,77.50,2026-09-22T14:01:12.672016+00:00
66202,Mission,KS,Garage Door - Nationwide up to $80,,77.50,2026-09-22T14:01:12.672016+00:00
66203,Shawnee,KS,Garage Door - Nationwide up to $80,,77.50,2026-09-22T14:01:12.672016+00:00
66204,Overland Park,KS,Garage Door - Nationwide up to $80,,77.50,2026-09-22T14:01:12.672016+00:00
66205,Mission,KS,Garage Door - Nationwide up to $80,,77.50,2026-09-22T14:01:12.672016+00:00
66206,Leawood,KS,Garage Door - Nationwide up to $80,,77.50,2026-09-22T14:01:12.672016+00:00
66207,Overland Park,KS,Garage Door - Nationwide up to $80,,77.50,2026-09-22T14:01:12.672016+00:00
66208,Prairie Village,KS,Garage Door - Nationwide up to $80,,77.50,2026-09-22T14:01:12.672016+00:00
66209,Leawood,KS,Garage Door - Nationwide up to $80,,77.50,2026-09-22T14:01:12.672016+00:00
66210,Overland Park,KS,Garage Door - Nationwide up to $80,,77.50,2026-09-22T14:01:12.672016+00:00
66211,Leawood,KS,Garage Door - Nationwide up to $80,,77.50,2026-09-22T14:01:12.672016+00:00
66212,Overland Park,KS,Garage Door - Nationwide up to $80,,77.50,2026-09-22T14:01:12.672016+00:00
66213,Overland Park,KS,Garage Door - Nationwide up to $80,,77.50,2026-09-22T14:01:12.672016+00:00
66214,Overland Park,KS,Garage Door - Nationwide up to $80,,77.50,2026-09-22T14:01:12.672016+00:00
66215,Lenexa,KS,Garage Door - Nationwide up to $80,,77.50,2026-09-22T14:01:12.672016+00:00
66216,Shawnee,KS,Garage Door - Nationwide up to $80,,77.50,2026-09-22T14:01:12.672016+00:00
66217,Shawnee,KS,Garage Door - Nationwide up to $80,,77.50,2026-09-22T14:01:12.672016+00:00
66218,Shawnee,KS,Garage Door - Nationwide up to $80,,77.50,2026-09-22T14:01:12.672016+00:00
66219,Lenexa,KS,Garage Door - Nationwide up to $80,,77.50,2026-09-22T14:01:12.672016+00:00
66220,Lenexa,KS,Garage Door - Nationwide up to $80,,77.50,2026-09-22T14:01:12.672016+00:00
66221,Overland Park,KS,Garage Door - Nationwide up to $80,,77.50,2026-09-22T14:01:12.672016+00:00
66222,,,Garage Door - Nationwide up to $80,,77.50,2026-09-22T14:01:12.672016+00:00
66223,Overland Park,KS,Garage Door - Nationwide up to $80,,77.50,2026-09-22T14:01:12.672016+00:00
66224,Overland Park,KS,Garage Door - Nationwide up to $80,,77.50,2026-09-22T14:01:12.672016+00:00
66225,,,Garage Door - Nationwide up to $80,,77.50,2026-09-22T14:01:12.672016+00:00
66226,Shawnee,KS,Garage Door - Nationwide up to $80,,77.50,2026-09-22T14:01:12.672016+00:00
66227,Lenexa,KS,Garage Door - Nationwide up to $80,,77.50,2026-09-22T14:01:12.672016+00:00
66250,,,Garage Door - Nationwide up to $80,,77.50,2026-09-22T14:01:12.672016+00:00
66251,Overland Park,KS,Garage Door - Nationwide up to $80,,77.50,2026-09-22T14:01:12.672016+00:00
66276,,,Garage Door - Nationwide up to $80,,77.50,2026-09-22T14:01:12.672016+00:00
66282,,,Garage Door - Nationwide up to $80,,77.50,2026-09-22T14:01:12.672016+00:00
66283,,,Garage Door - Nationwide up to $80,,77.50,2026-09-22T14:01:12.672016+00:00
66285,,,Garage Door - Nationwide up to $80,,77.50,2026-09-22T14:01:12.672016+00:00
66286,,,Garage Door - Nationwide up to $80,,77.50,2026-09-22T14:01:12.672016+00:00
66524,Overbrook,KS,Garage Door - Nationwide up to $80,,81.50,2026-09-22T14:01:12.672016+00:00
73301,,,Garage Door - Nationwide up to $80,,85.50,2026-09-22T14:01:12.672016+00:00
73344,,,Garage Door - Nationwide up to $80,,85.50,2026-09-22T14:01:12.672016+00:00
75001,Addison,TX,Garage Door - Nationwide up to $80,,74.00,2026-09-22T14:01:12.672016+00:00
75002,Allen,TX,Garage Door - Nationwide up to $80,,81.50,2026-09-22T14:01:12.672016+00:00
75006,Carrollton,TX,Garage Door - Nationwide up to $80,,74.00,2026-09-22T14:01:12.672016+00:00
75007,Carrollton,TX,Garage Door - Nationwide up to $80,,81.50,2026-09-22T14:01:12.672016+00:00
75009,Celina,TX,Garage Door - Nationwide up to $80,,81.50,2026-09-22T14:01:12.672016+00:00
75010,Carrollton,TX,Garage Door - Nationwide up to $80,,81.50,2026-09-22T14:01:12.672016+00:00
75011,,,Garage Door - Nationwide up to $80,,74.00,2026-09-22T14:01:12.672016+00:00
75013,Allen,TX,Garage Door - Nationwide up to $80,,81.50,2026-09-22T14:01:12.672016+00:00
75014,,,Garage Door - Nationwide up to $80,,74.00,2026-09-22T14:01:12.672016+00:00
75015,,,Garage Door - Nationwide up to $80,,74.00,2026-09-22T14:01:12.672016+00:00
75016,,,Garage Door - Nationwide up to $80,,74.00,2026-09-22T14:01:12.672016+00:00
75017,,,Garage Door - Nationwide up to $80,,74.00,2026-09-22T14:01:12.672016+00:00
75019,Coppell,TX,Garage Door - Nationwide up to $80,,74.00,2026-09-22T14:01:12.672016+00:00
75022,Flower Mound,TX,Garage Door - Nationwide up to $80,,81.50,2026-09-22T14:01:12.672016+00:00
75023,Plano,TX,Garage Door - Nationwide up to $80,,81.50,2026-09-22T14:01:12.672016+00:00
75024,Plano,TX,Garage Door - Nationwide up to $80,,81.50,2026-09-22T14:01:12.672016+00:00
75025,Plano,TX,Garage Door - Nationwide up to $80,,81.50,2026-09-22T14:01:12.672016+00:00
75026,,,Garage Door - Nationwide up to $80,,81.50,2026-09-22T14:01:12.672016+00:00
75027,,,Garage Door - Nationwide up to $80,,81.50,2026-09-22T14:01:12.672016+00:00
75028,Flower Mound,TX,Garage Door - Nationwide up to $80,,81.50,2026-09-22T14:01:12.672016+00:00
75029,,,Garage Door - Nationwide up to $80,,81.50,2026-09-22T14:01:12.672016+00:00
75030,,,Garage Door - Nationwide up to $80,,74.00,2026-09-22T14:01:12.672016+00:00
75033,Frisco,TX,Garage Door - Nationwide up to $80,,81.50,2026-09-22T14:01:12.672016+00:00
75034,Frisco,TX,Garage Door - Nationwide up to $80,,81.50,2026-09-22T14:01:12.672016+00:00
75035,Frisco,TX,Garage Door - Nationwide up to $80,,81.50,2026-09-22T14:01:12.672016+00:00
75038,Irving,TX,Garage Door - Nationwide up to $80,,74.00,2026-09-22T14:01:12.672016+00:00
75039,Irving,TX,Garage Door - Nationwide up to $80,,74.00,2026-09-22T14:01:12.672016+00:00
75040,Garland,TX,Garage Door - Nationwide up to $80,,74.00,2026-09-22T14:01:12.672016+00:00
75041,Garland,TX,Garage Door - Nationwide up to $80,,74.00,2026-09-22T14:01:12.672016+00:00
75042,Garland,TX,Garage Door - Nationwide up to $80,,74.00,2026-09-22T14:01:12.672016+00:00
75043,Garland,TX,Garage Door - Nationwide up to $80,,74.00,2026-09-22T14:01:12.672016+00:00
75044,Garland,TX,Garage Door - Nationwide up to $80,,74.00,2026-09-22T14:01:12.672016+00:00
75045,,,Garage Door - Nationwide up to $80,,74.00,2026-09-22T14:01:12.672016+00:00
75046,,,Garage Door - Nationwide up to $80,,74.00,2026-09-22T14:01:12.672016+00:00
75047,,,Garage Door - Nationwide up to $80,,74.00,2026-09-22T14:01:12.672016+00:00
75048,Sachse,TX,Garage Door - Nationwide up to $80,,74.00,2026-09-22T14:01:12.672016+00:00
75049,,,Garage Door - Nationwide up to $80,,74.00,2026-09-22T14:01:12.672016+00:00
75050,Grand Prairie,TX,Garage Door - Nationwide up to $80,,74.00,2026-09-22T14:01:12.672016+00:00
75051,Grand Prairie,TX,Garage Door - Nationwide up to $80,,74.00,2026-09-22T14:01:12.672016+00:00
75052,Grand Prairie,TX,Garage Door - Nationwide up to $80,,74.00,2026-09-22T14:01:12.672016+00:00
75053,,,Garage Door - Nationwide up to $80,,74.00,2026-09-22T14:01:12.672016+00:00
75054,Grand Prairie,TX,Garage Door - Nationwide up to $80,,81.50,2026-09-22T14:01:12.672016+00:00
75056,The Colony,TX,Garage Door - Nationwide up to $80,,81.50,2026-09-22T14:01:12.672016+00:00
75057,Lewisville,TX,Garage Door - Nationwide up to $80,,81.50,2026-09-22T14:01:12.672016+00:00
75060,Irving,TX,Garage Door - Nationwide up to $80,,74.00,2026-09-22T14:01:12.672016+00:00
75061,Irving,TX,Garage Door - Nationwide up to $80,,74.00,2026-09-22T14:01:12.672016+00:00
75062,Irving,TX,Garage Door - Nationwide up to $80,,74.00,2026-09-22T14:01:12.672016+00:00
75063,Irving,TX,Garage Door - Nationwide up to $80,,74.00,2026-09-22T14:01:12.672016+00:00
75065,Lake Dallas,TX,Garage Door - Nationwide up to $80,,81.50,2026-09-22T14:01:12.672016+00:00
75067,Lewisville,TX,Garage Door - Nationwide up to $80,,81.50,2026-09-22T14:01:12.672016+00:00
75068,Little Elm,TX,Garage Door - Nationwide up to $80,,81.50,2026-09-22T14:01:12.672016+00:00
75069,Mckinney,TX,Garage Door - Nationwide up to $80,,81.50,2026-09-22T14:01:12.672016+00:00
75070,Mckinney,TX,Garage Door - Nationwide up to $80,,81.50,2026-09-22T14:01:12.672016+00:00
75071,Mckinney,TX,Garage Door - Nationwide up to $80,,81.50,2026-09-22T14:01:12.672016+00:00
75074,Plano,TX,Garage Door - Nationwide up to $80,,81.50,2026-09-22T14:01:12.672016+00:00
75075,Plano,TX,Garage Door - Nationwide up to $80,,81.50,2026-09-22T14:01:12.672016+00:00
75077,Lewisville,TX,Garage Door - Nationwide up to $80,,81.50,2026-09-22T14:01:12.672016+00:00
75078,Prosper,TX,Garage Door - Nationwide up to $80,,81.50,2026-09-22T14:01:12.672016+00:00
75080,Richardson,TX,Garage Door - Nationwide up to $80,,74.00,2026-09-22T14:01:12.672016+00:00
75081,Richardson,TX,Garage Door - Nationwide up to $80,,74.00,2026-09-22T14:01:12.672016+00:00
75082,Richardson,TX,Garage Door - Nationwide up to $80,,81.50,2026-09-22T14:01:12.672016+00:00
75083,,,Garage Door - Nationwide up to $80,,74.00,2026-09-22T14:01:12.672016+00:00
75085,,,Garage Door - Nationwide up to $80,,74.00,2026-09-22T14:01:12.672016+00:00
75086,,,Garage Door - Nationwide up to $80,,81.50,2026-09-22T14:01:12.672016+00:00
75088,Rowlett,TX,Garage Door - Nationwide up to $80,,74.00,2026-09-22T14:01:12.672016+00:00
75089,Rowlett,TX,Garage Door - Nationwide up to $80,,74.00,2026-09-22T14:01:12.672016+00:00
75093,Plano,TX,Garage Door - Nationwide up to $80,,81.50,2026-09-22T14:01:12.672016+00:00
75094,Plano,TX,Garage Door - Nationwide up to $80,,81.50,2026-09-22T14:01:12.672016+00:00
75097,,,Garage Door - Nationwide up to $80,,81.50,2026-09-22T14:01:12.672016+00:00
75098,Wylie,TX,Garage Door - Nationwide up to $80,,74.00,2026-09-22T14:01:12.672016+00:00
75099,,,Garage Door - Nationwide up to $80,,74.00,2026-09-22T14:01:12.672016+00:00
75104,Cedar Hill,TX,Garage Door - Nationwide up to $80,,74.00,2026-09-22T14:01:12.672016+00:00
75106,,,Garage Door - Nationwide up to $80,,74.00,2026-09-22T14:01:12.672016+00:00
75114,Crandall,TX,Garage Door - Nationwide up to $80,,74.00,2026-09-22T14:01:12.672016+00:00
75115,Desoto,TX,Garage Door - Nationwide up to $80,,74.00,2026-09-22T14:01:12.672016+00:00
75116,Duncanville,TX,Garage Door - Nationwide up to $80,,74.00,2026-09-22T14:01:12.672016+00:00
75121,,,Garage Door - Nationwide up to $80,,81.50,2026-09-22T14:01:12.672016+00:00
75123,,,Garage Door - Nationwide up to $80,,74.00,2026-09-22T14:01:12.672016+00:00
75126,Forney,TX,Garage Door - Nationwide up to $80,,74.00,2026-09-22T14:01:12.672016+00:00
75134,Lancaster,TX,Garage Door - Nationwide up to $80,,74.00,2026-09-22T14:01:12.672016+00:00
75137,Duncanville,TX,Garage Door - Nationwide up to $80,,74.00,2026-09-22T14:01:12.672016+00:00
75138,,,Garage Door - Nationwide up to $80,,74.00,2026-09-22T14:01:12.672016+00:00
75141,Hutchins,TX,Garage Door - Nationwide up to $80,,74.00,2026-09-22T14:01:12.672016+00:00
75142,Kaufman,TX,Garage Door - Nationwide up to $80,,74.00,2026-09-22T14:01:12.672016+00:00
75146,Lancaster,TX,Garage Door - Nationwide up to $80,,74.00,2026-09-22T14:01:12.672016+00:00
75149,Mesquite,TX,Garage Door - Nationwide up to $80,,74.00,2026-09-22T14:01:12.672016+00:00
75150,Mesquite,TX,Garage Door - Nationwide up to $80,,74.00,2026-09-22T14:01:12.672016+00:00
75159,Seagoville,TX,Garage Door - Nationwide up to $80,,74.00,2026-09-22T14:01:12.672016+00:00
75160,Terrell,TX,Garage Door - Nationwide up to $80,,74.00,2026-09-22T14:01:12.672016+00:00
75161,Terrell,TX,Garage Door - Nationwide up to $80,,74.00,2026-09-22T14:01:12.672016+00:00
75164,Josephine,TX,Garage Door - Nationwide up to $80,,81.50,2026-09-22T14:01:12.672016+00:00
75166,Lavon,TX,Garage Door - Nationwide up to $80,,81.50,2026-09-22T14:01:12.672016+00:00
75172,Wilmer,TX,Garage Door - Nationwide up to $80,,74.00,2026-09-22T14:01:12.672016+00:00
75173,Nevada,TX,Garage Door - Nationwide up to $80,,81.50,2026-09-22T14:01:12.672016+00:00
75180,Balch Springs,TX,Garage Door - Nationwide up to $80,,74.00,2026-09-22T14:01:12.672016+00:00
75181,Mesquite,TX,Garage Door - Nationwide up to $80,,74.00,2026-09-22T14:01:12.672016+00:00
75182,Sunnyvale,TX,Garage Door - Nationwide up to $80,,74.00,2026-09-22T14:01:12.672016+00:00
75185,,,Garage Door - Nationwide up to $80,,74.00,2026-09-22T14:01:12.672016+00:00
75187,,,Garage Door - Nationwide up to $80,,74.00,2026-09-22T14:01:12.672016+00:00
75201,Dallas,TX,Garage Door - Nationwide up to $80,,74.00,2026-09-22T14:01:12.672016+00:00
75202,Dallas,TX,Garage Door - Nationwide up to $80,,74.00,2026-09-22T14:01:12.672016+00:00
75203,Dallas,TX,Garage Door - Nationwide up to $80,,74.00,2026-09-22T14:01:12.672016+00:00
75204,Dallas,TX,Garage Door - Nationwide up to $80,,74.00,2026-09-22T14:01:12.672016+00:00
75205,Dallas,TX,Garage Door - Nationwide up to $80,,74.00,2026-09-22T14:01:12.672016+00:00
75206,Dallas,TX,Garage Door - Nationwide up to $80,,74.00,2026-09-22T14:01:12.672016+00:00
75207,Dallas,TX,Garage Door - Nationwide up to $80,,74.00,2026-09-22T14:01:12.672016+00:00
75208,Dallas,TX,Garage Door - Nationwide up to $80,,74.00,2026-09-22T14:01:12.672016+00:00
75209,Dallas,TX,Garage Door - Nationwide up to $80,,74.00,2026-09-22T14:01:12.672016+00:00
75210,Dallas,TX,Garage Door - Nationwide up to $80,,74.00,2026-09-22T14:01:12.672016+00:00
75211,Dallas,TX,Garage Door - Nationwide up to $80,,74.00,2026-09-22T14:01:12.672016+00:00
75212,Dallas,TX,Garage Door - Nationwide up to $80,,74.00,2026-09-22T14:01:12.672016+00:00
75214,Dallas,TX,Garage Door - Nationwide up to $80,,74.00,2026-09-22T14:01:12.672016+00:00
75215,Dallas,TX,Garage Door - Nationwide up to $80,,74.00,2026-09-22T14:01:12.672016+00:00
75216,Dallas,TX,Garage Door - Nationwide up to $80,,74.00,2026-09-22T14:01:12.672016+00:00
75217,Dallas,TX,Garage Door - Nationwide up to $80,,74.00,2026-09-22T14:01:12.672016+00:00
75218,Dallas,TX,Garage Door - Nationwide up to $80,,74.00,2026-09-22T14:01:12.672016+00:00
75219,Dallas,TX,Garage Door - Nationwide up to $80,,74.00,2026-09-22T14:01:12.672016+00:00
75220,Dallas,TX,Garage Door - Nationwide up to $80,,74.00,2026-09-22T14:01:12.672016+00:00
75221,,,Garage Door - Nationwide up to $80,,74.00,2026-09-22T14:01:12.672016+00:00
75222,,,Garage Door - Nationwide up to $80,,74.00,2026-09-22T14:01:12.672016+00:00
75223,Dallas,TX,Garage Door - Nationwide up to $80,,74.00,2026-09-22T14:01:12.672016+00:00
75224,Dallas,TX,Garage Door - Nationwide up to $80,,74.00,2026-09-22T14:01:12.672016+00:00
75225,Dallas,TX,Garage Door - Nationwide up to $80,,74.00,2026-09-22T14:01:12.672016+00:00
75226,Dallas,TX,Garage Door - Nationwide up to $80,,74.00,2026-09-22T14:01:12.672016+00:00
75227,Dallas,TX,Garage Door - Nationwide up to $80,,74.00,2026-09-22T14:01:12.672016+00:00
75228,Dallas,TX,Garage Door - Nationwide up to $80,,74.00,2026-09-22T14:01:12.672016+00:00
75229,Dallas,TX,Garage Door - Nationwide up to $80,,74.00,2026-09-22T14:01:12.672016+00:00
75230,Dallas,TX,Garage Door - Nationwide up to $80,,74.00,2026-09-22T14:01:12.672016+00:00
75231,Dallas,TX,Garage Door - Nationwide up to $80,,74.00,2026-09-22T14:01:12.672016+00:00
75232,Dallas,TX,Garage Door - Nationwide up to $80,,74.00,2026-09-22T14:01:12.672016+00:00
75233,Dallas,TX,Garage Door - Nationwide up to $80,,74.00,2026-09-22T14:01:12.672016+00:00
75234,Dallas,TX,Garage Door - Nationwide up to $80,,74.00,2026-09-22T14:01:12.672016+00:00
75235,Dallas,TX,Garage Door - Nationwide up to $80,,74.00,2026-09-22T14:01:12.672016+00:00
75236,Dallas,TX,Garage Door - Nationwide up to $80,,74.00,2026-09-22T14:01:12.672016+00:00
75237,Dallas,TX,Garage Door - Nationwide up to $80,,74.00,2026-09-22T14:01:12.672016+00:00
75238,Dallas,TX,Garage Door - Nationwide up to $80,,74.00,2026-09-22T14:01:12.672016+00:00
75240,Dallas,TX,Garage Door - Nationwide up to $80,,74.00,2026-09-22T14:01:12.672016+00:00
75241,Dallas,TX,Garage Door - Nationwide up to $80,,74.00,2026-09-22T14:01:12.672016+00:00
75242,,,Garage Door - Nationwide up to $80,,74.00,2026-09-22T14:01:12.672016+00:00
75243,Dallas,TX,Garage Door - Nationwide up to $80,,74.00,2026-09-22T14:01:12.672016+00:00
75244,Dallas,TX,Garage Door - Nationwide up to $80,,74.00,2026-09-22T14:01:12.672016+00:00
75246,Dallas,TX,Garage Door - Nationwide up to $80,,74.00,2026-09-22T14:01:12.672016+00:00
75247,Dallas,TX,Garage Door - Nationwide up to $80,,74.00,2026-09-22T14:01:12.672016+00:00
75248,Dallas,TX,Garage Door - Nationwide up to $80,,74.00,2026-09-22T14:01:12.672016+00:00
75249,Dallas,TX,Garage Door - Nationwide up to $80,,74.00,2026-09-22T14:01:12.672016+00:00
75250,,,Garage Door - Nationwide up to $80,,74.00,2026-09-22T14:01:12.672016+00:00
75251,Dallas,TX,Garage Door - Nationwide up to $80,,74.00,2026-09-22T14:01:12.672016+00:00
75252,Dallas,TX,Garage Door - Nationwide up to $80,,81.50,2026-09-22T14:01:12.672016+00:00
75253,Dallas,TX,Garage Door - Nationwide up to $80,,74.00,2026-09-22T14:01:12.672016+00:00
75254,Dallas,TX,Garage Door - Nationwide up to $80,,74.00,2026-09-22T14:01:12.672016+00:00
75260,,,Garage Door - Nationwide up to $80,,74.00,2026-09-22T14:01:12.672016+00:00
75261,Dallas,TX,Garage Door - Nationwide up to $80,,74.00,2026-09-22T14:01:12.672016+00:00
75262,,,Garage Door - Nationwide up to $80,,74.00,2026-09-22T14:01:12.672016+00:00
75263,,,Garage Door - Nationwide up to $80,,74.00,2026-09-22T14:01:12.672016+00:00
75264,,,Garage Door - Nationwide up to $80,,74.00,2026-09-22T14:01:12.672016+00:00
75265,,,Garage Door - Nationwide up to $80,,74.00,2026-09-22T14:01:12.672016+00:00
75266,,,Garage Door - Nationwide up to $80,,74.00,2026-09-22T14:01:12.672016+00:00
75267,,,Garage Door - Nationwide up to $80,,74.00,2026-09-22T14:01:12.672016+00:00
75270,Dallas,TX,Garage Door - Nationwide up to $80,,74.00,2026-09-22T14:01:12.672016+00:00
75275,,,Garage Door - Nationwide up to $80,,74.00,2026-09-22T14:01:12.672016+00:00
75277,,,Garage Door - Nationwide up to $80,,74.00,2026-09-22T14:01:12.672016+00:00
75283,,,Garage Door - Nationwide up to $80,,74.00,2026-09-22T14:01:12.672016+00:00
75284,,,Garage Door - Nationwide up to $80,,74.00,2026-09-22T14:01:12.672016+00:00
75285,,,Garage Door - Nationwide up to $80,,74.00,2026-09-22T14:01:12.672016+00:00
75287,Dallas,TX,Garage Door - Nationwide up to $80,,81.50,2026-09-22T14:01:12.672016+00:00
75301,,,Garage Door - Nationwide up to $80,,74.00,2026-09-22T14:01:12.672016+00:00
75303,,,Garage Door - Nationwide up to $80,,74.00,2026-09-22T14:01:12.672016+00:00
75312,,,Garage Door - Nationwide up to $80,,74.00,2026-09-22T14:01:12.672016+00:00
75313,,,Garage Door - Nationwide up to $80,,74.00,2026-09-22T14:01:12.672016+00:00
75315,,,Garage Door - Nationwide up to $80,,74.00,2026-09-22T14:01:12.672016+00:00
75320,,,Garage Door - Nationwide up to $80,,74.00,2026-09-22T14:01:12.672016+00:00
75326,,,Garage Door - Nationwide up to $80,,74.00,2026-09-22T14:01:12.672016+00:00
75336,,,Garage Door - Nationwide up to $80,,74.00,2026-09-22T14:01:12.672016+00:00
75339,,,Garage Door - Nationwide up to $80,,74.00,2026-09-22T14:01:12.672016+00:00
75342,,,Garage Door - Nationwide up to $80,,74.00,2026-09-22T14:01:12.672016+00:00
75354,,,Garage Door - Nationwide up to $80,,74.00,2026-09-22T14:01:12.672016+00:00
75355,,,Garage Door - Nationwide up to $80,,74.00,2026-09-22T14:01:12.672016+00:00
75356,,,Garage Door - Nationwide up to $80,,74.00,2026-09-22T14:01:12.672016+00:00
75357,,,Garage Door - Nationwide up to $80,,74.00,2026-09-22T14:01:12.672016+00:00
75358,,,Garage Door - Nationwide up to $80,,74.00,2026-09-22T14:01:12.672016+00:00
75359,,,Garage Door - Nationwide up to $80,,74.00,2026-09-22T14:01:12.672016+00:00
75360,,,Garage Door - Nationwide up to $80,,74.00,2026-09-22T14:01:12.672016+00:00
75367,,,Garage Door - Nationwide up to $80,,74.00,2026-09-22T14:01:12.672016+00:00
75368,,,Garage Door - Nationwide up to $80,,74.00,2026-09-22T14:01:12.672016+00:00
75370,,,Garage Door - Nationwide up to $80,,74.00,2026-09-22T14:01:12.672016+00:00
75371,,,Garage Door - Nationwide up to $80,,74.00,2026-09-22T14:01:12.672016+00:00
75372,,,Garage Door - Nationwide up to $80,,74.00,2026-09-22T14:01:12.672016+00:00
75373,,,Garage Door - Nationwide up to $80,,74.00,2026-09-22T14:01:12.672016+00:00
75374,,,Garage Door - Nationwide up to $80,,74.00,2026-09-22T14:01:12.672016+00:00
75376,,,Garage Door - Nationwide up to $80,,74.00,2026-09-22T14:01:12.672016+00:00
75378,,,Garage Door - Nationwide up to $80,,74.00,2026-09-22T14:01:12.672016+00:00
75379,,,Garage Door - Nationwide up to $80,,74.00,2026-09-22T14:01:12.672016+00:00
75380,,,Garage Door - Nationwide up to $80,,74.00,2026-09-22T14:01:12.672016+00:00
75381,,,Garage Door - Nationwide up to $80,,74.00,2026-09-22T14:01:12.672016+00:00
75382,,,Garage Door - Nationwide up to $80,,74.00,2026-09-22T14:01:12.672016+00:00
75389,,,Garage Door - Nationwide up to $80,,74.00,2026-09-22T14:01:12.672016+00:00
75390,Dallas,TX,Garage Door - Nationwide up to $80,,74.00,2026-09-22T14:01:12.672016+00:00
75391,,,Garage Door - Nationwide up to $80,,74.00,2026-09-22T14:01:12.672016+00:00
75392,,,Garage Door - Nationwide up to $80,,74.00,2026-09-22T14:01:12.672016+00:00
75393,,,Garage Door - Nationwide up to $80,,74.00,2026-09-22T14:01:12.672016+00:00
75394,,,Garage Door - Nationwide up to $80,,74.00,2026-09-22T14:01:12.672016+00:00
75395,,,Garage Door - Nationwide up to $80,,74.00,2026-09-22T14:01:12.672016+00:00
75397,,,Garage Door - Nationwide up to $80,,74.00,2026-09-22T14:01:12.672016+00:00
75398,,,Garage Door - Nationwide up to $80,,74.00,2026-09-22T14:01:12.672016+00:00
75407,Princeton,TX,Garage Door - Nationwide up to $80,,81.50,2026-09-22T14:01:12.672016+00:00
75409,Anna,TX,Garage Door - Nationwide up to $80,,81.50,2026-09-22T14:01:12.672016+00:00
75424,Blue Ridge,TX,Garage Door - Nationwide up to $80,,81.50,2026-09-22T14:01:12.672016+00:00
75442,Farmersville,TX,Garage Door - Nationwide up to $80,,81.50,2026-09-22T14:01:12.672016+00:00
75454,Melissa,TX,Garage Door - Nationwide up to $80,,81.50,2026-09-22T14:01:12.672016+00:00
75485,,,Garage Door - Nationwide up to $80,,81.50,2026-09-22T14:01:12.672016+00:00
76001,Arlington,TX,Garage Door - Nationwide up to $80,,81.50,2026-09-22T14:01:12.672016+00:00
76002,Arlington,TX,Garage Door - Nationwide up to $80,,81.50,2026-09-22T14:01:12.672016+00:00
76003,,,Garage Door - Nationwide up to $80,,81.50,2026-09-22T14:01:12.672016+00:00
76004,,,Garage Door - Nationwide up to $80,,81.50,2026-09-22T14:01:12.672016+00:00
76005,Arlington,TX,Garage Door - Nationwide up to $80,,81.50,2026-09-22T14:01:12.672016+00:00
76006,Arlington,TX,Garage Door - Nationwide up to $80,,81.50,2026-09-22T14:01:12.672016+00:00
76007,,,Garage Door - Nationwide up to $80,,81.50,2026-09-22T14:01:12.672016+00:00
76010,Arlington,TX,Garage Door - Nationwide up to $80,,81.50,2026-09-22T14:01:12.672016+00:00
76011,Arlington,TX,Garage Door - Nationwide up to $80,,81.50,2026-09-22T14:01:12.672016+00:00
76012,Arlington,TX,Garage Door - Nationwide up to $80,,81.50,2026-09-22T14:01:12.672016+00:00
76013,Arlington,TX,Garage Door - Nationwide up to $80,,81.50,2026-09-22T14:01:12.672016+00:00
76014,Arlington,TX,Garage Door - Nationwide up to $80,,81.50,2026-09-22T14:01:12.672016+00:00
76015,Arlington,TX,Garage Door - Nationwide up to $80,,81.50,2026-09-22T14:01:12.672016+00:00
76016,Arlington,TX,Garage Door - Nationwide up to $80,,81.50,2026-09-22T14:01:12.672016+00:00
76017,Arlington,TX,Garage Door - Nationwide up to $80,,81.50,2026-09-22T14:01:12.672016+00:00
76018,Arlington,TX,Garage Door - Nationwide up to $80,,81.50,2026-09-22T14:01:12.672016+00:00
76019,,,Garage Door - Nationwide up to $80,,81.50,2026-09-22T14:01:12.672016+00:00
76020,Azle,TX,Garage Door - Nationwide up to $80,,81.50,2026-09-22T14:01:12.672016+00:00
76021,Bedford,TX,Garage Door - Nationwide up to $80,,81.50,2026-09-22T14:01:12.672016+00:00
76022,Bedford,TX,Garage Door - Nationwide up to $80,,81.50,2026-09-22T14:01:12.672016+00:00
76034,Colleyville,TX,Garage Door - Nationwide up to $80,,81.50,2026-09-22T14:01:12.672016+00:00
76036,Crowley,TX,Garage Door - Nationwide up to $80,,81.50,2026-09-22T14:01:12.672016+00:00
76039,Euless,TX,Garage Door - Nationwide up to $80,,81.50,2026-09-22T14:01:12.672016+00:00
76040,Euless,TX,Garage Door - Nationwide up to $80,,81.50,2026-09-22T14:01:12.672016+00:00
76051,Grapevine,TX,Garage Door - Nationwide up to $80,,81.50,2026-09-22T14:01:12.672016+00:00
76052,Haslet,TX,Garage Door - Nationwide up to $80,,81.50,2026-09-22T14:01:12.672016+00:00
76053,Hurst,TX,Garage Door - Nationwide up to $80,,81.50,2026-09-22T14:01:12.672016+00:00
76054,Hurst,TX,Garage Door - Nationwide up to $80,,81.50,2026-09-22T14:01:12.672016+00:00
76060,Kennedale,TX,Garage Door - Nationwide up to $80,,81.50,2026-09-22T14:01:12.672016+00:00
76063,Mansfield,TX,Garage Door - Nationwide up to $80,,81.50,2026-09-22T14:01:12.672016+00:00
76092,Southlake,TX,Garage Door - Nationwide up to $80,,81.50,2026-09-22T14:01:12.672016+00:00
76094,,,Garage Door - Nationwide up to $80,,81.50,2026-09-22T14:01:12.672016+00:00
76095,,,Garage Door - Nationwide up to $80,,81.50,2026-09-22T14:01:12.672016+00:00
76096,,,Garage Door - Nationwide up to $80,,81.50,2026-09-22T14:01:12.672016+00:00
76099,,,Garage Door - Nationwide up to $80,,81.50,2026-09-22T14:01:12.672016+00:00
76101,,,Garage Door - Nationwide up to $80,,81.50,2026-09-22T14:01:12.672016+00:00
76102,Fort Worth,TX,Garage Door - Nationwide up to $80,,81.50,2026-09-22T14:01:12.672016+00:00
76103,Fort Worth,TX,Garage Door - Nationwide up to $80,,81.50,2026-09-22T14:01:12.672016+00:00
76104,Fort Worth,TX,Garage Door - Nationwide up to $80,,81.50,2026-09-22T14:01:12.672016+00:00
76105,Fort Worth,TX,Garage Door - Nationwide up to $80,,81.50,2026-09-22T14:01:12.672016+00:00
76106,Fort Worth,TX,Garage Door - Nationwide up to $80,,81.50,2026-09-22T14:01:12.672016+00:00
76107,Fort Worth,TX,Garage Door - Nationwide up to $80,,81.50,2026-09-22T14:01:12.672016+00:00
76108,Fort Worth,TX,Garage Door - Nationwide up to $80,,81.50,2026-09-22T14:01:12.672016+00:00
76109,Fort Worth,TX,Garage Door - Nationwide up to $80,,81.50,2026-09-22T14:01:12.672016+00:00
76110,Fort Worth,TX,Garage Door - Nationwide up to $80,,81.50,2026-09-22T14:01:12.672016+00:00
76111,Fort Worth,TX,Garage Door - Nationwide up to $80,,81.50,2026-09-22T14:01:12.672016+00:00
76112,Fort Worth,TX,Garage Door - Nationwide up to $80,,81.50,2026-09-22T14:01:12.672016+00:00
76113,,,Garage Door - Nationwide up to $80,,81.50,2026-09-22T14:01:12.672016+00:00
76114,Fort Worth,TX,Garage Door - Nationwide up to $80,,81.50,2026-09-22T14:01:12.672016+00:00
76115,Fort Worth,TX,Garage Door - Nationwide up to $80,,81.50,2026-09-22T14:01:12.672016+00:00
76116,Fort Worth,TX,Garage Door - Nationwide up to $80,,81.50,2026-09-22T14:01:12.672016+00:00
76117,Haltom City,TX,Garage Door - Nationwide up to $80,,81.50,2026-09-22T14:01:12.672016+00:00
76118,Fort Worth,TX,Garage Door - Nationwide up to $80,,81.50,2026-09-22T14:01:12.672016+00:00
76119,Fort Worth,TX,Garage Door - Nationwide up to $80,,81.50,2026-09-22T14:01:12.672016+00:00
76120,Fort Worth,TX,Garage Door - Nationwide up to $80,,81.50,2026-09-22T14:01:12.672016+00:00
76121,,,Garage Door - Nationwide up to $80,,81.50,2026-09-22T14:01:12.672016+00:00
76122,,,Garage Door - Nationwide up to $80,,81.50,2026-09-22T14:01:12.672016+00:00
76123,Fort Worth,TX,Garage Door - Nationwide up to $80,,81.50,2026-09-22T14:01:12.672016+00:00
76124,,,Garage Door - Nationwide up to $80,,81.50,2026-09-22T14:01:12.672016+00:00
76126,Fort Worth,TX,Garage Door - Nationwide up to $80,,81.50,2026-09-22T14:01:12.672016+00:00
76127,Naval Air Station Jrb,TX,Garage Door - Nationwide up to $80,,81.50,2026-09-22T14:01:12.672016+00:00
76129,Fort Worth,TX,Garage Door - Nationwide up to $80,,81.50,2026-09-22T14:01:12.672016+00:00
76130,,,Garage Door - Nationwide up to $80,,81.50,2026-09-22T14:01:12.672016+00:00
76131,Fort Worth,TX,Garage Door - Nationwide up to $80,,81.50,2026-09-22T14:01:12.672016+00:00
76132,Fort Worth,TX,Garage Door - Nationwide up to $80,,81.50,2026-09-22T14:01:12.672016+00:00
76133,Fort Worth,TX,Garage Door - Nationwide up to $80,,81.50,2026-09-22T14:01:12.672016+00:00
76134,Fort Worth,TX,Garage Door - Nationwide up to $80,,81.50,2026-09-22T14:01:12.672016+00:00
76135,Fort Worth,TX,Garage Door - Nationwide up to $80,,81.50,2026-09-22T14:01:12.672016+00:00
76136,,,Garage Door - Nationwide up to $80,,81.50,2026-09-22T14:01:12.672016+00:00
76137,Fort Worth,TX,Garage Door - Nationwide up to $80,,81.50,2026-09-22T14:01:12.672016+00:00
76140,Fort Worth,TX,Garage Door - Nationwide up to $80,,81.50,2026-09-22T14:01:12.672016+00:00
76147,,,Garage Door - Nationwide up to $80,,81.50,2026-09-22T14:01:12.672016+00:00
76148,Fort Worth,TX,Garage Door - Nationwide up to $80,,81.50,2026-09-22T14:01:12.672016+00:00
76150,,,Garage Door - Nationwide up to $80,,81.50,2026-09-22T14:01:12.672016+00:00
76155,Fort Worth,TX,Garage Door - Nationwide up to $80,,81.50,2026-09-22T14:01:12.672016+00:00
76161,,,Garage Door - Nationwide up to $80,,81.50,2026-09-22T14:01:12.672016+00:00
76162,,,Garage Door - Nationwide up to $80,,81.50,2026-09-22T14:01:12.672016+00:00
76163,,,Garage Door - Nationwide up to $80,,81.50,2026-09-22T14:01:12.672016+00:00
76164,Fort Worth,TX,Garage Door - Nationwide up to $80,,81.50,2026-09-22T14:01:12.672016+00:00
76166,,,Garage Door - Nationwide up to $80,,81.50,2026-09-22T14:01:12.672016+00:00
76177,Fort Worth,TX,Garage Door - Nationwide up to $80,,81.50,2026-09-22T14:01:12.672016+00:00
76179,Fort Worth,TX,Garage Door - Nationwide up to $80,,81.50,2026-09-22T14:01:12.672016+00:00
76180,North Richland Hills,TX,Garage Door - Nationwide up to $80,,81.50,2026-09-22T14:01:12.672016+00:00
76181,,,Garage Door - Nationwide up to $80,,81.50,2026-09-22T14:01:12.672016+00:00
76182,North Richland Hills,TX,Garage Door - Nationwide up to $80,,81.50,2026-09-22T14:01:12.672016+00:00
76185,,,Garage Door - Nationwide up to $80,,81.50,2026-09-22T14:01:12.672016+00:00
76191,,,Garage Door - Nationwide up to $80,,81.50,2026-09-22T14:01:12.672016+00:00
76192,,,Garage Door - Nationwide up to $80,,81.50,2026-09-22T14:01:12.672016+00:00
76193,,,Garage Door - Nationwide up to $80,,81.50,2026-09-22T14:01:12.672016+00:00
76195,,,Garage Door - Nationwide up to $80,,81.50,2026-09-22T14:01:12.672016+00:00
76196,,,Garage Door - Nationwide up to $80,,81.50,2026-09-22T14:01:12.672016+00:00
76197,,,Garage Door - Nationwide up to $80,,81.50,2026-09-22T14:01:12.672016+00:00
76198,,,Garage Door - Nationwide up to $80,,81.50,2026-09-22T14:01:12.672016+00:00
76199,,,Garage Door - Nationwide up to $80,,81.50,2026-09-22T14:01:12.672016+00:00
76201,Denton,TX,Garage Door - Nationwide up to $80,,81.50,2026-09-22T14:01:12.672016+00:00
76202,,,Garage Door - Nationwide up to $80,,81.50,2026-09-22T14:01:12.672016+00:00
76203,Denton,TX,Garage Door - Nationwide up to $80,,81.50,2026-09-22T14:01:12.672016+00:00
76204,,,Garage Door - Nationwide up to $80,,81.50,2026-09-22T14:01:12.672016+00:00
76205,Denton,TX,Garage Door - Nationwide up to $80,,81.50,2026-09-22T14:01:12.672016+00:00
76206,,,Garage Door - Nationwide up to $80,,81.50,2026-09-22T14:01:12.672016+00:00
76207,Denton,TX,Garage Door - Nationwide up to $80,,81.50,2026-09-22T14:01:12.672016+00:00
76208,Denton,TX,Garage Door - Nationwide up to $80,,81.50,2026-09-22T14:01:12.672016+00:00
76209,Denton,TX,Garage Door - Nationwide up to $80,,81.50,2026-09-22T14:01:12.672016+00:00
76210,Denton,TX,Garage Door - Nationwide up to $80,,81.50,2026-09-22T14:01:12.672016+00:00
76226,Argyle,TX,Garage Door - Nationwide up to $80,,81.50,2026-09-22T14:01:12.672016+00:00
76227,Aubrey,TX,Garage Door - Nationwide up to $80,,81.50,2026-09-22T14:01:12.672016+00:00
76244,Keller,TX,Garage Door - Nationwide up to $80,,81.50,2026-09-22T14:01:12.672016+00:00
76247,Justin,TX,Garage Door - Nationwide up to $80,,81.50,2026-09-22T14:01:12.672016+00:00
76248,Keller,TX,Garage Door - Nationwide up to $80,,81.50,2026-09-22T14:01:12.672016+00:00
76249,Krum,TX,Garage Door - Nationwide up to $80,,81.50,2026-09-22T14:01:12.672016+00:00
76258,Pilot Point,TX,Garage Door - Nationwide up to $80,,81.50,2026-09-22T14:01:12.672016+00:00
76259,Ponder,TX,Garage Door - Nationwide up to $80,,81.50,2026-09-22T14:01:12.672016+00:00
76262,Roanoke,TX,Garage Door - Nationwide up to $80,,81.50,2026-09-22T14:01:12.672016+00:00
76266,Sanger,TX,Garage Door - Nationwide up to $80,,81.50,2026-09-22T14:01:12.672016+00:00
76527,Florence,TX,Garage Door - Nationwide up to $80,,78.00,2026-09-22T14:01:12.672016+00:00
76530,Granger,TX,Garage Door - Nationwide up to $80,,78.00,2026-09-22T14:01:12.672016+00:00
76537,Jarrell,TX,Garage Door - Nationwide up to $80,,78.00,2026-09-22T14:01:12.672016+00:00
76573,Schwertner,TX,Garage Door - Nationwide up to $80,,78.00,2026-09-22T14:01:12.672016+00:00
76574,Taylor,TX,Garage Door - Nationwide up to $80,,78.00,2026-09-22T14:01:12.672016+00:00
76578,Thrall,TX,Garage Door - Nationwide up to $80,,78.00,2026-09-22T14:01:12.672016+00:00
77002,Houston,TX,Garage Door - Nationwide up to $80,,36.50,2026-09-22T14:01:12.672016+00:00
77003,Houston,TX,Garage Door - Nationwide up to $80,,36.50,2026-09-22T14:01:12.672016+00:00
77004,Houston,TX,Garage Door - Nationwide up to $80,,36.50,2026-09-22T14:01:12.672016+00:00
77005,Houston,TX,Garage Door - Nationwide up to $80,,36.50,2026-09-22T14:01:12.672016+00:00
77006,Houston,TX,Garage Door - Nationwide up to $80,,36.50,2026-09-22T14:01:12.672016+00:00
77007,Houston,TX,Garage Door - Nationwide up to $80,,36.50,2026-09-22T14:01:12.672016+00:00
77008,Houston,TX,Garage Door - Nationwide up to $80,,36.50,2026-09-22T14:01:12.672016+00:00
77009,Houston,TX,Garage Door - Nationwide up to $80,,36.50,2026-09-22T14:01:12.672016+00:00
77010,Houston,TX,Garage Door - Nationwide up to $80,,36.50,2026-09-22T14:01:12.672016+00:00
77014,Houston,TX,Garage Door - Nationwide up to $80,,36.50,2026-09-22T14:01:12.672016+00:00
77018,Houston,TX,Garage Door - Nationwide up to $80,,36.50,2026-09-22T14:01:12.672016+00:00
77019,Houston,TX,Garage Door - Nationwide up to $80,,36.50,2026-09-22T14:01:12.672016+00:00
77022,Houston,TX,Garage Door - Nationwide up to $80,,36.50,2026-09-22T14:01:12.672016+00:00
77024,Houston,TX,Garage Door - Nationwide up to $80,,36.50,2026-09-22T14:01:12.672016+00:00
77025,Houston,TX,Garage Door - Nationwide up to $80,,36.50,2026-09-22T14:01:12.672016+00:00
77027,Houston,TX,Garage Door - Nationwide up to $80,,36.50,2026-09-22T14:01:12.672016+00:00
77030,Houston,TX,Garage Door - Nationwide up to $80,,36.50,2026-09-22T14:01:12.672016+00:00
77031,Houston,TX,Garage Door - Nationwide up to $80,,36.50,2026-09-22T14:01:12.672016+00:00
77032,Houston,TX,Garage Door - Nationwide up to $80,,29.00,2026-09-22T14:01:12.672016+00:00
77035,Houston,TX,Garage Door - Nationwide up to $80,,36.50,2026-09-22T14:01:12.672016+00:00
77036,Houston,TX,Garage Door - Nationwide up to $80,,36.50,2026-09-22T14:01:12.672016+00:00
77037,Houston,TX,Garage Door - Nationwide up to $80,,36.50,2026-09-22T14:01:12.672016+00:00
77038,Houston,TX,Garage Door - Nationwide up to $80,,36.50,2026-09-22T14:01:12.672016+00:00
77040,Houston,TX,Garage Door - Nationwide up to $80,,36.50,2026-09-22T14:01:12.672016+00:00
77041,Houston,TX,Garage Door - Nationwide up to $80,,36.50,2026-09-22T14:01:12.672016+00:00
77042,Houston,TX,Garage Door - Nationwide up to $80,,36.50,2026-09-22T14:01:12.672016+00:00
77043,Houston,TX,Garage Door - Nationwide up to $80,,36.50,2026-09-22T14:01:12.672016+00:00
77044,Houston,TX,Garage Door - Nationwide up to $80,,29.00,2026-09-22T14:01:12.672016+00:00
77045,Houston,TX,Garage Door - Nationwide up to $80,,36.50,2026-09-22T14:01:12.672016+00:00
77046,Houston,TX,Garage Door - Nationwide up to $80,,36.50,2026-09-22T14:01:12.672016+00:00
77053,Houston,TX,Garage Door - Nationwide up to $80,,36.50,2026-09-22T14:01:12.672016+00:00
77054,Houston,TX,Garage Door - Nationwide up to $80,,36.50,2026-09-22T14:01:12.672016+00:00
77055,Houston,TX,Garage Door - Nationwide up to $80,,36.50,2026-09-22T14:01:12.672016+00:00
77056,Houston,TX,Garage Door - Nationwide up to $80,,36.50,2026-09-22T14:01:12.672016+00:00
77057,Houston,TX,Garage Door - Nationwide up to $80,,36.50,2026-09-22T14:01:12.672016+00:00
77058,Houston,TX,Garage Door - Nationwide up to $80,,29.00,2026-09-22T14:01:12.672016+00:00
77059,Houston,TX,Garage Door - Nationwide up to $80,,29.00,2026-09-22T14:01:12.672016+00:00
77060,Houston,TX,Garage Door - Nationwide up to $80,,36.50,2026-09-22T14:01:12.672016+00:00
77062,Houston,TX,Garage Door - Nationwide up to $80,,29.00,2026-09-22T14:01:12.672016+00:00
77063,Houston,TX,Garage Door - Nationwide up to $80,,36.50,2026-09-22T14:01:12.672016+00:00
77064,Houston,TX,Garage Door - Nationwide up to $80,,36.50,2026-09-22T14:01:12.672016+00:00
77065,Houston,TX,Garage Door - Nationwide up to $80,,36.50,2026-09-22T14:01:12.672016+00:00
77066,Houston,TX,Garage Door - Nationwide up to $80,,36.50,2026-09-22T14:01:12.672016+00:00
77067,Houston,TX,Garage Door - Nationwide up to $80,,36.50,2026-09-22T14:01:12.672016+00:00
77068,Houston,TX,Garage Door - Nationwide up to $80,,36.50,2026-09-22T14:01:12.672016+00:00
77069,Houston,TX,Garage Door - Nationwide up to $80,,36.50,2026-09-22T14:01:12.672016+00:00
77070,Houston,TX,Garage Door - Nationwide up to $80,,36.50,2026-09-22T14:01:12.672016+00:00
77071,Houston,TX,Garage Door - Nationwide up to $80,,36.50,2026-09-22T14:01:12.672016+00:00
77072,Houston,TX,Garage Door - Nationwide up to $80,,36.50,2026-09-22T14:01:12.672016+00:00
77073,Houston,TX,Garage Door - Nationwide up to $80,,36.50,2026-09-22T14:01:12.672016+00:00
77074,Houston,TX,Garage Door - Nationwide up to $80,,36.50,2026-09-22T14:01:12.672016+00:00
77076,Houston,TX,Garage Door - Nationwide up to $80,,36.50,2026-09-22T14:01:12.672016+00:00
77077,Houston,TX,Garage Door - Nationwide up to $80,,36.50,2026-09-22T14:01:12.672016+00:00
77079,Houston,TX,Garage Door - Nationwide up to $80,,36.50,2026-09-22T14:01:12.672016+00:00
77080,Houston,TX,Garage Door - Nationwide up to $80,,36.50,2026-09-22T14:01:12.672016+00:00
77081,Houston,TX,Garage Door - Nationwide up to $80,,36.50,2026-09-22T14:01:12.672016+00:00
77082,Houston,TX,Garage Door - Nationwide up to $80,,36.50,2026-09-22T14:01:12.672016+00:00
77083,Houston,TX,Garage Door - Nationwide up to $80,,36.50,2026-09-22T14:01:12.672016+00:00
77084,Houston,TX,Garage Door - Nationwide up to $80,,36.50,2026-09-22T14:01:12.672016+00:00
77085,Houston,TX,Garage Door - Nationwide up to $80,,36.50,2026-09-22T14:01:12.672016+00:00
77086,Houston,TX,Garage Door - Nationwide up to $80,,36.50,2026-09-22T14:01:12.672016+00:00
77088,Houston,TX,Garage Door - Nationwide up to $80,,36.50,2026-09-22T14:01:12.672016+00:00
77089,Houston,TX,Garage Door - Nationwide up to $80,,29.00,2026-09-22T14:01:12.672016+00:00
77090,Houston,TX,Garage Door - Nationwide up to $80,,36.50,2026-09-22T14:01:12.672016+00:00
77091,Houston,TX,Garage Door - Nationwide up to $80,,36.50,2026-09-22T14:01:12.672016+00:00
77092,Houston,TX,Garage Door - Nationwide up to $80,,36.50,2026-09-22T14:01:12.672016+00:00
77094,Houston,TX,Garage Door - Nationwide up to $80,,36.50,2026-09-22T14:01:12.672016+00:00
77095,Houston,TX,Garage Door - Nationwide up to $80,,36.50,2026-09-22T14:01:12.672016+00:00
77096,Houston,TX,Garage Door - Nationwide up to $80,,36.50,2026-09-22T14:01:12.672016+00:00
77098,Houston,TX,Garage Door - Nationwide up to $80,,36.50,2026-09-22T14:01:12.672016+00:00
77099,Houston,TX,Garage Door - Nationwide up to $80,,36.50,2026-09-22T14:01:12.672016+00:00
77301,Conroe,TX,Garage Door - Nationwide up to $80,,29.00,2026-09-22T14:01:12.672016+00:00
77304,Conroe,TX,Garage Door - Nationwide up to $80,,29.00,2026-09-22T14:01:12.672016+00:00
77336,Huffman,TX,Garage Door - Nationwide up to $80,,29.00,2026-09-22T14:01:12.672016+00:00
77338,Humble,TX,Garage Door - Nationwide up to $80,,29.00,2026-09-22T14:01:12.672016+00:00
77339,Kingwood,TX,Garage Door - Nationwide up to $80,,29.00,2026-09-22T14:01:12.672016+00:00
77345,Kingwood,TX,Garage Door - Nationwide up to $80,,29.00,2026-09-22T14:01:12.672016+00:00
77346,Humble,TX,Garage Door - Nationwide up to $80,,29.00,2026-09-22T14:01:12.672016+00:00
77354,Magnolia,TX,Garage Door - Nationwide up to $80,,29.00,2026-09-22T14:01:12.672016+00:00
77355,Magnolia,TX,Garage Door - Nationwide up to $80,,29.00,2026-09-22T14:01:12.672016+00:00
77356,Montgomery,TX,Garage Door - Nationwide up to $80,,29.00,2026-09-22T14:01:12.672016+00:00
77362,Pinehurst,TX,Garage Door - Nationwide up to $80,,29.00,2026-09-22T14:01:12.672016+00:00
77365,Porter,TX,Garage Door - Nationwide up to $80,,29.00,2026-09-22T14:01:12.672016+00:00
77373,Spring,TX,Garage Door - Nationwide up to $80,,36.50,2026-09-22T14:01:12.672016+00:00
77375,Tomball,TX,Garage Door - Nationwide up to $80,,36.50,2026-09-22T14:01:12.672016+00:00
77377,Tomball,TX,Garage Door - Nationwide up to $80,,29.00,2026-09-22T14:01:12.672016+00:00
77379,Spring,TX,Garage Door - Nationwide up to $80,,36.50,2026-09-22T14:01:12.672016+00:00
77380,Spring,TX,Garage Door - Nationwide up to $80,,36.50,2026-09-22T14:01:12.672016+00:00
77381,Spring,TX,Garage Door - Nationwide up to $80,,36.50,2026-09-22T14:01:12.672016+00:00
77382,Spring,TX,Garage Door - Nationwide up to $80,,36.50,2026-09-22T14:01:12.672016+00:00
77384,Conroe,TX,Garage Door - Nationwide up to $80,,36.50,2026-09-22T14:01:12.672016+00:00
77385,Conroe,TX,Garage Door - Nationwide up to $80,,36.50,2026-09-22T14:01:12.672016+00:00
77386,Spring,TX,Garage Door - Nationwide up to $80,,36.50,2026-09-22T14:01:12.672016+00:00
77388,Spring,TX,Garage Door - Nationwide up to $80,,36.50,2026-09-22T14:01:12.672016+00:00
77389,Spring,TX,Garage Door - Nationwide up to $80,,36.50,2026-09-22T14:01:12.672016+00:00
77396,Humble,TX,Garage Door - Nationwide up to $80,,29.00,2026-09-22T14:01:12.672016+00:00
77401,Bellaire,TX,Garage Door - Nationwide up to $80,,36.50,2026-09-22T14:01:12.672016+00:00
77406,Richmond,TX,Garage Door - Nationwide up to $80,,36.50,2026-09-22T14:01:12.672016+00:00
77407,Richmond,TX,Garage Door - Nationwide up to $80,,36.50,2026-09-22T14:01:12.672016+00:00
77417,Beasley,TX,Garage Door - Nationwide up to $80,,29.00,2026-09-22T14:01:12.672016+00:00
77429,Cypress,TX,Garage Door - Nationwide up to $80,,36.50,2026-09-22T14:01:12.672016+00:00
77433,Cypress,TX,Garage Door - Nationwide up to $80,,36.50,2026-09-22T14:01:12.672016+00:00
77441,Fulshear,TX,Garage Door - Nationwide up to $80,,29.00,2026-09-22T14:01:12.672016+00:00
77444,Guy,TX,Garage Door - Nationwide up to $80,,29.00,2026-09-22T14:01:12.672016+00:00
77447,Hockley,TX,Garage Door - Nationwide up to $80,,29.00,2026-09-22T14:01:12.672016+00:00
77449,Katy,TX,Garage Door - Nationwide up to $80,,36.50,2026-09-22T14:01:12.672016+00:00
77450,Katy,TX,Garage Door - Nationwide up to $80,,36.50,2026-09-22T14:01:12.672016+00:00
77459,Missouri City,TX,Garage Door - Nationwide up to $80,,29.00,2026-09-22T14:01:12.672016+00:00
77461,Needville,TX,Garage Door - Nationwide up to $80,,29.00,2026-09-22T14:01:12.672016+00:00
77469,Richmond,TX,Garage Door - Nationwide up to $80,,29.00,2026-09-22T14:01:12.672016+00:00
77471,Rosenberg,TX,Garage Door - Nationwide up to $80,,29.00,2026-09-22T14:01:12.672016+00:00
77477,Stafford,TX,Garage Door - Nationwide up to $80,,36.50,2026-09-22T14:01:12.672016+00:00
77478,Sugar Land,TX,Garage Door - Nationwide up to $80,,36.50,2026-09-22T14:01:12.672016+00:00
77479,Sugar Land,TX,Garage Door - Nationwide up to $80,,36.50,2026-09-22T14:01:12.672016+00:00
77489,Missouri City,TX,Garage Door - Nationwide up to $80,,36.50,2026-09-22T14:01:12.672016+00:00
77493,Katy,TX,Garage Door - Nationwide up to $80,,36.50,2026-09-22T14:01:12.672016+00:00
77494,Katy,TX,Garage Door - Nationwide up to $80,,36.50,2026-09-22T14:01:12.672016+00:00
77498,Sugar Land,TX,Garage Door - Nationwide up to $80,,36.50,2026-09-22T14:01:12.672016+00:00
77504,Pasadena,TX,Garage Door - Nationwide up to $80,,29.00,2026-09-22T14:01:12.672016+00:00
77505,Pasadena,TX,Garage Door - Nationwide up to $80,,29.00,2026-09-22T14:01:12.672016+00:00
77520,Baytown,TX,Garage Door - Nationwide up to $80,,29.00,2026-09-22T14:01:12.672016+00:00
77521,Baytown,TX,Garage Door - Nationwide up to $80,,29.00,2026-09-22T14:01:12.672016+00:00
77536,Deer Park,TX,Garage Door - Nationwide up to $80,,29.00,2026-09-22T14:01:12.672016+00:00
77545,Fresno,TX,Garage Door - Nationwide up to $80,,29.00,2026-09-22T14:01:12.672016+00:00
77571,La Porte,TX,Garage Door - Nationwide up to $80,,29.00,2026-09-22T14:01:12.672016+00:00
77586,Seabrook,TX,Garage Door - Nationwide up to $80,,29.00,2026-09-22T14:01:12.672016+00:00
78610,Buda,TX,Garage Door - Nationwide up to $80,,74.00,2026-09-22T14:01:12.672016+00:00
78613,Cedar Park,TX,Garage Door - Nationwide up to $80,,78.00,2026-09-22T14:01:12.672016+00:00
78615,Coupland,TX,Garage Door - Nationwide up to $80,,78.00,2026-09-22T14:01:12.672016+00:00
78617,Del Valle,TX,Garage Door - Nationwide up to $80,,85.50,2026-09-22T14:01:12.672016+00:00
78619,Driftwood,TX,Garage Door - Nationwide up to $80,,74.00,2026-09-22T14:01:12.672016+00:00
78620,Dripping Springs,TX,Garage Door - Nationwide up to $80,,74.00,2026-09-22T14:01:12.672016+00:00
78626,Georgetown,TX,Garage Door - Nationwide up to $80,,78.00,2026-09-22T14:01:12.672016+00:00
78627,,,Garage Door - Nationwide up to $80,,78.00,2026-09-22T14:01:12.672016+00:00
78628,Georgetown,TX,Garage Door - Nationwide up to $80,,78.00,2026-09-22T14:01:12.672016+00:00
78630,,,Garage Door - Nationwide up to $80,,78.00,2026-09-22T14:01:12.672016+00:00
78633,Georgetown,TX,Garage Door - Nationwide up to $80,,78.00,2026-09-22T14:01:12.672016+00:00
78634,Hutto,TX,Garage Door - Nationwide up to $80,,78.00,2026-09-22T14:01:12.672016+00:00
78640,Kyle,TX,Garage Door - Nationwide up to $80,,74.00,2026-09-22T14:01:12.672016+00:00
78641,Leander,TX,Garage Door - Nationwide up to $80,,78.00,2026-09-22T14:01:12.672016+00:00
78642,Liberty Hill,TX,Garage Door - Nationwide up to $80,,78.00,2026-09-22T14:01:12.672016+00:00
78645,Leander,TX,Garage Door - Nationwide up to $80,,85.50,2026-09-22T14:01:12.672016+00:00
78646,,,Garage Door - Nationwide up to $80,,78.00,2026-09-22T14:01:12.672016+00:00
78651,,,Garage Door - Nationwide up to $80,,85.50,2026-09-22T14:01:12.672016+00:00
78652,Manchaca,TX,Garage Door - Nationwide up to $80,,85.50,2026-09-22T14:01:12.672016+00:00
78653,Manor,TX,Garage Door - Nationwide up to $80,,85.50,2026-09-22T14:01:12.672016+00:00
78660,Pflugerville,TX,Garage Door - Nationwide up to $80,,85.50,2026-09-22T14:01:12.672016+00:00
78664,Round Rock,TX,Garage Door - Nationwide up to $80,,78.00,2026-09-22T14:01:12.672016+00:00
78665,Round Rock,TX,Garage Door - Nationwide up to $80,,78.00,2026-09-22T14:01:12.672016+00:00
78666,San Marcos,TX,Garage Door - Nationwide up to $80,,74.00,2026-09-22T14:01:12.672016+00:00
78667,,,Garage Door - Nationwide up to $80,,74.00,2026-09-22T14:01:12.672016+00:00
78669,Spicewood,TX,Garage Door - Nationwide up to $80,,85.50,2026-09-22T14:01:12.672016+00:00
78673,,,Garage Door - Nationwide up to $80,,78.00,2026-09-22T14:01:12.672016+00:00
78674,Weir,TX,Garage Door - Nationwide up to $80,,78.00,2026-09-22T14:01:12.672016+00:00
78676,Wimberley,TX,Garage Door - Nationwide up to $80,,74.00,2026-09-22T14:01:12.672016+00:00
78680,,,Garage Door - Nationwide up to $80,,78.00,2026-09-22T14:01:12.672016+00:00
78681,Round Rock,TX,Garage Door - Nationwide up to $80,,78.00,2026-09-22T14:01:12.672016+00:00
78682,,,Garage Door - Nationwide up to $80,,78.00,2026-09-22T14:01:12.672016+00:00
78683,,,Garage Door - Nationwide up to $80,,78.00,2026-09-22T14:01:12.672016+00:00
78691,,,Garage Door - Nationwide up to $80,,85.50,2026-09-22T14:01:12.672016+00:00
78701,Austin,TX,Garage Door - Nationwide up to $80,,85.50,2026-09-22T14:01:12.672016+00:00
78702,Austin,TX,Garage Door - Nationwide up to $80,,85.50,2026-09-22T14:01:12.672016+00:00
78703,Austin,TX,Garage Door - Nationwide up to $80,,85.50,2026-09-22T14:01:12.672016+00:00
78704,Austin,TX,Garage Door - Nationwide up to $80,,85.50,2026-09-22T14:01:12.672016+00:00
78705,Austin,TX,Garage Door - Nationwide up to $80,,85.50,2026-09-22T14:01:12.672016+00:00
78708,,,Garage Door - Nationwide up to $80,,85.50,2026-09-22T14:01:12.672016+00:00
78709,,,Garage Door - Nationwide up to $80,,85.50,2026-09-22T14:01:12.672016+00:00
78710,,,Garage Door - Nationwide up to $80,,85.50,2026-09-22T14:01:12.672016+00:00
78711,,,Garage Door - Nationwide up to $80,,85.50,2026-09-22T14:01:12.672016+00:00
78712,Austin,TX,Garage Door - Nationwide up to $80,,85.50,2026-09-22T14:01:12.672016+00:00
78713,,,Garage Door - Nationwide up to $80,,85.50,2026-09-22T14:01:12.672016+00:00
78714,,,Garage Door - Nationwide up to $80,,85.50,2026-09-22T14:01:12.672016+00:00
78715,,,Garage Door - Nationwide up to $80,,85.50,2026-09-22T14:01:12.672016+00:00
78716,,,Garage Door - Nationwide up to $80,,85.50,2026-09-22T14:01:12.672016+00:00
78717,Austin,TX,Garage Door - Nationwide up to $80,,78.00,2026-09-22T14:01:12.672016+00:00
78718,,,Garage Door - Nationwide up to $80,,85.50,2026-09-22T14:01:12.672016+00:00
78719,Austin,TX,Garage Door - Nationwide up to $80,,85.50,2026-09-22T14:01:12.672016+00:00
78720,,,Garage Door - Nationwide up to $80,,85.50,2026-09-22T14:01:12.672016+00:00
78721,Austin,TX,Garage Door - Nationwide up to $80,,85.50,2026-09-22T14:01:12.672016+00:00
78722,Austin,TX,Garage Door - Nationwide up to $80,,85.50,2026-09-22T14:01:12.672016+00:00
78723,Austin,TX,Garage Door - Nationwide up to $80,,85.50,2026-09-22T14:01:12.672016+00:00
78724,Austin,TX,Garage Door - Nationwide up to $80,,85.50,2026-09-22T14:01:12.672016+00:00
78725,Austin,TX,Garage Door - Nationwide up to $80,,85.50,2026-09-22T14:01:12.672016+00:00
78726,Austin,TX,Garage Door - Nationwide up to $80,,85.50,2026-09-22T14:01:12.672016+00:00
78727,Austin,TX,Garage Door - Nationwide up to $80,,85.50,2026-09-22T14:01:12.672016+00:00
78728,Austin,TX,Garage Door - Nationwide up to $80,,85.50,2026-09-22T14:01:12.672016+00:00
78729,Austin,TX,Garage Door - Nationwide up to $80,,78.00,2026-09-22T14:01:12.672016+00:00
78730,Austin,TX,Garage Door - Nationwide up to $80,,85.50,2026-09-22T14:01:12.672016+00:00
78731,Austin,TX,Garage Door - Nationwide up to $80,,85.50,2026-09-22T14:01:12.672016+00:00
78732,Austin,TX,Garage Door - Nationwide up to $80,,85.50,2026-09-22T14:01:12.672016+00:00
78733,Austin,TX,Garage Door - Nationwide up to $80,,85.50,2026-09-22T14:01:12.672016+00:00
78734,Austin,TX,Garage Door - Nationwide up to $80,,85.50,2026-09-22T14:01:12.672016+00:00
78735,Austin,TX,Garage Door - Nationwide up to $80,,85.50,2026-09-22T14:01:12.672016+00:00
78736,Austin,TX,Garage Door - Nationwide up to $80,,85.50,2026-09-22T14:01:12.672016+00:00
78737,Austin,TX,Garage Door - Nationwide up to $80,,74.00,2026-09-22T14:01:12.672016+00:00
78738,Austin,TX,Garage Door - Nationwide up to $80,,85.50,2026-09-22T14:01:12.672016+00:00
78739,Austin,TX,Garage Door - Nationwide up to $80,,85.50,2026-09-22T14:01:12.672016+00:00
78741,Austin,TX,Garage Door - Nationwide up to $80,,85.50,2026-09-22T14:01:12.672016+00:00
78742,Austin,TX,Garage Door - Nationwide up to $80,,85.50,2026-09-22T14:01:12.672016+00:00
78744,Austin,TX,Garage Door - Nationwide up to $80,,85.50,2026-09-22T14:01:12.672016+00:00
78745,Austin,TX,Garage Door - Nationwide up to $80,,85.50,2026-09-22T14:01:12.672016+00:00
78746,Austin,TX,Garage Door - Nationwide up to $80,,85.50,2026-09-22T14:01:12.672016+00:00
78747,Austin,TX,Garage Door - Nationwide up to $80,,85.50,2026-09-22T14:01:12.672016+00:00
78748,Austin,TX,Garage Door - Nationwide up to $80,,85.50,2026-09-22T14:01:12.672016+00:00
78749,Austin,TX,Garage Door - Nationwide up to $80,,85.50,2026-09-22T14:01:12.672016+00:00
78750,Austin,TX,Garage Door - Nationwide up to $80,,85.50,2026-09-22T14:01:12.672016+00:00
78751,Austin,TX,Garage Door - Nationwide up to $80,,85.50,2026-09-22T14:01:12.672016+00:00
78752,Austin,TX,Garage Door - Nationwide up to $80,,85.50,2026-09-22T14:01:12.672016+00:00
78753,Austin,TX,Garage Door - Nationwide up to $80,,85.50,2026-09-22T14:01:12.672016+00:00
78754,Austin,TX,Garage Door - Nationwide up to $80,,85.50,2026-09-22T14:01:12.672016+00:00
78755,,,Garage Door - Nationwide up to $80,,85.50,2026-09-22T14:01:12.672016+00:00
78756,Austin,TX,Garage Door - Nationwide up to $80,,85.50,2026-09-22T14:01:12.672016+00:00
78757,Austin,TX,Garage Door - Nationwide up to $80,,85.50,2026-09-22T14:01:12.672016+00:00
78758,Austin,TX,Garage Door - Nationwide up to $80,,85.50,2026-09-22T14:01:12.672016+00:00
78759,Austin,TX,Garage Door - Nationwide up to $80,,85.50,2026-09-22T14:01:12.672016+00:00
78760,,,Garage Door - Nationwide up to $80,,85.50,2026-09-22T14:01:12.672016+00:00
78761,,,Garage Door - Nationwide up to $80,,85.50,2026-09-22T14:01:12.672016+00:00
78762,,,Garage Door - Nationwide up to $80,,85.50,2026-09-22T14:01:12.672016+00:00
78763,,,Garage Door - Nationwide up to $80,,85.50,2026-09-22T14:01:12.672016+00:00
78764,,,Garage Door - Nationwide up to $80,,85.50,2026-09-22T14:01:12.672016+00:00
78765,,,Garage Door - Nationwide up to $80,,85.50,2026-09-22T14:01:12.672016+00:00
78766,,,Garage Door - Nationwide up to $80,,85.50,2026-09-22T14:01:12.672016+00:00
78767,,,Garage Door - Nationwide up to $80,,85.50,2026-09-22T14:01:12.672016+00:00
78768,,,Garage Door - Nationwide up to $80,,85.50,2026-09-22T14:01:12.672016+00:00
78772,,,Garage Door - Nationwide up to $80,,85.50,2026-09-22T14:01:12.672016+00:00
78773,,,Garage Door - Nationwide up to $80,,85.50,2026-09-22T14:01:12.672016+00:00
78774,,,Garage Door - Nationwide up to $80,,85.50,2026-09-22T14:01:12.672016+00:00
78778,,,Garage Door - Nationwide up to $80,,85.50,2026-09-22T14:01:12.672016+00:00
78779,,,Garage Door - Nationwide up to $80,,85.50,2026-09-22T14:01:12.672016+00:00
78783,,,Garage Door - Nationwide up to $80,,85.50,2026-09-22T14:01:12.672016+00:00
78799,,,Garage Door - Nationwide up to $80,,85.50,2026-09-22T14:01:12.672016+00:00
80002,Arvada,CO,Garage Door - Nationwide up to $80,,31.00,2026-09-22T14:01:12.672016+00:00
80003,Arvada,CO,Garage Door - Nationwide up to $80,,31.00,2026-09-22T14:01:12.672016+00:00
80004,Arvada,CO,Garage Door - Nationwide up to $80,,31.00,2026-09-22T14:01:12.672016+00:00
80005,Arvada,CO,Garage Door - Nationwide up to $80,,31.00,2026-09-22T14:01:12.672016+00:00
80007,Arvada,CO,Garage Door - Nationwide up to $80,,31.00,2026-09-22T14:01:12.672016+00:00
80010,Aurora,CO,Garage Door - Nationwide up to $80,,31.00,2026-09-22T14:01:12.672016+00:00
80011,Aurora,CO,Garage Door - Nationwide up to $80,,31.00,2026-09-22T14:01:12.672016+00:00
80012,Aurora,CO,Garage Door - Nationwide up to $80,,31.00,2026-09-22T14:01:12.672016+00:00
80013,Aurora,CO,Garage Door - Nationwide up to $80,,31.00,2026-09-22T14:01:12.672016+00:00
80014,Aurora,CO,Garage Door - Nationwide up to $80,,31.00,2026-09-22T14:01:12.672016+00:00
80015,Aurora,CO,Garage Door - Nationwide up to $80,,31.00,2026-09-22T14:01:12.672016+00:00
80016,Aurora,CO,Garage Door - Nationwide up to $80,,31.00,2026-09-22T14:01:12.672016+00:00
80017,Aurora,CO,Garage Door - Nationwide up to $80,,31.00,2026-09-22T14:01:12.672016+00:00
80018,Aurora,CO,Garage Door - Nationwide up to $80,,31.00,2026-09-22T14:01:12.672016+00:00
80019,Aurora,CO,Garage Door - Nationwide up to $80,,31.00,2026-09-22T14:01:12.672016+00:00
80020,Broomfield,CO,Garage Door - Nationwide up to $80,,31.00,2026-09-22T14:01:12.672016+00:00
80021,Broomfield,CO,Garage Door - Nationwide up to $80,,31.00,2026-09-22T14:01:12.672016+00:00
80022,Commerce City,CO,Garage Door - Nationwide up to $80,,31.00,2026-09-22T14:01:12.672016+00:00
80023,Broomfield,CO,Garage Door - Nationwide up to $80,,31.00,2026-09-22T14:01:12.672016+00:00
80024,Dupont,CO,Garage Door - Nationwide up to $80,,31.00,2026-09-22T14:01:12.672016+00:00
80025,Eldorado Springs,CO,Garage Door - Nationwide up to $80,,31.00,2026-09-22T14:01:12.672016+00:00
80026,Lafayette,CO,Garage Door - Nationwide up to $80,,31.00,2026-09-22T14:01:12.672016+00:00
80027,Louisville,CO,Garage Door - Nationwide up to $80,,31.00,2026-09-22T14:01:12.672016+00:00
80030,Westminster,CO,Garage Door - Nationwide up to $80,,31.00,2026-09-22T14:01:12.672016+00:00
80031,Westminster,CO,Garage Door - Nationwide up to $80,,31.00,2026-09-22T14:01:12.672016+00:00
80033,Wheat Ridge,CO,Garage Door - Nationwide up to $80,,31.00,2026-09-22T14:01:12.672016+00:00
80045,Aurora,CO,Garage Door - Nationwide up to $80,,31.00,2026-09-22T14:01:12.672016+00:00
80104,Castle Rock,CO,Garage Door - Nationwide up to $80,,35.00,2026-09-22T14:01:12.672016+00:00
80106,Elbert,CO,Garage Door - Nationwide up to $80,,35.00,2026-09-22T14:01:12.672016+00:00
80108,Castle Rock,CO,Garage Door - Nationwide up to $80,,35.00,2026-09-22T14:01:12.672016+00:00
80109,Castle Rock,CO,Garage Door - Nationwide up to $80,,35.00,2026-09-22T14:01:12.672016+00:00
80110,Englewood,CO,Garage Door - Nationwide up to $80,,31.00,2026-09-22T14:01:12.672016+00:00
80111,Englewood,CO,Garage Door - Nationwide up to $80,,31.00,2026-09-22T14:01:12.672016+00:00
80112,Englewood,CO,Garage Door - Nationwide up to $80,,31.00,2026-09-22T14:01:12.672016+00:00
80113,Englewood,CO,Garage Door - Nationwide up to $80,,31.00,2026-09-22T14:01:12.672016+00:00
80116,Franktown,CO,Garage Door - Nationwide up to $80,,35.00,2026-09-22T14:01:12.672016+00:00
80118,Larkspur,CO,Garage Door - Nationwide up to $80,,35.00,2026-09-22T14:01:12.672016+00:00
80120,Littleton,CO,Garage Door - Nationwide up to $80,,31.00,2026-09-22T14:01:12.672016+00:00
80121,Littleton,CO,Garage Door - Nationwide up to $80,,31.00,2026-09-22T14:01:12.672016+00:00
80122,Littleton,CO,Garage Door - Nationwide up to $80,,31.00,2026-09-22T14:01:12.672016+00:00
80123,Littleton,CO,Garage Door - Nationwide up to $80,,31.00,2026-09-22T14:01:12.672016+00:00
80124,Lone Tree,CO,Garage Door - Nationwide up to $80,,35.00,2026-09-22T14:01:12.672016+00:00
80125,Littleton,CO,Garage Door - Nationwide up to $80,,35.00,2026-09-22T14:01:12.672016+00:00
80126,Littleton,CO,Garage Door - Nationwide up to $80,,35.00,2026-09-22T14:01:12.672016+00:00
80127,Littleton,CO,Garage Door - Nationwide up to $80,,31.00,2026-09-22T14:01:12.672016+00:00
80128,Littleton,CO,Garage Door - Nationwide up to $80,,31.00,2026-09-22T14:01:12.672016+00:00
80129,Littleton,CO,Garage Door - Nationwide up to $80,,35.00,2026-09-22T14:01:12.672016+00:00
80130,Littleton,CO,Garage Door - Nationwide up to $80,,35.00,2026-09-22T14:01:12.672016+00:00
80131,Louviers,CO,Garage Door - Nationwide up to $80,,35.00,2026-09-22T14:01:12.672016+00:00
80132,Monument,CO,Garage Door - Nationwide up to $80,,35.00,2026-09-22T14:01:12.672016+00:00
80133,Palmer Lake,CO,Garage Door - Nationwide up to $80,,35.00,2026-09-22T14:01:12.672016+00:00
80134,Parker,CO,Garage Door - Nationwide up to $80,,35.00,2026-09-22T14:01:12.672016+00:00
80135,Sedalia,CO,Garage Door - Nationwide up to $80,,35.00,2026-09-22T14:01:12.672016+00:00
80138,Parker,CO,Garage Door - Nationwide up to $80,,35.00,2026-09-22T14:01:12.672016+00:00
80214,Denver,CO,Garage Door - Nationwide up to $80,,31.00,2026-09-22T14:01:12.672016+00:00
80215,Denver,CO,Garage Door - Nationwide up to $80,,31.00,2026-09-22T14:01:12.672016+00:00
80221,Denver,CO,Garage Door - Nationwide up to $80,,31.00,2026-09-22T14:01:12.672016+00:00
80225,,,Garage Door - Nationwide up to $80,,31.00,2026-09-22T14:01:12.672016+00:00
80226,Denver,CO,Garage Door - Nationwide up to $80,,31.00,2026-09-22T14:01:12.672016+00:00
80227,Denver,CO,Garage Door - Nationwide up to $80,,31.00,2026-09-22T14:01:12.672016+00:00
80228,Denver,CO,Garage Door - Nationwide up to $80,,31.00,2026-09-22T14:01:12.672016+00:00
80229,Denver,CO,Garage Door - Nationwide up to $80,,31.00,2026-09-22T14:01:12.672016+00:00
80231,Denver,CO,Garage Door - Nationwide up to $80,,31.00,2026-09-22T14:01:12.672016+00:00
80232,Denver,CO,Garage Door - Nationwide up to $80,,31.00,2026-09-22T14:01:12.672016+00:00
80233,Denver,CO,Garage Door - Nationwide up to $80,,31.00,2026-09-22T14:01:12.672016+00:00
80234,Denver,CO,Garage Door - Nationwide up to $80,,31.00,2026-09-22T14:01:12.672016+00:00
80235,Denver,CO,Garage Door - Nationwide up to $80,,31.00,2026-09-22T14:01:12.672016+00:00
80241,Thornton,CO,Garage Door - Nationwide up to $80,,31.00,2026-09-22T14:01:12.672016+00:00
80247,Denver,CO,Garage Door - Nationwide up to $80,,31.00,2026-09-22T14:01:12.672016+00:00
80260,Denver,CO,Garage Door - Nationwide up to $80,,31.00,2026-09-22T14:01:12.672016+00:00
80262,,,Garage Door - Nationwide up to $80,,31.00,2026-09-22T14:01:12.672016+00:00
80301,Boulder,CO,Garage Door - Nationwide up to $80,,31.00,2026-09-22T14:01:12.672016+00:00
80302,Boulder,CO,Garage Door - Nationwide up to $80,,31.00,2026-09-22T14:01:12.672016+00:00
80303,Boulder,CO,Garage Door - Nationwide up to $80,,31.00,2026-09-22T14:01:12.672016+00:00
80304,Boulder,CO,Garage Door - Nationwide up to $80,,31.00,2026-09-22T14:01:12.672016+00:00
80305,Boulder,CO,Garage Door - Nationwide up to $80,,31.00,2026-09-22T14:01:12.672016+00:00
80309,,,Garage Door - Nationwide up to $80,,31.00,2026-09-22T14:01:12.672016+00:00
80401,Golden,CO,Garage Door - Nationwide up to $80,,31.00,2026-09-22T14:01:12.672016+00:00
80403,Golden,CO,Garage Door - Nationwide up to $80,,31.00,2026-09-22T14:01:12.672016+00:00
80419,Golden,CO,Garage Door - Nationwide up to $80,,31.00,2026-09-22T14:01:12.672016+00:00
80425,Buffalo Creek,CO,Garage Door - Nationwide up to $80,,31.00,2026-09-22T14:01:12.672016+00:00
80433,Conifer,CO,Garage Door - Nationwide up to $80,,31.00,2026-09-22T14:01:12.672016+00:00
80439,Evergreen,CO,Garage Door - Nationwide up to $80,,31.00,2026-09-22T14:01:12.672016+00:00
80453,Idledale,CO,Garage Door - Nationwide up to $80,,31.00,2026-09-22T14:01:12.672016+00:00
80454,Indian Hills,CO,Garage Door - Nationwide up to $80,,31.00,2026-09-22T14:01:12.672016+00:00
80455,Jamestown,CO,Garage Door - Nationwide up to $80,,31.00,2026-09-22T14:01:12.672016+00:00
80457,Kittredge,CO,Garage Door - Nationwide up to $80,,31.00,2026-09-22T14:01:12.672016+00:00
80465,Morrison,CO,Garage Door - Nationwide up to $80,,31.00,2026-09-22T14:01:12.672016+00:00
80466,Nederland,CO,Garage Door - Nationwide up to $80,,31.00,2026-09-22T14:01:12.672016+00:00
80470,Pine,CO,Garage Door - Nationwide up to $80,,31.00,2026-09-22T14:01:12.672016+00:00
80471,Pinecliffe,CO,Garage Door - Nationwide up to $80,,31.00,2026-09-22T14:01:12.672016+00:00
80481,Ward,CO,Garage Door - Nationwide up to $80,,31.00,2026-09-22T14:01:12.672016+00:00
80501,Longmont,CO,Garage Door - Nationwide up to $80,,31.00,2026-09-22T14:01:12.672016+00:00
80503,Longmont,CO,Garage Door - Nationwide up to $80,,31.00,2026-09-22T14:01:12.672016+00:00
80504,Longmont,CO,Garage Door - Nationwide up to $80,,31.00,2026-09-22T14:01:12.672016+00:00
80512,Bellvue,CO,Garage Door - Nationwide up to $80,,31.00,2026-09-22T14:01:12.672016+00:00
80513,Berthoud,CO,Garage Door - Nationwide up to $80,,31.00,2026-09-22T14:01:12.672016+00:00
80514,Dacono,CO,Garage Door - Nationwide up to $80,,31.00,2026-09-22T14:01:12.672016+00:00
80515,Drake,CO,Garage Door - Nationwide up to $80,,31.00,2026-09-22T14:01:12.672016+00:00
80516,Erie,CO,Garage Door - Nationwide up to $80,,31.00,2026-09-22T14:01:12.672016+00:00
80517,Estes Park,CO,Garage Door - Nationwide up to $80,,31.00,2026-09-22T14:01:12.672016+00:00
80520,Firestone,CO,Garage Door - Nationwide up to $80,,31.00,2026-09-22T14:01:12.672016+00:00
80521,Fort Collins,CO,Garage Door - Nationwide up to $80,,31.00,2026-09-22T14:01:12.672016+00:00
80523,,,Garage Door - Nationwide up to $80,,31.00,2026-09-22T14:01:12.672016+00:00
80524,Fort Collins,CO,Garage Door - Nationwide up to $80,,31.00,2026-09-22T14:01:12.672016+00:00
80525,Fort Collins,CO,Garage Door - Nationwide up to $80,,31.00,2026-09-22T14:01:12.672016+00:00
80526,Fort Collins,CO,Garage Door - Nationwide up to $80,,31.00,2026-09-22T14:01:12.672016+00:00
80528,Fort Collins,CO,Garage Door - Nationwide up to $80,,31.00,2026-09-22T14:01:12.672016+00:00
80530,Frederick,CO,Garage Door - Nationwide up to $80,,31.00,2026-09-22T14:01:12.672016+00:00
80534,Johnstown,CO,Garage Door - Nationwide up to $80,,31.00,2026-09-22T14:01:12.672016+00:00
80535,Laporte,CO,Garage Door - Nationwide up to $80,,31.00,2026-09-22T14:01:12.672016+00:00
80536,Livermore,CO,Garage Door - Nationwide up to $80,,31.00,2026-09-22T14:01:12.672016+00:00
80537,Loveland,CO,Garage Door - Nationwide up to $80,,31.00,2026-09-22T14:01:12.672016+00:00
80538,Loveland,CO,Garage Door - Nationwide up to $80,,31.00,2026-09-22T14:01:12.672016+00:00
80540,Lyons,CO,Garage Door - Nationwide up to $80,,31.00,2026-09-22T14:01:12.672016+00:00
80542,Mead,CO,Garage Door - Nationwide up to $80,,31.00,2026-09-22T14:01:12.672016+00:00
80543,Milliken,CO,Garage Door - Nationwide up to $80,,31.00,2026-09-22T14:01:12.672016+00:00
80545,Red Feather Lakes,CO,Garage Door - Nationwide up to $80,,31.00,2026-09-22T14:01:12.672016+00:00
80546,Severance,CO,Garage Door - Nationwide up to $80,,31.00,2026-09-22T14:01:12.672016+00:00
80547,Timnath,CO,Garage Door - Nationwide up to $80,,31.00,2026-09-22T14:01:12.672016+00:00
80549,Wellington,CO,Garage Door - Nationwide up to $80,,31.00,2026-09-22T14:01:12.672016+00:00
80550,Windsor,CO,Garage Door - Nationwide up to $80,,31.00,2026-09-22T14:01:12.672016+00:00
80601,Brighton,CO,Garage Door - Nationwide up to $80,,31.00,2026-09-22T14:01:12.672016+00:00
80602,Brighton,CO,Garage Door - Nationwide up to $80,,31.00,2026-09-22T14:01:12.672016+00:00
80603,Brighton,CO,Garage Door - Nationwide up to $80,,31.00,2026-09-22T14:01:12.672016+00:00
80610,Ault,CO,Garage Door - Nationwide up to $80,,31.00,2026-09-22T14:01:12.672016+00:00
80612,Carr,CO,Garage Door - Nationwide up to $80,,31.00,2026-09-22T14:01:12.672016+00:00
80615,Eaton,CO,Garage Door - Nationwide up to $80,,31.00,2026-09-22T14:01:12.672016+00:00
80620,Evans,CO,Garage Door - Nationwide up to $80,,31.00,2026-09-22T14:01:12.672016+00:00
80621,Fort Lupton,CO,Garage Door - Nationwide up to $80,,31.00,2026-09-22T14:01:12.672016+00:00
80622,Galeton,CO,Garage Door - Nationwide up to $80,,31.00,2026-09-22T14:01:12.672016+00:00
80624,Gill,CO,Garage Door - Nationwide up to $80,,31.00,2026-09-22T14:01:12.672016+00:00
80631,Greeley,CO,Garage Door - Nationwide up to $80,,31.00,2026-09-22T14:01:12.672016+00:00
80634,Greeley,CO,Garage Door - Nationwide up to $80,,31.00,2026-09-22T14:01:12.672016+00:00
80639,,,Garage Door - Nationwide up to $80,,31.00,2026-09-22T14:01:12.672016+00:00
80640,Henderson,CO,Garage Door - Nationwide up to $80,,31.00,2026-09-22T14:01:12.672016+00:00
80642,Hudson,CO,Garage Door - Nationwide up to $80,,31.00,2026-09-22T14:01:12.672016+00:00
80643,Keenesburg,CO,Garage Door - Nationwide up to $80,,31.00,2026-09-22T14:01:12.672016+00:00
80644,Kersey,CO,Garage Door - Nationwide up to $80,,31.00,2026-09-22T14:01:12.672016+00:00
80645,La Salle,CO,Garage Door - Nationwide up to $80,,31.00,2026-09-22T14:01:12.672016+00:00
80648,Nunn,CO,Garage Door - Nationwide up to $80,,31.00,2026-09-22T14:01:12.672016+00:00
80650,Pierce,CO,Garage Door - Nationwide up to $80,,31.00,2026-09-22T14:01:12.672016+00:00
80651,Platteville,CO,Garage Door - Nationwide up to $80,,31.00,2026-09-22T14:01:12.672016+00:00
80808,Calhan,CO,Garage Door - Nationwide up to $80,,35.00,2026-09-22T14:01:12.672016+00:00
80809,Cascade,CO,Garage Door - Nationwide up to $80,,35.00,2026-09-22T14:01:12.672016+00:00
80817,Fountain,CO,Garage Door - Nationwide up to $80,,35.00,2026-09-22T14:01:12.672016+00:00
80819,Green Mountain Falls,CO,Garage Door - Nationwide up to $80,,35.00,2026-09-22T14:01:12.672016+00:00
80829,Manitou Springs,CO,Garage Door - Nationwide up to $80,,35.00,2026-09-22T14:01:12.672016+00:00
80831,Peyton,CO,Garage Door - Nationwide up to $80,,35.00,2026-09-22T14:01:12.672016+00:00
80840,Usaf Academy,CO,Garage Door - Nationwide up to $80,,35.00,2026-09-22T14:01:12.672016+00:00
80903,Colorado Springs,CO,Garage Door - Nationwide up to $80,,35.00,2026-09-22T14:01:12.672016+00:00
80904,Colorado Springs,CO,Garage Door - Nationwide up to $80,,35.00,2026-09-22T14:01:12.672016+00:00
80905,Colorado Springs,CO,Garage Door - Nationwide up to $80,,35.00,2026-09-22T14:01:12.672016+00:00
80906,Colorado Springs,CO,Garage Door - Nationwide up to $80,,35.00,2026-09-22T14:01:12.672016+00:00
80907,Colorado Springs,CO,Garage Door - Nationwide up to $80,,35.00,2026-09-22T14:01:12.672016+00:00
80908,Colorado Springs,CO,Garage Door - Nationwide up to $80,,35.00,2026-09-22T14:01:12.672016+00:00
80909,Colorado Springs,CO,Garage Door - Nationwide up to $80,,35.00,2026-09-22T14:01:12.672016+00:00
80910,Colorado Springs,CO,Garage Door - Nationwide up to $80,,35.00,2026-09-22T14:01:12.672016+00:00
80911,Colorado Springs,CO,Garage Door - Nationwide up to $80,,35.00,2026-09-22T14:01:12.672016+00:00
80914,Colorado Springs,CO,Garage Door - Nationwide up to $80,,35.00,2026-09-22T14:01:12.672016+00:00
80915,Colorado Springs,CO,Garage Door - Nationwide up to $80,,35.00,2026-09-22T14:01:12.672016+00:00
80916,Colorado Springs,CO,Garage Door - Nationwide up to $80,,35.00,2026-09-22T14:01:12.672016+00:00
80917,Colorado Springs,CO,Garage Door - Nationwide up to $80,,35.00,2026-09-22T14:01:12.672016+00:00
80918,Colorado Springs,CO,Garage Door - Nationwide up to $80,,35.00,2026-09-22T14:01:12.672016+00:00
80919,Colorado Springs,CO,Garage Door - Nationwide up to $80,,35.00,2026-09-22T14:01:12.672016+00:00
80920,Colorado Springs,CO,Garage Door - Nationwide up to $80,,35.00,2026-09-22T14:01:12.672016+00:00
80921,Colorado Springs,CO,Garage Door - Nationwide up to $80,,35.00,2026-09-22T14:01:12.672016+00:00
80922,Colorado Springs,CO,Garage Door - Nationwide up to $80,,35.00,2026-09-22T14:01:12.672016+00:00
80923,Colorado Springs,CO,Garage Door - Nationwide up to $80,,35.00,2026-09-22T14:01:12.672016+00:00
80924,Colorado Springs,CO,Garage Door - Nationwide up to $80,,35.00,2026-09-22T14:01:12.672016+00:00
80925,Colorado Springs,CO,Garage Door - Nationwide up to $80,,35.00,2026-09-22T14:01:12.672016+00:00
80927,Colorado Springs,CO,Garage Door - Nationwide up to $80,,35.00,2026-09-22T14:01:12.672016+00:00
80929,Colorado Springs,CO,Garage Door - Nationwide up to $80,,35.00,2026-09-22T14:01:12.672016+00:00
80938,Colorado Springs,CO,Garage Door - Nationwide up to $80,,35.00,2026-09-22T14:01:12.672016+00:00
80939,Colorado Springs,CO,Garage Door - Nationwide up to $80,,35.00,2026-09-22T14:01:12.672016+00:00
80946,,,Garage Door - Nationwide up to $80,,35.00,2026-09-22T14:01:12.672016+00:00
80951,Colorado Springs,CO,Garage Door - Nationwide up to $80,,35.00,2026-09-22T14:01:12.672016+00:00
85003,Phoenix,AZ,Garage Door - Nationwide up to $80,,32.50,2026-09-22T14:01:12.672016+00:00
85004,Phoenix,AZ,Garage Door - Nationwide up to $80,,32.50,2026-09-22T14:01:12.672016+00:00
85006,Phoenix,AZ,Garage Door - Nationwide up to $80,,32.50,2026-09-22T14:01:12.672016+00:00
85007,Phoenix,AZ,Garage Door - Nationwide up to $80,,32.50,2026-09-22T14:01:12.672016+00:00
85008,Phoenix,AZ,Garage Door - Nationwide up to $80,,32.50,2026-09-22T14:01:12.672016+00:00
85009,Phoenix,AZ,Garage Door - Nationwide up to $80,,32.50,2026-09-22T14:01:12.672016+00:00
85012,Phoenix,AZ,Garage Door - Nationwide up to $80,,32.50,2026-09-22T14:01:12.672016+00:00
85013,Phoenix,AZ,Garage Door - Nationwide up to $80,,32.50,2026-09-22T14:01:12.672016+00:00
85014,Phoenix,AZ,Garage Door - Nationwide up to $80,,32.50,2026-09-22T14:01:12.672016+00:00
85015,Phoenix,AZ,Garage Door - Nationwide up to $80,,32.50,2026-09-22T14:01:12.672016+00:00
85016,Phoenix,AZ,Garage Door - Nationwide up to $80,,32.50,2026-09-22T14:01:12.672016+00:00
85017,Phoenix,AZ,Garage Door - Nationwide up to $80,,32.50,2026-09-22T14:01:12.672016+00:00
85018,Phoenix,AZ,Garage Door - Nationwide up to $80,,32.50,2026-09-22T14:01:12.672016+00:00
85019,Phoenix,AZ,Garage Door - Nationwide up to $80,,32.50,2026-09-22T14:01:12.672016+00:00
85020,Phoenix,AZ,Garage Door - Nationwide up to $80,,32.50,2026-09-22T14:01:12.672016+00:00
85021,Phoenix,AZ,Garage Door - Nationwide up to $80,,32.50,2026-09-22T14:01:12.672016+00:00
85022,Phoenix,AZ,Garage Door - Nationwide up to $80,,32.50,2026-09-22T14:01:12.672016+00:00
85023,Phoenix,AZ,Garage Door - Nationwide up to $80,,32.50,2026-09-22T14:01:12.672016+00:00
85024,Phoenix,AZ,Garage Door - Nationwide up to $80,,32.50,2026-09-22T14:01:12.672016+00:00
85027,Phoenix,AZ,Garage Door - Nationwide up to $80,,32.50,2026-09-22T14:01:12.672016+00:00
85028,Phoenix,AZ,Garage Door - Nationwide up to $80,,32.50,2026-09-22T14:01:12.672016+00:00
85029,Phoenix,AZ,Garage Door - Nationwide up to $80,,32.50,2026-09-22T14:01:12.672016+00:00
85031,Phoenix,AZ,Garage Door - Nationwide up to $80,,32.50,2026-09-22T14:01:12.672016+00:00
85032,Phoenix,AZ,Garage Door - Nationwide up to $80,,32.50,2026-09-22T14:01:12.672016+00:00
85033,Phoenix,AZ,Garage Door - Nationwide up to $80,,32.50,2026-09-22T14:01:12.672016+00:00
85034,Phoenix,AZ,Garage Door - Nationwide up to $80,,32.50,2026-09-22T14:01:12.672016+00:00
85035,Phoenix,AZ,Garage Door - Nationwide up to $80,,32.50,2026-09-22T14:01:12.672016+00:00
85037,Phoenix,AZ,Garage Door - Nationwide up to $80,,32.50,2026-09-22T14:01:12.672016+00:00
85040,Phoenix,AZ,Garage Door - Nationwide up to $80,,32.50,2026-09-22T14:01:12.672016+00:00
85041,Phoenix,AZ,Garage Door - Nationwide up to $80,,32.50,2026-09-22T14:01:12.672016+00:00
85042,Phoenix,AZ,Garage Door - Nationwide up to $80,,32.50,2026-09-22T14:01:12.672016+00:00
85043,Phoenix,AZ,Garage Door - Nationwide up to $80,,32.50,2026-09-22T14:01:12.672016+00:00
85044,Phoenix,AZ,Garage Door - Nationwide up to $80,,32.50,2026-09-22T14:01:12.672016+00:00
85045,Phoenix,AZ,Garage Door - Nationwide up to $80,,32.50,2026-09-22T14:01:12.672016+00:00
85048,Phoenix,AZ,Garage Door - Nationwide up to $80,,32.50,2026-09-22T14:01:12.672016+00:00
85050,Phoenix,AZ,Garage Door - Nationwide up to $80,,32.50,2026-09-22T14:01:12.672016+00:00
85051,Phoenix,AZ,Garage Door - Nationwide up to $80,,32.50,2026-09-22T14:01:12.672016+00:00
85053,Phoenix,AZ,Garage Door - Nationwide up to $80,,32.50,2026-09-22T14:01:12.672016+00:00
85054,Phoenix,AZ,Garage Door - Nationwide up to $80,,32.50,2026-09-22T14:01:12.672016+00:00
85083,Phoenix,AZ,Garage Door - Nationwide up to $80,,32.50,2026-09-22T14:01:12.672016+00:00
85085,Phoenix,AZ,Garage Door - Nationwide up to $80,,32.50,2026-09-22T14:01:12.672016+00:00
85086,Phoenix,AZ,Garage Door - Nationwide up to $80,,32.50,2026-09-22T14:01:12.672016+00:00
85142,Queen Creek,AZ,Garage Door - Nationwide up to $80,,32.50,2026-09-22T14:01:12.672016+00:00
85201,Mesa,AZ,Garage Door - Nationwide up to $80,,32.50,2026-09-22T14:01:12.672016+00:00
85202,Mesa,AZ,Garage Door - Nationwide up to $80,,32.50,2026-09-22T14:01:12.672016+00:00
85203,Mesa,AZ,Garage Door - Nationwide up to $80,,32.50,2026-09-22T14:01:12.672016+00:00
85204,Mesa,AZ,Garage Door - Nationwide up to $80,,32.50,2026-09-22T14:01:12.672016+00:00
85205,Mesa,AZ,Garage Door - Nationwide up to $80,,32.50,2026-09-22T14:01:12.672016+00:00
85206,Mesa,AZ,Garage Door - Nationwide up to $80,,32.50,2026-09-22T14:01:12.672016+00:00
85207,Mesa,AZ,Garage Door - Nationwide up to $80,,32.50,2026-09-22T14:01:12.672016+00:00
85208,Mesa,AZ,Garage Door - Nationwide up to $80,,32.50,2026-09-22T14:01:12.672016+00:00
85209,Mesa,AZ,Garage Door - Nationwide up to $80,,32.50,2026-09-22T14:01:12.672016+00:00
85210,Mesa,AZ,Garage Door - Nationwide up to $80,,32.50,2026-09-22T14:01:12.672016+00:00
85212,Mesa,AZ,Garage Door - Nationwide up to $80,,32.50,2026-09-22T14:01:12.672016+00:00
85213,Mesa,AZ,Garage Door - Nationwide up to $80,,32.50,2026-09-22T14:01:12.672016+00:00
85215,Mesa,AZ,Garage Door - Nationwide up to $80,,32.50,2026-09-22T14:01:12.672016+00:00
85224,Chandler,AZ,Garage Door - Nationwide up to $80,,32.50,2026-09-22T14:01:12.672016+00:00
85225,Chandler,AZ,Garage Door - Nationwide up to $80,,32.50,2026-09-22T14:01:12.672016+00:00
85226,Chandler,AZ,Garage Door - Nationwide up to $80,,32.50,2026-09-22T14:01:12.672016+00:00
85233,Gilbert,AZ,Garage Door - Nationwide up to $80,,32.50,2026-09-22T14:01:12.672016+00:00
85234,Gilbert,AZ,Garage Door - Nationwide up to $80,,32.50,2026-09-22T14:01:12.672016+00:00
85248,Chandler,AZ,Garage Door - Nationwide up to $80,,32.50,2026-09-22T14:01:12.672016+00:00
85249,Chandler,AZ,Garage Door - Nationwide up to $80,,32.50,2026-09-22T14:01:12.672016+00:00
85250,Scottsdale,AZ,Garage Door - Nationwide up to $80,,32.50,2026-09-22T14:01:12.672016+00:00
85251,Scottsdale,AZ,Garage Door - Nationwide up to $80,,32.50,2026-09-22T14:01:12.672016+00:00
85253,Paradise Valley,AZ,Garage Door - Nationwide up to $80,,32.50,2026-09-22T14:01:12.672016+00:00
85254,Scottsdale,AZ,Garage Door - Nationwide up to $80,,32.50,2026-09-22T14:01:12.672016+00:00
85255,Scottsdale,AZ,Garage Door - Nationwide up to $80,,32.50,2026-09-22T14:01:12.672016+00:00
85256,Scottsdale,AZ,Garage Door - Nationwide up to $80,,32.50,2026-09-22T14:01:12.672016+00:00
85257,Scottsdale,AZ,Garage Door - Nationwide up to $80,,32.50,2026-09-22T14:01:12.672016+00:00
85258,Scottsdale,AZ,Garage Door - Nationwide up to $80,,32.50,2026-09-22T14:01:12.672016+00:00
85259,Scottsdale,AZ,Garage Door - Nationwide up to $80,,32.50,2026-09-22T14:01:12.672016+00:00
85260,Scottsdale,AZ,Garage Door - Nationwide up to $80,,32.50,2026-09-22T14:01:12.672016+00:00
85266,Scottsdale,AZ,Garage Door - Nationwide up to $80,,32.50,2026-09-22T14:01:12.672016+00:00
85268,Fountain Hills,AZ,Garage Door - Nationwide up to $80,,32.50,2026-09-22T14:01:12.672016+00:00
85281,Tempe,AZ,Garage Door - Nationwide up to $80,,32.50,2026-09-22T14:01:12.672016+00:00
85282,Tempe,AZ,Garage Door - Nationwide up to $80,,32.50,2026-09-22T14:01:12.672016+00:00
85283,Tempe,AZ,Garage Door - Nationwide up to $80,,32.50,2026-09-22T14:01:12.672016+00:00
85284,Tempe,AZ,Garage Door - Nationwide up to $80,,32.50,2026-09-22T14:01:12.672016+00:00
85286,Chandler,AZ,Garage Door - Nationwide up to $80,,32.50,2026-09-22T14:01:12.672016+00:00
85287,,,Garage Door - Nationwide up to $80,,32.50,2026-09-22T14:01:12.672016+00:00
85295,Gilbert,AZ,Garage Door - Nationwide up to $80,,32.50,2026-09-22T14:01:12.672016+00:00
85296,Gilbert,AZ,Garage Door - Nationwide up to $80,,32.50,2026-09-22T14:01:12.672016+00:00
85297,Gilbert,AZ,Garage Door - Nationwide up to $80,,32.50,2026-09-22T14:01:12.672016+00:00
85298,Gilbert,AZ,Garage Door - Nationwide up to $80,,32.50,2026-09-22T14:01:12.672016+00:00
85301,Glendale,AZ,Garage Door - Nationwide up to $80,,32.50,2026-09-22T14:01:12.672016+00:00
85302,Glendale,AZ,Garage Door - Nationwide up to $80,,32.50,2026-09-22T14:01:12.672016+00:00
85303,Glendale,AZ,Garage Door - Nationwide up to $80,,32.50,2026-09-22T14:01:12.672016+00:00
85304,Glendale,AZ,Garage Door - Nationwide up to $80,,32.50,2026-09-22T14:01:12.672016+00:00
85305,Glendale,AZ,Garage Door - Nationwide up to $80,,32.50,2026-09-22T14:01:12.672016+00:00
85306,Glendale,AZ,Garage Door - Nationwide up to $80,,32.50,2026-09-22T14:01:12.672016+00:00
85307,Glendale,AZ,Garage Door - Nationwide up to $80,,32.50,2026-09-22T14:01:12.672016+00:00
85308,Glendale,AZ,Garage Door - Nationwide up to $80,,32.50,2026-09-22T14:01:12.672016+00:00
85309,Luke Air Force Base,AZ,Garage Door - Nationwide up to $80,,32.50,2026-09-22T14:01:12.672016+00:00
85310,Glendale,AZ,Garage Door - Nationwide up to $80,,32.50,2026-09-22T14:01:12.672016+00:00
85323,Avondale,AZ,Garage Door - Nationwide up to $80,,32.50,2026-09-22T14:01:12.672016+00:00
85331,Cave Creek,AZ,Garage Door - Nationwide up to $80,,32.50,2026-09-22T14:01:12.672016+00:00
85335,El Mirage,AZ,Garage Door - Nationwide up to $80,,32.50,2026-09-22T14:01:12.672016+00:00
85338,Goodyear,AZ,Garage Door - Nationwide up to $80,,32.50,2026-09-22T14:01:12.672016+00:00
85339,Laveen,AZ,Garage Door - Nationwide up to $80,,32.50,2026-09-22T14:01:12.672016+00:00
85340,Litchfield Park,AZ,Garage Door - Nationwide up to $80,,32.50,2026-09-22T14:01:12.672016+00:00
85345,Peoria,AZ,Garage Door - Nationwide up to $80,,32.50,2026-09-22T14:01:12.672016+00:00
85351,Sun City,AZ,Garage Door - Nationwide up to $80,,32.50,2026-09-22T14:01:12.672016+00:00
85353,Tolleson,AZ,Garage Door - Nationwide up to $80,,32.50,2026-09-22T14:01:12.672016+00:00
85355,Waddell,AZ,Garage Door - Nationwide up to $80,,32.50,2026-09-22T14:01:12.672016+00:00
85363,Youngtown,AZ,Garage Door - Nationwide up to $80,,32.50,2026-09-22T14:01:12.672016+00:00
85373,Sun City,AZ,Garage Door - Nationwide up to $80,,32.50,2026-09-22T14:01:12.672016+00:00
85374,Surprise,AZ,Garage Door - Nationwide up to $80,,32.50,2026-09-22T14:01:12.672016+00:00
85377,Carefree,AZ,Garage Door - Nationwide up to $80,,32.50,2026-09-22T14:01:12.672016+00:00
85378,Surprise,AZ,Garage Door - Nationwide up to $80,,32.50,2026-09-22T14:01:12.672016+00:00
85379,Surprise,AZ,Garage Door - Nationwide up to $80,,32.50,2026-09-22T14:01:12.672016+00:00
85381,Peoria,AZ,Garage Door - Nationwide up to $80,,32.50,2026-09-22T14:01:12.672016+00:00
85382,Peoria,AZ,Garage Door - Nationwide up to $80,,32.50,2026-09-22T14:01:12.672016+00:00
85383,Peoria,AZ,Garage Door - Nationwide up to $80,,32.50,2026-09-22T14:01:12.672016+00:00
85388,Surprise,AZ,Garage Door - Nationwide up to $80,,32.50,2026-09-22T14:01:12.672016+00:00
85392,Avondale,AZ,Garage Door - Nationwide up to $80,,32.50,2026-09-22T14:01:12.672016+00:00
85395,Goodyear,AZ,Garage Door - Nationwide up to $80,,32.50,2026-09-22T14:01:12.672016+00:00
91910,Chula Vista,CA,Garage Door - Nationwide up to $80,,86.00,2026-09-22T14:01:12.672016+00:00
91913,Chula Vista,CA,Garage Door - Nationwide up to $80,,86.00,2026-09-22T14:01:12.672016+00:00
91915,Chula Vista,CA,Garage Door - Nationwide up to $80,,86.00,2026-09-22T14:01:12.672016+00:00
92008,Carlsbad,CA,Garage Door - Nationwide up to $80,,86.00,2026-09-22T14:01:12.672016+00:00
92009,Carlsbad,CA,Garage Door - Nationwide up to $80,,86.00,2026-09-22T14:01:12.672016+00:00
92014,Del Mar,CA,Garage Door - Nationwide up to $80,,86.00,2026-09-22T14:01:12.672016+00:00
92024,Encinitas,CA,Garage Door - Nationwide up to $80,,86.00,2026-09-22T14:01:12.672016+00:00
92026,Escondido,CA,Garage Door - Nationwide up to $80,,86.00,2026-09-22T14:01:12.672016+00:00
92037,La Jolla,CA,Garage Door - Nationwide up to $80,,86.00,2026-09-22T14:01:12.672016+00:00
92056,Oceanside,CA,Garage Door - Nationwide up to $80,,86.00,2026-09-22T14:01:12.672016+00:00
92071,Santee,CA,Garage Door - Nationwide up to $80,,86.00,2026-09-22T14:01:12.672016+00:00
92075,Solana Beach,CA,Garage Door - Nationwide up to $80,,86.00,2026-09-22T14:01:12.672016+00:00
92078,San Marcos,CA,Garage Door - Nationwide up to $80,,86.00,2026-09-22T14:01:12.672016+00:00
92084,Vista,CA,Garage Door - Nationwide up to $80,,86.00,2026-09-22T14:01:12.672016+00:00
92091,Rancho Santa Fe,CA,Garage Door - Nationwide up to $80,,86.00,2026-09-22T14:01:12.672016+00:00
92101,San Diego,CA,Garage Door - Nationwide up to $80,,86.00,2026-09-22T14:01:12.672016+00:00
92103,San Diego,CA,Garage Door - Nationwide up to $80,,86.00,2026-09-22T14:01:12.672016+00:00
92107,San Diego,CA,Garage Door - Nationwide up to $80,,86.00,2026-09-22T14:01:12.672016+00:00
92109,San Diego,CA,Garage Door - Nationwide up to $80,,86.00,2026-09-22T14:01:12.672016+00:00
92110,San Diego,CA,Garage Door - Nationwide up to $80,,86.00,2026-09-22T14:01:12.672016+00:00
92111,San Diego,CA,Garage Door - Nationwide up to $80,,86.00,2026-09-22T14:01:12.672016+00:00
92114,San Diego,CA,Garage Door - Nationwide up to $80,,86.00,2026-09-22T14:01:12.672016+00:00
92115,San Diego,CA,Garage Door - Nationwide up to $80,,86.00,2026-09-22T14:01:12.672016+00:00
92117,San Diego,CA,Garage Door - Nationwide up to $80,,86.00,2026-09-22T14:01:12.672016+00:00
92118,Coronado,CA,Garage Door - Nationwide up to $80,,86.00,2026-09-22T14:01:12.672016+00:00
92122,San Diego,CA,Garage Door - Nationwide up to $80,,86.00,2026-09-22T14:01:12.672016+00:00
92127,San Diego,CA,Garage Door - Nationwide up to $80,,86.00,2026-09-22T14:01:12.672016+00:00
92128,San Diego,CA,Garage Door - Nationwide up to $80,,86.00,2026-09-22T14:01:12.672016+00:00
92129,San Diego,CA,Garage Door - Nationwide up to $80,,86.00,2026-09-22T14:01:12.672016+00:00
92130,San Diego,CA,Garage Door - Nationwide up to $80,,86.00,2026-09-22T14:01:12.672016+00:00
92131,San Diego,CA,Garage Door - Nationwide up to $80,,86.00,2026-09-22T14:01:12.672016+00:00
92154,San Diego,CA,Garage Door - Nationwide up to $80,,86.00,2026-09-22T14:01:12.672016+00:00
92201,Indio,CA,Garage Door - Nationwide up to $80,,78.00,2026-09-22T14:01:12.672016+00:00
92203,Indio,CA,Garage Door - Nationwide up to $80,,78.00,2026-09-22T14:01:12.672016+00:00
92210,Indian Wells,CA,Garage Door - Nationwide up to $80,,78.00,2026-09-22T14:01:12.672016+00:00
92211,Palm Desert,CA,Garage Door - Nationwide up to $80,,78.00,2026-09-22T14:01:12.672016+00:00
92253,La Quinta,CA,Garage Door - Nationwide up to $80,,78.00,2026-09-22T14:01:12.672016+00:00
92260,Palm Desert,CA,Garage Door - Nationwide up to $80,,78.00,2026-09-22T14:01:12.672016+00:00
92270,Rancho Mirage,CA,Garage Door - Nationwide up to $80,,78.00,2026-09-22T14:01:12.672016+00:00
92501,Riverside,CA,Garage Door - Nationwide up to $80,,78.00,2026-09-22T14:01:12.672016+00:00
92503,Riverside,CA,Garage Door - Nationwide up to $80,,78.00,2026-09-22T14:01:12.672016+00:00
92562,Murrieta,CA,Garage Door - Nationwide up to $80,,78.00,2026-09-22T14:01:12.672016+00:00
92563,Murrieta,CA,Garage Door - Nationwide up to $80,,78.00,2026-09-22T14:01:12.672016+00:00
92590,Temecula,CA,Garage Door - Nationwide up to $80,,78.00,2026-09-22T14:01:12.672016+00:00
92591,Temecula,CA,Garage Door - Nationwide up to $80,,78.00,2026-09-22T14:01:12.672016+00:00
92592,Temecula,CA,Garage Door - Nationwide up to $80,,78.00,2026-09-22T14:01:12.672016+00:00
92603,Irvine,CA,Garage Door - Nationwide up to $80,,86.00,2026-09-22T14:01:12.672016+00:00
92651,Laguna Beach,CA,Garage Door - Nationwide up to $80,,86.00,2026-09-22T14:01:12.672016+00:00
92660,Newport Beach,CA,Garage Door - Nationwide up to $80,,86.00,2026-09-22T14:01:12.672016+00:00
92679,Trabuco Canyon,CA,Garage Door - Nationwide up to $80,,86.00,2026-09-22T14:01:12.672016+00:00
92692,Mission Viejo,CA,Garage Door - Nationwide up to $80,,86.00,2026-09-22T14:01:12.672016+00:00
92694,Ladera Ranch,CA,Garage Door - Nationwide up to $80,,86.00,2026-09-22T14:01:12.672016+00:00
97003,Beaverton,OR,Garage Door - Nationwide up to $80,,36.50,2026-09-22T14:01:12.672016+00:00
97005,Beaverton,OR,Garage Door - Nationwide up to $80,,36.50,2026-09-22T14:01:12.672016+00:00
97006,Beaverton,OR,Garage Door - Nationwide up to $80,,36.50,2026-09-22T14:01:12.672016+00:00
97007,Beaverton,OR,Garage Door - Nationwide up to $80,,36.50,2026-09-22T14:01:12.672016+00:00
97008,Beaverton,OR,Garage Door - Nationwide up to $80,,36.50,2026-09-22T14:01:12.672016+00:00
97015,Clackamas,OR,Garage Door - Nationwide up to $80,,36.50,2026-09-22T14:01:12.672016+00:00
97024,Fairview,OR,Garage Door - Nationwide up to $80,,36.50,2026-09-22T14:01:12.672016+00:00
97027,Gladstone,OR,Garage Door - Nationwide up to $80,,36.50,2026-09-22T14:01:12.672016+00:00
97030,Gresham,OR,Garage Door - Nationwide up to $80,,36.50,2026-09-22T14:01:12.672016+00:00
97034,Lake Oswego,OR,Garage Door - Nationwide up to $80,,36.50,2026-09-22T14:01:12.672016+00:00
97035,Lake Oswego,OR,Garage Door - Nationwide up to $80,,36.50,2026-09-22T14:01:12.672016+00:00
97045,Oregon City,OR,Garage Door - Nationwide up to $80,,36.50,2026-09-22T14:01:12.672016+00:00
97060,Troutdale,OR,Garage Door - Nationwide up to $80,,36.50,2026-09-22T14:01:12.672016+00:00
97062,Tualatin,OR,Garage Door - Nationwide up to $80,,36.50,2026-09-22T14:01:12.672016+00:00
97068,West Linn,OR,Garage Door - Nationwide up to $80,,36.50,2026-09-22T14:01:12.672016+00:00
97070,Wilsonville,OR,Garage Door - Nationwide up to $80,,36.50,2026-09-22T14:01:12.672016+00:00
97078,Beaverton,OR,Garage Door - Nationwide up to $80,,36.50,2026-09-22T14:01:12.672016+00:00
97080,Gresham,OR,Garage Door - Nationwide up to $80,,36.50,2026-09-22T14:01:12.672016+00:00
97086,Happy Valley,OR,Garage Door - Nationwide up to $80,,36.50,2026-09-22T14:01:12.672016+00:00
97089,Damascus,OR,Garage Door - Nationwide up to $80,,36.50,2026-09-22T14:01:12.672016+00:00
97123,Hillsboro,OR,Garage Door - Nationwide up to $80,,36.50,2026-09-22T14:01:12.672016+00:00
97124,Hillsboro,OR,Garage Door - Nationwide up to $80,,36.50,2026-09-22T14:01:12.672016+00:00
97132,Newberg,OR,Garage Door - Nationwide up to $80,,36.50,2026-09-22T14:01:12.672016+00:00
97140,Sherwood,OR,Garage Door - Nationwide up to $80,,36.50,2026-09-22T14:01:12.672016+00:00
97201,Portland,OR,Garage Door - Nationwide up to $80,,36.50,2026-09-22T14:01:12.672016+00:00
97202,Portland,OR,Garage Door - Nationwide up to $80,,36.50,2026-09-22T14:01:12.672016+00:00
97203,Portland,OR,Garage Door - Nationwide up to $80,,36.50,2026-09-22T14:01:12.672016+00:00
97204,Portland,OR,Garage Door - Nationwide up to $80,,36.50,2026-09-22T14:01:12.672016+00:00
97205,Portland,OR,Garage Door - Nationwide up to $80,,36.50,2026-09-22T14:01:12.672016+00:00
97206,Portland,OR,Garage Door - Nationwide up to $80,,36.50,2026-09-22T14:01:12.672016+00:00
97208,Portland,OR,Garage Door - Nationwide up to $80,,36.50,2026-09-22T14:01:12.672016+00:00
97209,Portland,OR,Garage Door - Nationwide up to $80,,36.50,2026-09-22T14:01:12.672016+00:00
97210,Portland,OR,Garage Door - Nationwide up to $80,,36.50,2026-09-22T14:01:12.672016+00:00
97211,Portland,OR,Garage Door - Nationwide up to $80,,36.50,2026-09-22T14:01:12.672016+00:00
97212,Portland,OR,Garage Door - Nationwide up to $80,,36.50,2026-09-22T14:01:12.672016+00:00
97213,Portland,OR,Garage Door - Nationwide up to $80,,36.50,2026-09-22T14:01:12.672016+00:00
97214,Portland,OR,Garage Door - Nationwide up to $80,,36.50,2026-09-22T14:01:12.672016+00:00
97215,Portland,OR,Garage Door - Nationwide up to $80,,36.50,2026-09-22T14:01:12.672016+00:00
97216,Portland,OR,Garage Door - Nationwide up to $80,,36.50,2026-09-22T14:01:12.672016+00:00
97217,Portland,OR,Garage Door - Nationwide up to $80,,36.50,2026-09-22T14:01:12.672016+00:00
97218,Portland,OR,Garage Door - Nationwide up to $80,,36.50,2026-09-22T14:01:12.672016+00:00
97219,Portland,OR,Garage Door - Nationwide up to $80,,36.50,2026-09-22T14:01:12.672016+00:00
97220,Portland,OR,Garage Door - Nationwide up to $80,,36.50,2026-09-22T14:01:12.672016+00:00
97221,Portland,OR,Garage Door - Nationwide up to $80,,36.50,2026-09-22T14:01:12.672016+00:00
97222,Portland,OR,Garage Door - Nationwide up to $80,,36.50,2026-09-22T14:01:12.672016+00:00
97223,Portland,OR,Garage Door - Nationwide up to $80,,36.50,2026-09-22T14:01:12.672016+00:00
97224,Portland,OR,Garage Door - Nationwide up to $80,,36.50,2026-09-22T14:01:12.672016+00:00
97225,Portland,OR,Garage Door - Nationwide up to $80,,36.50,2026-09-22T14:01:12.672016+00:00
97227,Portland,OR,Garage Door - Nationwide up to $80,,36.50,2026-09-22T14:01:12.672016+00:00
97229,Portland,OR,Garage Door - Nationwide up to $80,,36.50,2026-09-22T14:01:12.672016+00:00
97230,Portland,OR,Garage Door - Nationwide up to $80,,36.50,2026-09-22T14:01:12.672016+00:00
97232,Portland,OR,Garage Door - Nationwide up to $80,,36.50,2026-09-22T14:01:12.672016+00:00
97233,Portland,OR,Garage Door - Nationwide up to $80,,36.50,2026-09-22T14:01:12.672016+00:00
97236,Portland,OR,Garage Door - Nationwide up to $80,,36.50,2026-09-22T14:01:12.672016+00:00
97239,Portland,OR,Garage Door - Nationwide up to $80,,36.50,2026-09-22T14:01:12.672016+00:00
97258,,,Garage Door - Nationwide up to $80,,36.50,2026-09-22T14:01:12.672016+00:00
97266,Portland,OR,Garage Door - Nationwide up to $80,,36.50,2026-09-22T14:01:12.672016+00:00
97267,Portland,OR,Garage Door - Nationwide up to $80,,36.50,2026-09-22T14:01:12.672016+00:00
98604,Battle Ground,WA,Garage Door - Nationwide up to $80,,36.50,2026-09-22T14:01:12.672016+00:00
98606,Brush Prairie,WA,Garage Door - Nationwide up to $80,,36.50,2026-09-22T14:01:12.672016+00:00
98607,Camas,WA,Garage Door - Nationwide up to $80,,36.50,2026-09-22T14:01:12.672016+00:00
98629,La Center,WA,Garage Door - Nationwide up to $80,,36.50,2026-09-22T14:01:12.672016+00:00
98642,Ridgefield,WA,Garage Door - Nationwide up to $80,,36.50,2026-09-22T14:01:12.672016+00:00
98660,Vancouver,WA,Garage Door - Nationwide up to $80,,36.50,2026-09-22T14:01:12.672016+00:00
98661,Vancouver,WA,Garage Door - Nationwide up to $80,,36.50,2026-09-22T14:01:12.672016+00:00
98662,Vancouver,WA,Garage Door - Nationwide up to $80,,36.50,2026-09-22T14:01:12.672016+00:00
98663,Vancouver,WA,Garage Door - Nationwide up to $80,,36.50,2026-09-22T14:01:12.672016+00:00
98664,Vancouver,WA,Garage Door - Nationwide up to $80,,36.50,2026-09-22T14:01:12.672016+00:00
98665,Vancouver,WA,Garage Door - Nationwide up to $80,,36.50,2026-09-22T14:01:12.672016+00:00
98671,Washougal,WA,Garage Door - Nationwide up to $80,,36.50,2026-09-22T14:01:12.672016+00:00
98675,Yacolt,WA,Garage Door - Nationwide up to $80,,36.50,2026-09-22T14:01:12.672016+00:00
98682,Vancouver,WA,Garage Door - Nationwide up to $80,,36.50,2026-09-22T14:01:12.672016+00:00
98683,Vancouver,WA,Garage Door - Nationwide up to $80,,36.50,2026-09-22T14:01:12.672016+00:00
98684,Vancouver,WA,Garage Door - Nationwide up to $80,,36.50,2026-09-22T14:01:12.672016+00:00
98685,Vancouver,WA,Garage Door - Nationwide up to $80,,36.50,2026-09-22T14:01:12.672016+00:00
98686,Vancouver,WA,Garage Door - Nationwide up to $80,,36.50,2026-09-22T14:01:12.672016+00:00